date,neighborhood,occupancy,booking_count
2015-07-01,westlands,0.766,103
2015-07-01,kilimani,0.582,97
2015-07-01,karen,0.561,103
2015-07-01,lavington,0.98,97
2015-07-01,langata,0.853,84
2015-07-01,gigiri,0.427,103
2015-07-01,parklands,0.452,91
2015-07-01,upperhill,0.381,91
2015-07-01,kileleshwa,0.523,97
2015-07-01,runda,0.501,103
2015-07-01,muthaiga,0.726,103
2015-07-01,south-b,0.414,84
2015-07-01,south-c,0.579,78
2015-07-01,ngong-road,0.416,91
2015-07-01,thika-road,0.442,78
2015-07-02,westlands,0.426,36
2015-07-02,kilimani,0.35,34
2015-07-02,karen,0.378,36
2015-07-02,lavington,0.591,34
2015-07-02,langata,0.461,30
2015-07-02,gigiri,0.313,36
2015-07-02,parklands,0.33,32
2015-07-02,upperhill,0.295,32
2015-07-02,kileleshwa,0.372,34
2015-07-02,runda,0.328,36
2015-07-02,muthaiga,0.426,36
2015-07-02,south-b,0.32,30
2015-07-02,south-c,0.364,27
2015-07-02,ngong-road,0.302,32
2015-07-02,thika-road,0.344,27
2015-07-03,westlands,0.521,37
2015-07-03,kilimani,0.443,35
2015-07-03,karen,0.471,37
2015-07-03,lavington,0.69,35
2015-07-03,langata,0.557,30
2015-07-03,gigiri,0.405,37
2015-07-03,parklands,0.422,33
2015-07-03,upperhill,0.387,33
2015-07-03,kileleshwa,0.464,35
2015-07-03,runda,0.42,37
2015-07-03,muthaiga,0.521,37
2015-07-03,south-b,0.412,30
2015-07-03,south-c,0.457,28
2015-07-03,ngong-road,0.394,33
2015-07-03,thika-road,0.436,28
2015-07-04,westlands,0.562,45
2015-07-04,kilimani,0.471,42
2015-07-04,karen,0.493,45
2015-07-04,lavington,0.765,42
2015-07-04,langata,0.604,37
2015-07-04,gigiri,0.418,45
2015-07-04,parklands,0.436,40
2015-07-04,upperhill,0.397,40
2015-07-04,kileleshwa,0.482,42
2015-07-04,runda,0.441,45
2015-07-04,muthaiga,0.556,45
2015-07-04,south-b,0.423,37
2015-07-04,south-c,0.483,34
2015-07-04,ngong-road,0.408,40
2015-07-04,thika-road,0.447,34
2015-07-05,westlands,0.521,37
2015-07-05,kilimani,0.443,35
2015-07-05,karen,0.471,37
2015-07-05,lavington,0.69,35
2015-07-05,langata,0.557,30
2015-07-05,gigiri,0.405,37
2015-07-05,parklands,0.422,33
2015-07-05,upperhill,0.387,33
2015-07-05,kileleshwa,0.464,35
2015-07-05,runda,0.42,37
2015-07-05,muthaiga,0.521,37
2015-07-05,south-b,0.412,30
2015-07-05,south-c,0.457,28
2015-07-05,ngong-road,0.394,33
2015-07-05,thika-road,0.436,28
2015-07-06,westlands,0.452,41
2015-07-06,kilimani,0.367,39
2015-07-06,karen,0.392,41
2015-07-06,lavington,0.638,39
2015-07-06,langata,0.49,34
2015-07-06,gigiri,0.322,41
2015-07-06,parklands,0.339,36
2015-07-06,upperhill,0.302,36
2015-07-06,kileleshwa,0.383,39
2015-07-06,runda,0.341,41
2015-07-06,muthaiga,0.449,41
2015-07-06,south-b,0.327,34
2015-07-06,south-c,0.38,31
2015-07-06,ngong-road,0.311,36
2015-07-06,thika-road,0.351,31
2015-07-07,westlands,0.391,29
2015-07-07,kilimani,0.326,27
2015-07-07,karen,0.359,29
2015-07-07,lavington,0.525,27
2015-07-07,langata,0.42,24
2015-07-07,gigiri,0.301,29
2015-07-07,parklands,0.317,26
2015-07-07,upperhill,0.286,26
2015-07-07,kileleshwa,0.356,27
2015-07-07,runda,0.309,29
2015-07-07,muthaiga,0.395,29
2015-07-07,south-b,0.311,24
2015-07-07,south-c,0.341,22
2015-07-07,ngong-road,0.29,26
2015-07-07,thika-road,0.334,22
2015-07-08,westlands,0.472,45
2015-07-08,kilimani,0.381,42
2015-07-08,karen,0.403,45
2015-07-08,lavington,0.675,42
2015-07-08,langata,0.514,37
2015-07-08,gigiri,0.328,45
2015-07-08,parklands,0.346,40
2015-07-08,upperhill,0.307,40
2015-07-08,kileleshwa,0.392,42
2015-07-08,runda,0.351,45
2015-07-08,muthaiga,0.466,45
2015-07-08,south-b,0.333,37
2015-07-08,south-c,0.393,34
2015-07-08,ngong-road,0.318,40
2015-07-08,thika-road,0.357,34
2015-07-09,westlands,0.391,29
2015-07-09,kilimani,0.326,27
2015-07-09,karen,0.359,29
2015-07-09,lavington,0.525,27
2015-07-09,langata,0.42,24
2015-07-09,gigiri,0.301,29
2015-07-09,parklands,0.317,26
2015-07-09,upperhill,0.286,26
2015-07-09,kileleshwa,0.356,27
2015-07-09,runda,0.309,29
2015-07-09,muthaiga,0.395,29
2015-07-09,south-b,0.311,24
2015-07-09,south-c,0.341,22
2015-07-09,ngong-road,0.29,26
2015-07-09,thika-road,0.334,22
2015-07-10,westlands,0.547,42
2015-07-10,kilimani,0.461,39
2015-07-10,karen,0.485,42
2015-07-10,lavington,0.737,39
2015-07-10,langata,0.586,34
2015-07-10,gigiri,0.413,42
2015-07-10,parklands,0.431,37
2015-07-10,upperhill,0.393,37
2015-07-10,kileleshwa,0.475,39
2015-07-10,runda,0.433,42
2015-07-10,muthaiga,0.543,42
2015-07-10,south-b,0.419,34
2015-07-10,south-c,0.473,32
2015-07-10,ngong-road,0.403,37
2015-07-10,thika-road,0.443,32
2015-07-11,westlands,0.643,61
2015-07-11,kilimani,0.526,57
2015-07-11,karen,0.536,61
2015-07-11,lavington,0.916,57
2015-07-11,langata,0.698,50
2015-07-11,gigiri,0.446,61
2015-07-11,parklands,0.465,54
2015-07-11,upperhill,0.417,54
2015-07-11,kileleshwa,0.518,57
2015-07-11,runda,0.482,61
2015-07-11,muthaiga,0.628,61
2015-07-11,south-b,0.445,50
2015-07-11,south-c,0.534,46
2015-07-11,ngong-road,0.435,54
2015-07-11,thika-road,0.471,46
2015-07-12,westlands,0.521,37
2015-07-12,kilimani,0.443,35
2015-07-12,karen,0.471,37
2015-07-12,lavington,0.69,35
2015-07-12,langata,0.557,30
2015-07-12,gigiri,0.405,37
2015-07-12,parklands,0.422,33
2015-07-12,upperhill,0.387,33
2015-07-12,kileleshwa,0.464,35
2015-07-12,runda,0.42,37
2015-07-12,muthaiga,0.521,37
2015-07-12,south-b,0.412,30
2015-07-12,south-c,0.457,28
2015-07-12,ngong-road,0.394,33
2015-07-12,thika-road,0.436,28
2015-07-13,westlands,0.442,39
2015-07-13,kilimani,0.36,37
2015-07-13,karen,0.386,39
2015-07-13,lavington,0.619,37
2015-07-13,langata,0.479,32
2015-07-13,gigiri,0.318,39
2015-07-13,parklands,0.335,34
2015-07-13,upperhill,0.299,34
2015-07-13,kileleshwa,0.378,37
2015-07-13,runda,0.335,39
2015-07-13,muthaiga,0.44,39
2015-07-13,south-b,0.324,32
2015-07-13,south-c,0.373,30
2015-07-13,ngong-road,0.307,34
2015-07-13,thika-road,0.349,30
2015-07-14,westlands,0.366,24
2015-07-14,kilimani,0.308,23
2015-07-14,karen,0.346,24
2015-07-14,lavington,0.479,23
2015-07-14,langata,0.391,20
2015-07-14,gigiri,0.293,24
2015-07-14,parklands,0.308,21
2015-07-14,upperhill,0.28,21
2015-07-14,kileleshwa,0.344,23
2015-07-14,runda,0.296,24
2015-07-14,muthaiga,0.373,24
2015-07-14,south-b,0.304,20
2015-07-14,south-c,0.325,18
2015-07-14,ngong-road,0.282,21
2015-07-14,thika-road,0.327,18
2015-07-15,westlands,0.518,54
2015-07-15,kilimani,0.412,51
2015-07-15,karen,0.427,54
2015-07-15,lavington,0.76,51
2015-07-15,langata,0.567,44
2015-07-15,gigiri,0.344,54
2015-07-15,parklands,0.363,48
2015-07-15,upperhill,0.318,48
2015-07-15,kileleshwa,0.412,51
2015-07-15,runda,0.374,54
2015-07-15,muthaiga,0.507,54
2015-07-15,south-b,0.345,44
2015-07-15,south-c,0.422,41
2015-07-15,ngong-road,0.333,48
2015-07-15,thika-road,0.37,41
2015-07-16,westlands,0.452,41
2015-07-16,kilimani,0.367,39
2015-07-16,karen,0.392,41
2015-07-16,lavington,0.638,39
2015-07-16,langata,0.49,34
2015-07-16,gigiri,0.322,41
2015-07-16,parklands,0.339,36
2015-07-16,upperhill,0.302,36
2015-07-16,kileleshwa,0.383,39
2015-07-16,runda,0.341,41
2015-07-16,muthaiga,0.449,41
2015-07-16,south-b,0.327,34
2015-07-16,south-c,0.38,31
2015-07-16,ngong-road,0.311,36
2015-07-16,thika-road,0.351,31
2015-07-17,westlands,0.871,106
2015-07-17,kilimani,0.682,100
2015-07-17,karen,0.659,106
2015-07-17,lavington,0.98,100
2015-07-17,langata,0.961,87
2015-07-17,gigiri,0.522,106
2015-07-17,parklands,0.548,93
2015-07-17,upperhill,0.475,93
2015-07-17,kileleshwa,0.62,100
2015-07-17,runda,0.599,106
2015-07-17,muthaiga,0.829,106
2015-07-17,south-b,0.508,87
2015-07-17,south-c,0.679,81
2015-07-17,ngong-road,0.511,93
2015-07-17,thika-road,0.537,81
2015-07-18,westlands,0.724,77
2015-07-18,kilimani,0.582,72
2015-07-18,karen,0.58,77
2015-07-18,lavington,0.98,72
2015-07-18,langata,0.791,63
2015-07-18,gigiri,0.473,77
2015-07-18,parklands,0.495,68
2015-07-18,upperhill,0.438,68
2015-07-18,kileleshwa,0.554,72
2015-07-18,runda,0.524,77
2015-07-18,muthaiga,0.699,77
2015-07-18,south-b,0.467,63
2015-07-18,south-c,0.586,59
2015-07-18,ngong-road,0.462,68
2015-07-18,thika-road,0.494,59
2015-07-19,westlands,0.516,36
2015-07-19,kilimani,0.44,34
2015-07-19,karen,0.468,36
2015-07-19,lavington,0.681,34
2015-07-19,langata,0.551,30
2015-07-19,gigiri,0.403,36
2015-07-19,parklands,0.42,32
2015-07-19,upperhill,0.385,32
2015-07-19,kileleshwa,0.462,34
2015-07-19,runda,0.418,36
2015-07-19,muthaiga,0.516,36
2015-07-19,south-b,0.41,30
2015-07-19,south-c,0.454,27
2015-07-19,ngong-road,0.392,32
2015-07-19,thika-road,0.434,27
2015-07-20,westlands,0.513,53
2015-07-20,kilimani,0.409,50
2015-07-20,karen,0.425,53
2015-07-20,lavington,0.75,50
2015-07-20,langata,0.561,43
2015-07-20,gigiri,0.342,53
2015-07-20,parklands,0.361,47
2015-07-20,upperhill,0.317,47
2015-07-20,kileleshwa,0.41,50
2015-07-20,runda,0.372,53
2015-07-20,muthaiga,0.502,53
2015-07-20,south-b,0.344,43
2015-07-20,south-c,0.418,40
2015-07-20,ngong-road,0.331,47
2015-07-20,thika-road,0.369,40
2015-07-21,westlands,0.381,27
2015-07-21,kilimani,0.319,25
2015-07-21,karen,0.354,27
2015-07-21,lavington,0.507,25
2015-07-21,langata,0.409,22
2015-07-21,gigiri,0.298,27
2015-07-21,parklands,0.313,24
2015-07-21,upperhill,0.284,24
2015-07-21,kileleshwa,0.351,25
2015-07-21,runda,0.304,27
2015-07-21,muthaiga,0.386,27
2015-07-21,south-b,0.308,22
2015-07-21,south-c,0.335,21
2015-07-21,ngong-road,0.287,24
2015-07-21,thika-road,0.331,21
2015-07-22,westlands,0.462,43
2015-07-22,kilimani,0.374,40
2015-07-22,karen,0.397,43
2015-07-22,lavington,0.657,40
2015-07-22,langata,0.502,35
2015-07-22,gigiri,0.325,43
2015-07-22,parklands,0.343,38
2015-07-22,upperhill,0.304,38
2015-07-22,kileleshwa,0.387,40
2015-07-22,runda,0.346,43
2015-07-22,muthaiga,0.457,43
2015-07-22,south-b,0.33,35
2015-07-22,south-c,0.386,33
2015-07-22,ngong-road,0.314,38
2015-07-22,thika-road,0.354,33
2015-07-23,westlands,0.579,66
2015-07-23,kilimani,0.454,62
2015-07-23,karen,0.46,66
2015-07-23,lavington,0.872,62
2015-07-23,langata,0.637,54
2015-07-23,gigiri,0.364,66
2015-07-23,parklands,0.385,58
2015-07-23,upperhill,0.334,58
2015-07-23,kileleshwa,0.44,62
2015-07-23,runda,0.405,66
2015-07-23,muthaiga,0.56,66
2015-07-23,south-b,0.362,54
2015-07-23,south-c,0.46,50
2015-07-23,ngong-road,0.353,58
2015-07-23,thika-road,0.388,50
2015-07-24,westlands,0.582,49
2015-07-24,kilimani,0.485,46
2015-07-24,karen,0.504,49
2015-07-24,lavington,0.803,46
2015-07-24,langata,0.627,40
2015-07-24,gigiri,0.425,49
2015-07-24,parklands,0.444,43
2015-07-24,upperhill,0.402,43
2015-07-24,kileleshwa,0.491,46
2015-07-24,runda,0.451,49
2015-07-24,muthaiga,0.574,49
2015-07-24,south-b,0.428,40
2015-07-24,south-c,0.496,37
2015-07-24,ngong-road,0.414,43
2015-07-24,thika-road,0.453,37
2015-07-25,westlands,0.846,101
2015-07-25,kilimani,0.665,95
2015-07-25,karen,0.645,101
2015-07-25,lavington,0.98,95
2015-07-25,langata,0.932,83
2015-07-25,gigiri,0.514,101
2015-07-25,parklands,0.538,89
2015-07-25,upperhill,0.468,89
2015-07-25,kileleshwa,0.609,95
2015-07-25,runda,0.586,101
2015-07-25,muthaiga,0.807,101
2015-07-25,south-b,0.501,83
2015-07-25,south-c,0.663,77
2015-07-25,ngong-road,0.503,89
2015-07-25,thika-road,0.529,77
2015-07-26,westlands,0.496,32
2015-07-26,kilimani,0.426,30
2015-07-26,karen,0.457,32
2015-07-26,lavington,0.644,30
2015-07-26,langata,0.528,26
2015-07-26,gigiri,0.396,32
2015-07-26,parklands,0.413,28
2015-07-26,upperhill,0.38,28
2015-07-26,kileleshwa,0.452,30
2015-07-26,runda,0.407,32
2015-07-26,muthaiga,0.498,32
2015-07-26,south-b,0.405,26
2015-07-26,south-c,0.441,24
2015-07-26,ngong-road,0.386,28
2015-07-26,thika-road,0.428,24
2015-07-27,westlands,0.614,73
2015-07-27,kilimani,0.478,69
2015-07-27,karen,0.479,73
2015-07-27,lavington,0.938,69
2015-07-27,langata,0.678,60
2015-07-27,gigiri,0.376,73
2015-07-27,parklands,0.397,64
2015-07-27,upperhill,0.343,64
2015-07-27,kileleshwa,0.455,69
2015-07-27,runda,0.424,73
2015-07-27,muthaiga,0.592,73
2015-07-27,south-b,0.372,60
2015-07-27,south-c,0.483,55
2015-07-27,ngong-road,0.365,64
2015-07-27,thika-road,0.398,55
2015-07-28,westlands,0.386,28
2015-07-28,kilimani,0.322,26
2015-07-28,karen,0.356,28
2015-07-28,lavington,0.516,26
2015-07-28,langata,0.414,23
2015-07-28,gigiri,0.3,28
2015-07-28,parklands,0.315,25
2015-07-28,upperhill,0.285,25
2015-07-28,kileleshwa,0.353,26
2015-07-28,runda,0.307,28
2015-07-28,muthaiga,0.39,28
2015-07-28,south-b,0.309,23
2015-07-28,south-c,0.338,21
2015-07-28,ngong-road,0.289,25
2015-07-28,thika-road,0.332,21
2015-07-29,westlands,0.416,34
2015-07-29,kilimani,0.343,32
2015-07-29,karen,0.373,34
2015-07-29,lavington,0.572,32
2015-07-29,langata,0.45,28
2015-07-29,gigiri,0.31,34
2015-07-29,parklands,0.326,30
2015-07-29,upperhill,0.293,30
2015-07-29,kileleshwa,0.367,32
2015-07-29,runda,0.322,34
2015-07-29,muthaiga,0.417,34
2015-07-29,south-b,0.318,28
2015-07-29,south-c,0.357,26
2015-07-29,ngong-road,0.299,30
2015-07-29,thika-road,0.341,26
2015-07-30,westlands,0.452,41
2015-07-30,kilimani,0.367,39
2015-07-30,karen,0.392,41
2015-07-30,lavington,0.638,39
2015-07-30,langata,0.49,34
2015-07-30,gigiri,0.322,41
2015-07-30,parklands,0.339,36
2015-07-30,upperhill,0.302,36
2015-07-30,kileleshwa,0.383,39
2015-07-30,runda,0.341,41
2015-07-30,muthaiga,0.449,41
2015-07-30,south-b,0.327,34
2015-07-30,south-c,0.38,31
2015-07-30,ngong-road,0.311,36
2015-07-30,thika-road,0.351,31
2015-07-31,westlands,0.592,51
2015-07-31,kilimani,0.492,48
2015-07-31,karen,0.509,51
2015-07-31,lavington,0.822,48
2015-07-31,langata,0.639,42
2015-07-31,gigiri,0.429,51
2015-07-31,parklands,0.447,45
2015-07-31,upperhill,0.405,45
2015-07-31,kileleshwa,0.496,48
2015-07-31,runda,0.457,51
2015-07-31,muthaiga,0.583,51
2015-07-31,south-b,0.431,42
2015-07-31,south-c,0.502,39
2015-07-31,ngong-road,0.418,45
2015-07-31,thika-road,0.456,39
2015-08-01,westlands,0.638,60
2015-08-01,kilimani,0.523,56
2015-08-01,karen,0.534,60
2015-08-01,lavington,0.906,56
2015-08-01,langata,0.692,49
2015-08-01,gigiri,0.444,60
2015-08-01,parklands,0.464,53
2015-08-01,upperhill,0.416,53
2015-08-01,kileleshwa,0.516,56
2015-08-01,runda,0.48,60
2015-08-01,muthaiga,0.623,60
2015-08-01,south-b,0.444,49
2015-08-01,south-c,0.531,46
2015-08-01,ngong-road,0.433,53
2015-08-01,thika-road,0.469,46
2015-08-02,westlands,0.552,43
2015-08-02,kilimani,0.464,40
2015-08-02,karen,0.487,43
2015-08-02,lavington,0.747,40
2015-08-02,langata,0.592,35
2015-08-02,gigiri,0.415,43
2015-08-02,parklands,0.433,38
2015-08-02,upperhill,0.394,38
2015-08-02,kileleshwa,0.477,40
2015-08-02,runda,0.436,43
2015-08-02,muthaiga,0.547,43
2015-08-02,south-b,0.42,35
2015-08-02,south-c,0.476,33
2015-08-02,ngong-road,0.404,38
2015-08-02,thika-road,0.444,33
2015-08-03,westlands,0.614,73
2015-08-03,kilimani,0.478,69
2015-08-03,karen,0.479,73
2015-08-03,lavington,0.938,69
2015-08-03,langata,0.678,60
2015-08-03,gigiri,0.376,73
2015-08-03,parklands,0.397,64
2015-08-03,upperhill,0.343,64
2015-08-03,kileleshwa,0.455,69
2015-08-03,runda,0.424,73
2015-08-03,muthaiga,0.592,73
2015-08-03,south-b,0.372,60
2015-08-03,south-c,0.483,55
2015-08-03,ngong-road,0.365,64
2015-08-03,thika-road,0.398,55
2015-08-04,westlands,0.442,39
2015-08-04,kilimani,0.36,37
2015-08-04,karen,0.386,39
2015-08-04,lavington,0.619,37
2015-08-04,langata,0.479,32
2015-08-04,gigiri,0.318,39
2015-08-04,parklands,0.335,34
2015-08-04,upperhill,0.299,34
2015-08-04,kileleshwa,0.378,37
2015-08-04,runda,0.335,39
2015-08-04,muthaiga,0.44,39
2015-08-04,south-b,0.324,32
2015-08-04,south-c,0.373,30
2015-08-04,ngong-road,0.307,34
2015-08-04,thika-road,0.349,30
2015-08-05,westlands,0.7,90
2015-08-05,kilimani,0.537,85
2015-08-05,karen,0.525,90
2015-08-05,lavington,0.98,85
2015-08-05,langata,0.777,74
2015-08-05,gigiri,0.405,90
2015-08-05,parklands,0.428,79
2015-08-05,upperhill,0.364,79
2015-08-05,kileleshwa,0.494,85
2015-08-05,runda,0.468,90
2015-08-05,muthaiga,0.668,90
2015-08-05,south-b,0.395,74
2015-08-05,south-c,0.538,68
2015-08-05,ngong-road,0.394,79
2015-08-05,thika-road,0.423,68
2015-08-06,westlands,0.487,48
2015-08-06,kilimani,0.391,45
2015-08-06,karen,0.411,48
2015-08-06,lavington,0.704,45
2015-08-06,langata,0.531,39
2015-08-06,gigiri,0.334,48
2015-08-06,parklands,0.352,42
2015-08-06,upperhill,0.311,42
2015-08-06,kileleshwa,0.399,45
2015-08-06,runda,0.359,48
2015-08-06,muthaiga,0.48,48
2015-08-06,south-b,0.337,39
2015-08-06,south-c,0.402,36
2015-08-06,ngong-road,0.323,42
2015-08-06,thika-road,0.362,36
2015-08-07,westlands,0.724,77
2015-08-07,kilimani,0.582,72
2015-08-07,karen,0.58,77
2015-08-07,lavington,0.98,72
2015-08-07,langata,0.791,63
2015-08-07,gigiri,0.473,77
2015-08-07,parklands,0.495,68
2015-08-07,upperhill,0.438,68
2015-08-07,kileleshwa,0.554,72
2015-08-07,runda,0.524,77
2015-08-07,muthaiga,0.699,77
2015-08-07,south-b,0.467,63
2015-08-07,south-c,0.586,59
2015-08-07,ngong-road,0.462,68
2015-08-07,thika-road,0.494,59
2015-08-08,westlands,0.871,106
2015-08-08,kilimani,0.682,100
2015-08-08,karen,0.659,106
2015-08-08,lavington,0.98,100
2015-08-08,langata,0.961,87
2015-08-08,gigiri,0.522,106
2015-08-08,parklands,0.548,93
2015-08-08,upperhill,0.475,93
2015-08-08,kileleshwa,0.62,100
2015-08-08,runda,0.599,106
2015-08-08,muthaiga,0.829,106
2015-08-08,south-b,0.508,87
2015-08-08,south-c,0.679,81
2015-08-08,ngong-road,0.511,93
2015-08-08,thika-road,0.537,81
2015-08-09,westlands,0.694,71
2015-08-09,kilimani,0.561,67
2015-08-09,karen,0.564,71
2015-08-09,lavington,0.98,67
2015-08-09,langata,0.756,58
2015-08-09,gigiri,0.463,71
2015-08-09,parklands,0.484,62
2015-08-09,upperhill,0.43,62
2015-08-09,kileleshwa,0.541,67
2015-08-09,runda,0.508,71
2015-08-09,muthaiga,0.673,71
2015-08-09,south-b,0.459,58
2015-08-09,south-c,0.566,54
2015-08-09,ngong-road,0.452,62
2015-08-09,thika-road,0.485,54
2015-08-10,westlands,0.893,128
2015-08-10,kilimani,0.668,120
2015-08-10,karen,0.629,128
2015-08-10,lavington,0.98,120
2015-08-10,langata,0.98,105
2015-08-10,gigiri,0.469,128
2015-08-10,parklands,0.498,113
2015-08-10,upperhill,0.413,113
2015-08-10,kileleshwa,0.58,120
2015-08-10,runda,0.566,128
2015-08-10,muthaiga,0.837,128
2015-08-10,south-b,0.448,105
2015-08-10,south-c,0.66,97
2015-08-10,ngong-road,0.459,113
2015-08-10,thika-road,0.479,97
2015-08-11,westlands,0.695,89
2015-08-11,kilimani,0.533,84
2015-08-11,karen,0.523,89
2015-08-11,lavington,0.98,84
2015-08-11,langata,0.771,73
2015-08-11,gigiri,0.403,89
2015-08-11,parklands,0.427,78
2015-08-11,upperhill,0.363,78
2015-08-11,kileleshwa,0.492,84
2015-08-11,runda,0.465,89
2015-08-11,muthaiga,0.663,89
2015-08-11,south-b,0.394,73
2015-08-11,south-c,0.534,68
2015-08-11,ngong-road,0.392,78
2015-08-11,thika-road,0.422,68
2015-08-12,westlands,0.665,83
2015-08-12,kilimani,0.513,78
2015-08-12,karen,0.506,83
2015-08-12,lavington,0.98,78
2015-08-12,langata,0.736,68
2015-08-12,gigiri,0.393,83
2015-08-12,parklands,0.416,73
2015-08-12,upperhill,0.355,73
2015-08-12,kileleshwa,0.478,78
2015-08-12,runda,0.45,83
2015-08-12,muthaiga,0.636,83
2015-08-12,south-b,0.386,68
2015-08-12,south-c,0.515,63
2015-08-12,ngong-road,0.382,73
2015-08-12,thika-road,0.413,63
2015-08-13,westlands,0.513,53
2015-08-13,kilimani,0.409,50
2015-08-13,karen,0.425,53
2015-08-13,lavington,0.75,50
2015-08-13,langata,0.561,43
2015-08-13,gigiri,0.342,53
2015-08-13,parklands,0.361,47
2015-08-13,upperhill,0.317,47
2015-08-13,kileleshwa,0.41,50
2015-08-13,runda,0.372,53
2015-08-13,muthaiga,0.502,53
2015-08-13,south-b,0.344,43
2015-08-13,south-c,0.418,40
2015-08-13,ngong-road,0.331,47
2015-08-13,thika-road,0.369,40
2015-08-14,westlands,0.937,119
2015-08-14,kilimani,0.727,112
2015-08-14,karen,0.695,119
2015-08-14,lavington,0.98,112
2015-08-14,langata,0.98,98
2015-08-14,gigiri,0.544,119
2015-08-14,parklands,0.571,105
2015-08-14,upperhill,0.491,105
2015-08-14,kileleshwa,0.65,112
2015-08-14,runda,0.633,119
2015-08-14,muthaiga,0.887,119
2015-08-14,south-b,0.526,98
2015-08-14,south-c,0.721,90
2015-08-14,ngong-road,0.533,105
2015-08-14,thika-road,0.556,90
2015-08-15,westlands,0.846,101
2015-08-15,kilimani,0.665,95
2015-08-15,karen,0.645,101
2015-08-15,lavington,0.98,95
2015-08-15,langata,0.932,83
2015-08-15,gigiri,0.514,101
2015-08-15,parklands,0.538,89
2015-08-15,upperhill,0.468,89
2015-08-15,kileleshwa,0.609,95
2015-08-15,runda,0.586,101
2015-08-15,muthaiga,0.807,101
2015-08-15,south-b,0.501,83
2015-08-15,south-c,0.663,77
2015-08-15,ngong-road,0.503,89
2015-08-15,thika-road,0.529,77
2015-08-16,westlands,0.709,74
2015-08-16,kilimani,0.571,70
2015-08-16,karen,0.572,74
2015-08-16,lavington,0.98,70
2015-08-16,langata,0.774,61
2015-08-16,gigiri,0.468,74
2015-08-16,parklands,0.489,65
2015-08-16,upperhill,0.434,65
2015-08-16,kileleshwa,0.548,70
2015-08-16,runda,0.516,74
2015-08-16,muthaiga,0.686,74
2015-08-16,south-b,0.463,61
2015-08-16,south-c,0.576,56
2015-08-16,ngong-road,0.457,65
2015-08-16,thika-road,0.49,56
2015-08-17,westlands,0.792,108
2015-08-17,kilimani,0.599,102
2015-08-17,karen,0.575,108
2015-08-17,lavington,0.98,102
2015-08-17,langata,0.883,89
2015-08-17,gigiri,0.435,108
2015-08-17,parklands,0.461,95
2015-08-17,upperhill,0.387,95
2015-08-17,kileleshwa,0.535,102
2015-08-17,runda,0.514,108
2015-08-17,muthaiga,0.748,108
2015-08-17,south-b,0.42,89
2015-08-17,south-c,0.595,82
2015-08-17,ngong-road,0.425,95
2015-08-17,thika-road,0.45,82
2015-08-18,westlands,0.589,68
2015-08-18,kilimani,0.461,64
2015-08-18,karen,0.466,68
2015-08-18,lavington,0.891,64
2015-08-18,langata,0.649,56
2015-08-18,gigiri,0.368,68
2015-08-18,parklands,0.388,60
2015-08-18,upperhill,0.336,60
2015-08-18,kileleshwa,0.444,64
2015-08-18,runda,0.411,68
2015-08-18,muthaiga,0.569,68
2015-08-18,south-b,0.365,56
2015-08-18,south-c,0.467,52
2015-08-18,ngong-road,0.357,60
2015-08-18,thika-road,0.391,52
2015-08-19,westlands,0.538,58
2015-08-19,kilimani,0.426,55
2015-08-19,karen,0.438,58
2015-08-19,lavington,0.797,55
2015-08-19,langata,0.59,48
2015-08-19,gigiri,0.351,58
2015-08-19,parklands,0.37,51
2015-08-19,upperhill,0.323,51
2015-08-19,kileleshwa,0.421,55
2015-08-19,runda,0.385,58
2015-08-19,muthaiga,0.525,58
2015-08-19,south-b,0.351,48
2015-08-19,south-c,0.435,44
2015-08-19,ngong-road,0.34,51
2015-08-19,thika-road,0.376,44
2015-08-20,westlands,0.548,60
2015-08-20,kilimani,0.433,56
2015-08-20,karen,0.444,60
2015-08-20,lavington,0.816,56
2015-08-20,langata,0.602,49
2015-08-20,gigiri,0.354,60
2015-08-20,parklands,0.374,53
2015-08-20,upperhill,0.326,53
2015-08-20,kileleshwa,0.426,56
2015-08-20,runda,0.39,60
2015-08-20,muthaiga,0.533,60
2015-08-20,south-b,0.354,49
2015-08-20,south-c,0.441,46
2015-08-20,ngong-road,0.343,53
2015-08-20,thika-road,0.379,46
2015-08-21,westlands,0.648,62
2015-08-21,kilimani,0.53,58
2015-08-21,karen,0.539,62
2015-08-21,lavington,0.925,58
2015-08-21,langata,0.703,51
2015-08-21,gigiri,0.447,62
2015-08-21,parklands,0.467,55
2015-08-21,upperhill,0.419,55
2015-08-21,kileleshwa,0.52,58
2015-08-21,runda,0.485,62
2015-08-21,muthaiga,0.632,62
2015-08-21,south-b,0.446,51
2015-08-21,south-c,0.537,47
2015-08-21,ngong-road,0.437,55
2015-08-21,thika-road,0.472,47
2015-08-22,westlands,0.74,80
2015-08-22,kilimani,0.592,75
2015-08-22,karen,0.588,80
2015-08-22,lavington,0.98,75
2015-08-22,langata,0.809,66
2015-08-22,gigiri,0.478,80
2015-08-22,parklands,0.5,70
2015-08-22,upperhill,0.442,70
2015-08-22,kileleshwa,0.561,75
2015-08-22,runda,0.532,80
2015-08-22,muthaiga,0.713,80
2015-08-22,south-b,0.472,66
2015-08-22,south-c,0.595,61
2015-08-22,ngong-road,0.467,70
2015-08-22,thika-road,0.499,61
2015-08-23,westlands,0.648,62
2015-08-23,kilimani,0.53,58
2015-08-23,karen,0.539,62
2015-08-23,lavington,0.925,58
2015-08-23,langata,0.703,51
2015-08-23,gigiri,0.447,62
2015-08-23,parklands,0.467,55
2015-08-23,upperhill,0.419,55
2015-08-23,kileleshwa,0.52,58
2015-08-23,runda,0.485,62
2015-08-23,muthaiga,0.632,62
2015-08-23,south-b,0.446,51
2015-08-23,south-c,0.537,47
2015-08-23,ngong-road,0.437,55
2015-08-23,thika-road,0.472,47
2015-08-24,westlands,0.67,84
2015-08-24,kilimani,0.516,79
2015-08-24,karen,0.509,84
2015-08-24,lavington,0.98,79
2015-08-24,langata,0.742,69
2015-08-24,gigiri,0.395,84
2015-08-24,parklands,0.417,74
2015-08-24,upperhill,0.357,74
2015-08-24,kileleshwa,0.48,79
2015-08-24,runda,0.452,84
2015-08-24,muthaiga,0.641,84
2015-08-24,south-b,0.387,69
2015-08-24,south-c,0.518,64
2015-08-24,ngong-road,0.384,74
2015-08-24,thika-road,0.414,64
2015-08-25,westlands,0.584,67
2015-08-25,kilimani,0.457,63
2015-08-25,karen,0.463,67
2015-08-25,lavington,0.882,63
2015-08-25,langata,0.643,55
2015-08-25,gigiri,0.366,67
2015-08-25,parklands,0.386,59
2015-08-25,upperhill,0.335,59
2015-08-25,kileleshwa,0.442,63
2015-08-25,runda,0.408,67
2015-08-25,muthaiga,0.565,67
2015-08-25,south-b,0.363,55
2015-08-25,south-c,0.464,51
2015-08-25,ngong-road,0.355,59
2015-08-25,thika-road,0.39,51
2015-08-26,westlands,0.614,73
2015-08-26,kilimani,0.478,69
2015-08-26,karen,0.479,73
2015-08-26,lavington,0.938,69
2015-08-26,langata,0.678,60
2015-08-26,gigiri,0.376,73
2015-08-26,parklands,0.397,64
2015-08-26,upperhill,0.343,64
2015-08-26,kileleshwa,0.455,69
2015-08-26,runda,0.424,73
2015-08-26,muthaiga,0.592,73
2015-08-26,south-b,0.372,60
2015-08-26,south-c,0.483,55
2015-08-26,ngong-road,0.365,64
2015-08-26,thika-road,0.398,55
2015-08-27,westlands,0.442,39
2015-08-27,kilimani,0.36,37
2015-08-27,karen,0.386,39
2015-08-27,lavington,0.619,37
2015-08-27,langata,0.479,32
2015-08-27,gigiri,0.318,39
2015-08-27,parklands,0.335,34
2015-08-27,upperhill,0.299,34
2015-08-27,kileleshwa,0.378,37
2015-08-27,runda,0.335,39
2015-08-27,muthaiga,0.44,39
2015-08-27,south-b,0.324,32
2015-08-27,south-c,0.373,30
2015-08-27,ngong-road,0.307,34
2015-08-27,thika-road,0.349,30
2015-08-28,westlands,0.633,59
2015-08-28,kilimani,0.52,55
2015-08-28,karen,0.531,59
2015-08-28,lavington,0.897,55
2015-08-28,langata,0.686,48
2015-08-28,gigiri,0.442,59
2015-08-28,parklands,0.462,52
2015-08-28,upperhill,0.415,52
2015-08-28,kileleshwa,0.514,55
2015-08-28,runda,0.477,59
2015-08-28,muthaiga,0.619,59
2015-08-28,south-b,0.442,48
2015-08-28,south-c,0.528,45
2015-08-28,ngong-road,0.431,52
2015-08-28,thika-road,0.468,45
2015-08-29,westlands,0.785,89
2015-08-29,kilimani,0.623,84
2015-08-29,karen,0.613,89
2015-08-29,lavington,0.98,84
2015-08-29,langata,0.861,73
2015-08-29,gigiri,0.493,89
2015-08-29,parklands,0.517,78
2015-08-29,upperhill,0.453,78
2015-08-29,kileleshwa,0.582,84
2015-08-29,runda,0.555,89
2015-08-29,muthaiga,0.753,89
2015-08-29,south-b,0.484,73
2015-08-29,south-c,0.624,68
2015-08-29,ngong-road,0.482,78
2015-08-29,thika-road,0.512,68
2015-08-30,westlands,0.582,49
2015-08-30,kilimani,0.485,46
2015-08-30,karen,0.504,49
2015-08-30,lavington,0.803,46
2015-08-30,langata,0.627,40
2015-08-30,gigiri,0.425,49
2015-08-30,parklands,0.444,43
2015-08-30,upperhill,0.402,43
2015-08-30,kileleshwa,0.491,46
2015-08-30,runda,0.451,49
2015-08-30,muthaiga,0.574,49
2015-08-30,south-b,0.428,40
2015-08-30,south-c,0.496,37
2015-08-30,ngong-road,0.414,43
2015-08-30,thika-road,0.453,37
2015-08-31,westlands,0.645,79
2015-08-31,kilimani,0.499,74
2015-08-31,karen,0.496,79
2015-08-31,lavington,0.98,74
2015-08-31,langata,0.713,65
2015-08-31,gigiri,0.386,79
2015-08-31,parklands,0.408,70
2015-08-31,upperhill,0.35,70
2015-08-31,kileleshwa,0.469,74
2015-08-31,runda,0.439,79
2015-08-31,muthaiga,0.618,79
2015-08-31,south-b,0.38,65
2015-08-31,south-c,0.502,60
2015-08-31,ngong-road,0.375,70
2015-08-31,thika-road,0.407,60
2015-09-01,westlands,0.66,82
2015-09-01,kilimani,0.509,77
2015-09-01,karen,0.504,82
2015-09-01,lavington,0.98,77
2015-09-01,langata,0.73,67
2015-09-01,gigiri,0.391,82
2015-09-01,parklands,0.414,72
2015-09-01,upperhill,0.354,72
2015-09-01,kileleshwa,0.476,77
2015-09-01,runda,0.447,82
2015-09-01,muthaiga,0.632,82
2015-09-01,south-b,0.384,67
2015-09-01,south-c,0.512,62
2015-09-01,ngong-road,0.381,72
2015-09-01,thika-road,0.411,62
2015-09-02,westlands,0.614,73
2015-09-02,kilimani,0.478,69
2015-09-02,karen,0.479,73
2015-09-02,lavington,0.938,69
2015-09-02,langata,0.678,60
2015-09-02,gigiri,0.376,73
2015-09-02,parklands,0.397,64
2015-09-02,upperhill,0.343,64
2015-09-02,kileleshwa,0.455,69
2015-09-02,runda,0.424,73
2015-09-02,muthaiga,0.592,73
2015-09-02,south-b,0.372,60
2015-09-02,south-c,0.483,55
2015-09-02,ngong-road,0.365,64
2015-09-02,thika-road,0.398,55
2015-09-03,westlands,0.695,89
2015-09-03,kilimani,0.533,84
2015-09-03,karen,0.523,89
2015-09-03,lavington,0.98,84
2015-09-03,langata,0.771,73
2015-09-03,gigiri,0.403,89
2015-09-03,parklands,0.427,78
2015-09-03,upperhill,0.363,78
2015-09-03,kileleshwa,0.492,84
2015-09-03,runda,0.465,89
2015-09-03,muthaiga,0.663,89
2015-09-03,south-b,0.394,73
2015-09-03,south-c,0.534,68
2015-09-03,ngong-road,0.392,78
2015-09-03,thika-road,0.422,68
2015-09-04,westlands,0.98,150
2015-09-04,kilimani,0.835,141
2015-09-04,karen,0.779,150
2015-09-04,lavington,0.98,141
2015-09-04,langata,0.98,123
2015-09-04,gigiri,0.597,150
2015-09-04,parklands,0.628,132
2015-09-04,upperhill,0.531,132
2015-09-04,kileleshwa,0.72,141
2015-09-04,runda,0.713,150
2015-09-04,muthaiga,0.98,150
2015-09-04,south-b,0.569,123
2015-09-04,south-c,0.821,114
2015-09-04,ngong-road,0.586,132
2015-09-04,thika-road,0.601,114
2015-09-05,westlands,0.816,95
2015-09-05,kilimani,0.644,89
2015-09-05,karen,0.629,95
2015-09-05,lavington,0.98,89
2015-09-05,langata,0.897,78
2015-09-05,gigiri,0.503,95
2015-09-05,parklands,0.528,84
2015-09-05,upperhill,0.461,84
2015-09-05,kileleshwa,0.595,89
2015-09-05,runda,0.571,95
2015-09-05,muthaiga,0.78,95
2015-09-05,south-b,0.492,78
2015-09-05,south-c,0.644,72
2015-09-05,ngong-road,0.493,84
2015-09-05,thika-road,0.52,72
2015-09-06,westlands,0.978,127
2015-09-06,kilimani,0.755,119
2015-09-06,karen,0.716,127
2015-09-06,lavington,0.98,119
2015-09-06,langata,0.98,104
2015-09-06,gigiri,0.558,127
2015-09-06,parklands,0.586,112
2015-09-06,upperhill,0.502,112
2015-09-06,kileleshwa,0.668,119
2015-09-06,runda,0.654,127
2015-09-06,muthaiga,0.923,127
2015-09-06,south-b,0.537,104
2015-09-06,south-c,0.747,97
2015-09-06,ngong-road,0.547,112
2015-09-06,thika-road,0.567,97
2015-09-07,westlands,0.71,92
2015-09-07,kilimani,0.544,86
2015-09-07,karen,0.531,92
2015-09-07,lavington,0.98,86
2015-09-07,langata,0.789,75
2015-09-07,gigiri,0.408,92
2015-09-07,parklands,0.432,81
2015-09-07,upperhill,0.367,81
2015-09-07,kileleshwa,0.499,86
2015-09-07,runda,0.473,92
2015-09-07,muthaiga,0.677,92
2015-09-07,south-b,0.398,75
2015-09-07,south-c,0.544,70
2015-09-07,ngong-road,0.398,81
2015-09-07,thika-road,0.426,70
2015-09-08,westlands,0.599,70
2015-09-08,kilimani,0.468,66
2015-09-08,karen,0.471,70
2015-09-08,lavington,0.91,66
2015-09-08,langata,0.66,57
2015-09-08,gigiri,0.371,70
2015-09-08,parklands,0.392,62
2015-09-08,upperhill,0.339,62
2015-09-08,kileleshwa,0.449,66
2015-09-08,runda,0.416,70
2015-09-08,muthaiga,0.578,70
2015-09-08,south-b,0.368,57
2015-09-08,south-c,0.473,53
2015-09-08,ngong-road,0.36,62
2015-09-08,thika-road,0.394,53
2015-09-09,westlands,0.939,137
2015-09-09,kilimani,0.7,129
2015-09-09,karen,0.654,137
2015-09-09,lavington,0.98,129
2015-09-09,langata,0.98,112
2015-09-09,gigiri,0.485,137
2015-09-09,parklands,0.514,121
2015-09-09,upperhill,0.424,121
2015-09-09,kileleshwa,0.601,129
2015-09-09,runda,0.59,137
2015-09-09,muthaiga,0.878,137
2015-09-09,south-b,0.461,112
2015-09-09,south-c,0.689,104
2015-09-09,ngong-road,0.474,121
2015-09-09,thika-road,0.492,104
2015-09-10,westlands,0.568,64
2015-09-10,kilimani,0.447,60
2015-09-10,karen,0.455,64
2015-09-10,lavington,0.854,60
2015-09-10,langata,0.625,52
2015-09-10,gigiri,0.361,64
2015-09-10,parklands,0.381,56
2015-09-10,upperhill,0.331,56
2015-09-10,kileleshwa,0.435,60
2015-09-10,runda,0.4,64
2015-09-10,muthaiga,0.551,64
2015-09-10,south-b,0.359,52
2015-09-10,south-c,0.454,49
2015-09-10,ngong-road,0.35,56
2015-09-10,thika-road,0.385,49
2015-09-11,westlands,0.98,133
2015-09-11,kilimani,0.776,125
2015-09-11,karen,0.733,133
2015-09-11,lavington,0.98,125
2015-09-11,langata,0.98,109
2015-09-11,gigiri,0.568,133
2015-09-11,parklands,0.597,117
2015-09-11,upperhill,0.509,117
2015-09-11,kileleshwa,0.681,125
2015-09-11,runda,0.669,133
2015-09-11,muthaiga,0.95,133
2015-09-11,south-b,0.545,109
2015-09-11,south-c,0.766,101
2015-09-11,ngong-road,0.557,117
2015-09-11,thika-road,0.576,101
2015-09-12,westlands,0.851,102
2015-09-12,kilimani,0.668,96
2015-09-12,karen,0.648,102
2015-09-12,lavington,0.98,96
2015-09-12,langata,0.938,84
2015-09-12,gigiri,0.515,102
2015-09-12,parklands,0.54,90
2015-09-12,upperhill,0.47,90
2015-09-12,kileleshwa,0.611,96
2015-09-12,runda,0.589,102
2015-09-12,muthaiga,0.811,102
2015-09-12,south-b,0.502,84
2015-09-12,south-c,0.666,78
2015-09-12,ngong-road,0.505,90
2015-09-12,thika-road,0.531,78
2015-09-13,westlands,0.592,51
2015-09-13,kilimani,0.492,48
2015-09-13,karen,0.509,51
2015-09-13,lavington,0.822,48
2015-09-13,langata,0.639,42
2015-09-13,gigiri,0.429,51
2015-09-13,parklands,0.447,45
2015-09-13,upperhill,0.405,45
2015-09-13,kileleshwa,0.496,48
2015-09-13,runda,0.457,51
2015-09-13,muthaiga,0.583,51
2015-09-13,south-b,0.431,42
2015-09-13,south-c,0.502,39
2015-09-13,ngong-road,0.418,45
2015-09-13,thika-road,0.456,39
2015-09-14,westlands,0.817,113
2015-09-14,kilimani,0.616,106
2015-09-14,karen,0.588,113
2015-09-14,lavington,0.98,106
2015-09-14,langata,0.912,93
2015-09-14,gigiri,0.444,113
2015-09-14,parklands,0.47,99
2015-09-14,upperhill,0.394,99
2015-09-14,kileleshwa,0.546,106
2015-09-14,runda,0.527,113
2015-09-14,muthaiga,0.77,113
2015-09-14,south-b,0.427,93
2015-09-14,south-c,0.612,86
2015-09-14,ngong-road,0.433,99
2015-09-14,thika-road,0.457,86
2015-09-15,westlands,0.65,80
2015-09-15,kilimani,0.502,75
2015-09-15,karen,0.498,80
2015-09-15,lavington,0.98,75
2015-09-15,langata,0.719,66
2015-09-15,gigiri,0.388,80
2015-09-15,parklands,0.41,70
2015-09-15,upperhill,0.352,70
2015-09-15,kileleshwa,0.471,75
2015-09-15,runda,0.442,80
2015-09-15,muthaiga,0.623,80
2015-09-15,south-b,0.382,66
2015-09-15,south-c,0.505,61
2015-09-15,ngong-road,0.377,70
2015-09-15,thika-road,0.409,61
2015-09-16,westlands,0.847,119
2015-09-16,kilimani,0.637,112
2015-09-16,karen,0.605,119
2015-09-16,lavington,0.98,112
2015-09-16,langata,0.947,98
2015-09-16,gigiri,0.454,119
2015-09-16,parklands,0.481,105
2015-09-16,upperhill,0.401,105
2015-09-16,kileleshwa,0.56,112
2015-09-16,runda,0.543,119
2015-09-16,muthaiga,0.797,119
2015-09-16,south-b,0.436,98
2015-09-16,south-c,0.631,90
2015-09-16,ngong-road,0.443,105
2015-09-16,thika-road,0.466,90
2015-09-17,westlands,0.939,137
2015-09-17,kilimani,0.7,129
2015-09-17,karen,0.654,137
2015-09-17,lavington,0.98,129
2015-09-17,langata,0.98,112
2015-09-17,gigiri,0.485,137
2015-09-17,parklands,0.514,121
2015-09-17,upperhill,0.424,121
2015-09-17,kileleshwa,0.601,129
2015-09-17,runda,0.59,137
2015-09-17,muthaiga,0.878,137
2015-09-17,south-b,0.461,112
2015-09-17,south-c,0.689,104
2015-09-17,ngong-road,0.474,121
2015-09-17,thika-road,0.492,104
2015-09-18,westlands,0.98,137
2015-09-18,kilimani,0.79,129
2015-09-18,karen,0.744,137
2015-09-18,lavington,0.98,129
2015-09-18,langata,0.98,112
2015-09-18,gigiri,0.575,137
2015-09-18,parklands,0.604,121
2015-09-18,upperhill,0.514,121
2015-09-18,kileleshwa,0.691,129
2015-09-18,runda,0.68,137
2015-09-18,muthaiga,0.968,137
2015-09-18,south-b,0.551,112
2015-09-18,south-c,0.779,104
2015-09-18,ngong-road,0.564,121
2015-09-18,thika-road,0.582,104
2015-09-19,westlands,0.937,119
2015-09-19,kilimani,0.727,112
2015-09-19,karen,0.695,119
2015-09-19,lavington,0.98,112
2015-09-19,langata,0.98,98
2015-09-19,gigiri,0.544,119
2015-09-19,parklands,0.571,105
2015-09-19,upperhill,0.491,105
2015-09-19,kileleshwa,0.65,112
2015-09-19,runda,0.633,119
2015-09-19,muthaiga,0.887,119
2015-09-19,south-b,0.526,98
2015-09-19,south-c,0.721,90
2015-09-19,ngong-road,0.533,105
2015-09-19,thika-road,0.556,90
2015-09-20,westlands,0.775,87
2015-09-20,kilimani,0.616,82
2015-09-20,karen,0.607,87
2015-09-20,lavington,0.98,82
2015-09-20,langata,0.85,71
2015-09-20,gigiri,0.49,87
2015-09-20,parklands,0.513,77
2015-09-20,upperhill,0.451,77
2015-09-20,kileleshwa,0.577,82
2015-09-20,runda,0.55,87
2015-09-20,muthaiga,0.744,87
2015-09-20,south-b,0.481,71
2015-09-20,south-c,0.618,66
2015-09-20,ngong-road,0.479,77
2015-09-20,thika-road,0.509,66
2015-09-21,westlands,0.98,147
2015-09-21,kilimani,0.734,138
2015-09-21,karen,0.681,147
2015-09-21,lavington,0.98,138
2015-09-21,langata,0.98,121
2015-09-21,gigiri,0.502,147
2015-09-21,parklands,0.532,129
2015-09-21,upperhill,0.437,129
2015-09-21,kileleshwa,0.623,138
2015-09-21,runda,0.616,147
2015-09-21,muthaiga,0.922,147
2015-09-21,south-b,0.475,121
2015-09-21,south-c,0.721,112
2015-09-21,ngong-road,0.491,129
2015-09-21,thika-road,0.507,112
2015-09-22,westlands,0.685,87
2015-09-22,kilimani,0.526,82
2015-09-22,karen,0.517,87
2015-09-22,lavington,0.98,82
2015-09-22,langata,0.76,71
2015-09-22,gigiri,0.4,87
2015-09-22,parklands,0.423,77
2015-09-22,upperhill,0.361,77
2015-09-22,kileleshwa,0.487,82
2015-09-22,runda,0.46,87
2015-09-22,muthaiga,0.654,87
2015-09-22,south-b,0.391,71
2015-09-22,south-c,0.528,66
2015-09-22,ngong-road,0.389,77
2015-09-22,thika-road,0.419,66
2015-09-23,westlands,0.822,114
2015-09-23,kilimani,0.62,107
2015-09-23,karen,0.591,114
2015-09-23,lavington,0.98,107
2015-09-23,langata,0.918,93
2015-09-23,gigiri,0.446,114
2015-09-23,parklands,0.472,100
2015-09-23,upperhill,0.395,100
2015-09-23,kileleshwa,0.548,107
2015-09-23,runda,0.53,114
2015-09-23,muthaiga,0.775,114
2015-09-23,south-b,0.429,93
2015-09-23,south-c,0.615,87
2015-09-23,ngong-road,0.435,100
2015-09-23,thika-road,0.458,87
2015-09-24,westlands,0.731,96
2015-09-24,kilimani,0.558,90
2015-09-24,karen,0.542,96
2015-09-24,lavington,0.98,90
2015-09-24,langata,0.812,79
2015-09-24,gigiri,0.415,96
2015-09-24,parklands,0.439,84
2015-09-24,upperhill,0.372,84
2015-09-24,kileleshwa,0.508,90
2015-09-24,runda,0.483,96
2015-09-24,muthaiga,0.694,96
2015-09-24,south-b,0.404,79
2015-09-24,south-c,0.557,73
2015-09-24,ngong-road,0.404,84
2015-09-24,thika-road,0.432,73
2015-09-25,westlands,0.98,152
2015-09-25,kilimani,0.841,143
2015-09-25,karen,0.784,152
2015-09-25,lavington,0.98,143
2015-09-25,langata,0.98,125
2015-09-25,gigiri,0.6,152
2015-09-25,parklands,0.632,134
2015-09-25,upperhill,0.534,134
2015-09-25,kileleshwa,0.725,143
2015-09-25,runda,0.719,152
2015-09-25,muthaiga,0.98,152
2015-09-25,south-b,0.572,125
2015-09-25,south-c,0.827,116
2015-09-25,ngong-road,0.59,134
2015-09-25,thika-road,0.604,116
2015-09-26,westlands,0.76,84
2015-09-26,kilimani,0.606,79
2015-09-26,karen,0.599,84
2015-09-26,lavington,0.98,79
2015-09-26,langata,0.832,69
2015-09-26,gigiri,0.485,84
2015-09-26,parklands,0.507,74
2015-09-26,upperhill,0.447,74
2015-09-26,kileleshwa,0.57,79
2015-09-26,runda,0.542,84
2015-09-26,muthaiga,0.731,84
2015-09-26,south-b,0.477,69
2015-09-26,south-c,0.608,64
2015-09-26,ngong-road,0.474,74
2015-09-26,thika-road,0.504,64
2015-09-27,westlands,0.592,51
2015-09-27,kilimani,0.492,48
2015-09-27,karen,0.509,51
2015-09-27,lavington,0.822,48
2015-09-27,langata,0.639,42
2015-09-27,gigiri,0.429,51
2015-09-27,parklands,0.447,45
2015-09-27,upperhill,0.405,45
2015-09-27,kileleshwa,0.496,48
2015-09-27,runda,0.457,51
2015-09-27,muthaiga,0.583,51
2015-09-27,south-b,0.431,42
2015-09-27,south-c,0.502,39
2015-09-27,ngong-road,0.418,45
2015-09-27,thika-road,0.456,39
2015-09-28,westlands,0.568,64
2015-09-28,kilimani,0.447,60
2015-09-28,karen,0.455,64
2015-09-28,lavington,0.854,60
2015-09-28,langata,0.625,52
2015-09-28,gigiri,0.361,64
2015-09-28,parklands,0.381,56
2015-09-28,upperhill,0.331,56
2015-09-28,kileleshwa,0.435,60
2015-09-28,runda,0.4,64
2015-09-28,muthaiga,0.551,64
2015-09-28,south-b,0.359,52
2015-09-28,south-c,0.454,49
2015-09-28,ngong-road,0.35,56
2015-09-28,thika-road,0.385,49
2015-09-29,westlands,0.568,64
2015-09-29,kilimani,0.447,60
2015-09-29,karen,0.455,64
2015-09-29,lavington,0.854,60
2015-09-29,langata,0.625,52
2015-09-29,gigiri,0.361,64
2015-09-29,parklands,0.381,56
2015-09-29,upperhill,0.331,56
2015-09-29,kileleshwa,0.435,60
2015-09-29,runda,0.4,64
2015-09-29,muthaiga,0.551,64
2015-09-29,south-b,0.359,52
2015-09-29,south-c,0.454,49
2015-09-29,ngong-road,0.35,56
2015-09-29,thika-road,0.385,49
2015-09-30,westlands,0.771,104
2015-09-30,kilimani,0.585,98
2015-09-30,karen,0.564,104
2015-09-30,lavington,0.98,98
2015-09-30,langata,0.859,85
2015-09-30,gigiri,0.429,104
2015-09-30,parklands,0.454,92
2015-09-30,upperhill,0.382,92
2015-09-30,kileleshwa,0.526,98
2015-09-30,runda,0.504,104
2015-09-30,muthaiga,0.73,104
2015-09-30,south-b,0.415,85
2015-09-30,south-c,0.583,79
2015-09-30,ngong-road,0.418,92
2015-09-30,thika-road,0.444,79
2015-10-01,westlands,0.685,87
2015-10-01,kilimani,0.526,82
2015-10-01,karen,0.517,87
2015-10-01,lavington,0.98,82
2015-10-01,langata,0.76,71
2015-10-01,gigiri,0.4,87
2015-10-01,parklands,0.423,77
2015-10-01,upperhill,0.361,77
2015-10-01,kileleshwa,0.487,82
2015-10-01,runda,0.46,87
2015-10-01,muthaiga,0.654,87
2015-10-01,south-b,0.391,71
2015-10-01,south-c,0.528,66
2015-10-01,ngong-road,0.389,77
2015-10-01,thika-road,0.419,66
2015-10-02,westlands,0.98,183
2015-10-02,kilimani,0.949,172
2015-10-02,karen,0.869,183
2015-10-02,lavington,0.98,172
2015-10-02,langata,0.98,150
2015-10-02,gigiri,0.653,183
2015-10-02,parklands,0.688,161
2015-10-02,upperhill,0.573,161
2015-10-02,kileleshwa,0.795,172
2015-10-02,runda,0.799,183
2015-10-02,muthaiga,0.98,183
2015-10-02,south-b,0.615,150
2015-10-02,south-c,0.927,139
2015-10-02,ngong-road,0.642,161
2015-10-02,thika-road,0.649,139
2015-10-03,westlands,0.638,60
2015-10-03,kilimani,0.523,56
2015-10-03,karen,0.534,60
2015-10-03,lavington,0.906,56
2015-10-03,langata,0.692,49
2015-10-03,gigiri,0.444,60
2015-10-03,parklands,0.464,53
2015-10-03,upperhill,0.416,53
2015-10-03,kileleshwa,0.516,56
2015-10-03,runda,0.48,60
2015-10-03,muthaiga,0.623,60
2015-10-03,south-b,0.444,49
2015-10-03,south-c,0.531,46
2015-10-03,ngong-road,0.433,53
2015-10-03,thika-road,0.469,46
2015-10-04,westlands,0.917,115
2015-10-04,kilimani,0.713,108
2015-10-04,karen,0.684,115
2015-10-04,lavington,0.98,108
2015-10-04,langata,0.98,94
2015-10-04,gigiri,0.537,115
2015-10-04,parklands,0.564,101
2015-10-04,upperhill,0.486,101
2015-10-04,kileleshwa,0.641,108
2015-10-04,runda,0.623,115
2015-10-04,muthaiga,0.869,115
2015-10-04,south-b,0.52,94
2015-10-04,south-c,0.708,87
2015-10-04,ngong-road,0.527,101
2015-10-04,thika-road,0.55,87
2015-10-05,westlands,0.792,108
2015-10-05,kilimani,0.599,102
2015-10-05,karen,0.575,108
2015-10-05,lavington,0.98,102
2015-10-05,langata,0.883,89
2015-10-05,gigiri,0.435,108
2015-10-05,parklands,0.461,95
2015-10-05,upperhill,0.387,95
2015-10-05,kileleshwa,0.535,102
2015-10-05,runda,0.514,108
2015-10-05,muthaiga,0.748,108
2015-10-05,south-b,0.42,89
2015-10-05,south-c,0.595,82
2015-10-05,ngong-road,0.425,95
2015-10-05,thika-road,0.45,82
2015-10-06,westlands,0.802,110
2015-10-06,kilimani,0.606,103
2015-10-06,karen,0.58,110
2015-10-06,lavington,0.98,103
2015-10-06,langata,0.894,90
2015-10-06,gigiri,0.439,110
2015-10-06,parklands,0.465,97
2015-10-06,upperhill,0.39,97
2015-10-06,kileleshwa,0.539,103
2015-10-06,runda,0.52,110
2015-10-06,muthaiga,0.757,110
2015-10-06,south-b,0.423,90
2015-10-06,south-c,0.602,84
2015-10-06,ngong-road,0.428,97
2015-10-06,thika-road,0.452,84
2015-10-07,westlands,0.913,132
2015-10-07,kilimani,0.682,124
2015-10-07,karen,0.64,132
2015-10-07,lavington,0.98,124
2015-10-07,langata,0.98,108
2015-10-07,gigiri,0.476,132
2015-10-07,parklands,0.505,116
2015-10-07,upperhill,0.418,116
2015-10-07,kileleshwa,0.589,124
2015-10-07,runda,0.577,132
2015-10-07,muthaiga,0.855,132
2015-10-07,south-b,0.454,108
2015-10-07,south-c,0.673,100
2015-10-07,ngong-road,0.466,116
2015-10-07,thika-road,0.485,100
2015-10-08,westlands,0.67,84
2015-10-08,kilimani,0.516,79
2015-10-08,karen,0.509,84
2015-10-08,lavington,0.98,79
2015-10-08,langata,0.742,69
2015-10-08,gigiri,0.395,84
2015-10-08,parklands,0.417,74
2015-10-08,upperhill,0.357,74
2015-10-08,kileleshwa,0.48,79
2015-10-08,runda,0.452,84
2015-10-08,muthaiga,0.641,84
2015-10-08,south-b,0.387,69
2015-10-08,south-c,0.518,64
2015-10-08,ngong-road,0.384,74
2015-10-08,thika-road,0.414,64
2015-10-09,westlands,0.98,132
2015-10-09,kilimani,0.772,124
2015-10-09,karen,0.73,132
2015-10-09,lavington,0.98,124
2015-10-09,langata,0.98,108
2015-10-09,gigiri,0.566,132
2015-10-09,parklands,0.595,116
2015-10-09,upperhill,0.508,116
2015-10-09,kileleshwa,0.679,124
2015-10-09,runda,0.667,132
2015-10-09,muthaiga,0.945,132
2015-10-09,south-b,0.544,108
2015-10-09,south-c,0.763,100
2015-10-09,ngong-road,0.556,116
2015-10-09,thika-road,0.575,100
2015-10-10,westlands,0.98,131
2015-10-10,kilimani,0.769,123
2015-10-10,karen,0.727,131
2015-10-10,lavington,0.98,123
2015-10-10,langata,0.98,107
2015-10-10,gigiri,0.564,131
2015-10-10,parklands,0.593,115
2015-10-10,upperhill,0.507,115
2015-10-10,kileleshwa,0.677,123
2015-10-10,runda,0.664,131
2015-10-10,muthaiga,0.941,131
2015-10-10,south-b,0.543,107
2015-10-10,south-c,0.759,100
2015-10-10,ngong-road,0.554,115
2015-10-10,thika-road,0.573,100
2015-10-11,westlands,0.679,68
2015-10-11,kilimani,0.551,64
2015-10-11,karen,0.556,68
2015-10-11,lavington,0.98,64
2015-10-11,langata,0.739,56
2015-10-11,gigiri,0.458,68
2015-10-11,parklands,0.478,60
2015-10-11,upperhill,0.426,60
2015-10-11,kileleshwa,0.534,64
2015-10-11,runda,0.501,68
2015-10-11,muthaiga,0.659,68
2015-10-11,south-b,0.455,56
2015-10-11,south-c,0.557,52
2015-10-11,ngong-road,0.447,60
2015-10-11,thika-road,0.481,52
2015-10-12,westlands,0.98,161
2015-10-12,kilimani,0.783,151
2015-10-12,karen,0.719,161
2015-10-12,lavington,0.98,151
2015-10-12,langata,0.98,132
2015-10-12,gigiri,0.525,161
2015-10-12,parklands,0.558,142
2015-10-12,upperhill,0.455,142
2015-10-12,kileleshwa,0.655,151
2015-10-12,runda,0.652,161
2015-10-12,muthaiga,0.98,161
2015-10-12,south-b,0.494,132
2015-10-12,south-c,0.766,122
2015-10-12,ngong-road,0.515,142
2015-10-12,thika-road,0.527,122
2015-10-13,westlands,0.7,90
2015-10-13,kilimani,0.537,85
2015-10-13,karen,0.525,90
2015-10-13,lavington,0.98,85
2015-10-13,langata,0.777,74
2015-10-13,gigiri,0.405,90
2015-10-13,parklands,0.428,79
2015-10-13,upperhill,0.364,79
2015-10-13,kileleshwa,0.494,85
2015-10-13,runda,0.468,90
2015-10-13,muthaiga,0.668,90
2015-10-13,south-b,0.395,74
2015-10-13,south-c,0.538,68
2015-10-13,ngong-road,0.394,79
2015-10-13,thika-road,0.423,68
2015-10-14,westlands,0.594,69
2015-10-14,kilimani,0.464,65
2015-10-14,karen,0.468,69
2015-10-14,lavington,0.901,65
2015-10-14,langata,0.654,57
2015-10-14,gigiri,0.369,69
2015-10-14,parklands,0.39,61
2015-10-14,upperhill,0.338,61
2015-10-14,kileleshwa,0.446,65
2015-10-14,runda,0.413,69
2015-10-14,muthaiga,0.574,69
2015-10-14,south-b,0.366,57
2015-10-14,south-c,0.47,52
2015-10-14,ngong-road,0.358,61
2015-10-14,thika-road,0.392,52
2015-10-15,westlands,0.98,188
2015-10-15,kilimani,0.876,177
2015-10-15,karen,0.793,188
2015-10-15,lavington,0.98,177
2015-10-15,langata,0.98,154
2015-10-15,gigiri,0.571,188
2015-10-15,parklands,0.607,165
2015-10-15,upperhill,0.49,165
2015-10-15,kileleshwa,0.716,177
2015-10-15,runda,0.722,188
2015-10-15,muthaiga,0.98,188
2015-10-15,south-b,0.532,154
2015-10-15,south-c,0.853,143
2015-10-15,ngong-road,0.561,165
2015-10-15,thika-road,0.567,143
2015-10-16,westlands,0.98,134
2015-10-16,kilimani,0.779,126
2015-10-16,karen,0.735,134
2015-10-16,lavington,0.98,126
2015-10-16,langata,0.98,110
2015-10-16,gigiri,0.57,134
2015-10-16,parklands,0.599,118
2015-10-16,upperhill,0.511,118
2015-10-16,kileleshwa,0.684,126
2015-10-16,runda,0.672,134
2015-10-16,muthaiga,0.954,134
2015-10-16,south-b,0.547,110
2015-10-16,south-c,0.769,102
2015-10-16,ngong-road,0.559,118
2015-10-16,thika-road,0.578,102
2015-10-17,westlands,0.648,62
2015-10-17,kilimani,0.53,58
2015-10-17,karen,0.539,62
2015-10-17,lavington,0.925,58
2015-10-17,langata,0.703,51
2015-10-17,gigiri,0.447,62
2015-10-17,parklands,0.467,55
2015-10-17,upperhill,0.419,55
2015-10-17,kileleshwa,0.52,58
2015-10-17,runda,0.485,62
2015-10-17,muthaiga,0.632,62
2015-10-17,south-b,0.446,51
2015-10-17,south-c,0.537,47
2015-10-17,ngong-road,0.437,55
2015-10-17,thika-road,0.472,47
2015-10-18,westlands,0.831,98
2015-10-18,kilimani,0.655,92
2015-10-18,karen,0.637,98
2015-10-18,lavington,0.98,92
2015-10-18,langata,0.914,80
2015-10-18,gigiri,0.508,98
2015-10-18,parklands,0.533,86
2015-10-18,upperhill,0.465,86
2015-10-18,kileleshwa,0.602,92
2015-10-18,runda,0.578,98
2015-10-18,muthaiga,0.793,98
2015-10-18,south-b,0.497,80
2015-10-18,south-c,0.653,74
2015-10-18,ngong-road,0.498,86
2015-10-18,thika-road,0.525,74
2015-10-19,westlands,0.98,170
2015-10-19,kilimani,0.814,160
2015-10-19,karen,0.744,170
2015-10-19,lavington,0.98,160
2015-10-19,langata,0.98,139
2015-10-19,gigiri,0.541,170
2015-10-19,parklands,0.574,150
2015-10-19,upperhill,0.467,150
2015-10-19,kileleshwa,0.675,160
2015-10-19,runda,0.675,170
2015-10-19,muthaiga,0.98,170
2015-10-19,south-b,0.507,139
2015-10-19,south-c,0.795,129
2015-10-19,ngong-road,0.53,150
2015-10-19,thika-road,0.54,129
2015-10-20,westlands,0.721,94
2015-10-20,kilimani,0.551,88
2015-10-20,karen,0.536,94
2015-10-20,lavington,0.98,88
2015-10-20,langata,0.801,77
2015-10-20,gigiri,0.412,94
2015-10-20,parklands,0.436,83
2015-10-20,upperhill,0.369,83
2015-10-20,kileleshwa,0.503,88
2015-10-20,runda,0.478,94
2015-10-20,muthaiga,0.685,94
2015-10-20,south-b,0.401,77
2015-10-20,south-c,0.55,71
2015-10-20,ngong-road,0.401,83
2015-10-20,thika-road,0.429,71
2015-10-21,westlands,0.766,103
2015-10-21,kilimani,0.582,97
2015-10-21,karen,0.561,103
2015-10-21,lavington,0.98,97
2015-10-21,langata,0.853,84
2015-10-21,gigiri,0.427,103
2015-10-21,parklands,0.452,91
2015-10-21,upperhill,0.381,91
2015-10-21,kileleshwa,0.523,97
2015-10-21,runda,0.501,103
2015-10-21,muthaiga,0.726,103
2015-10-21,south-b,0.414,84
2015-10-21,south-c,0.579,78
2015-10-21,ngong-road,0.416,91
2015-10-21,thika-road,0.442,78
2015-10-22,westlands,0.629,76
2015-10-22,kilimani,0.488,71
2015-10-22,karen,0.487,76
2015-10-22,lavington,0.966,71
2015-10-22,langata,0.695,62
2015-10-22,gigiri,0.381,76
2015-10-22,parklands,0.403,67
2015-10-22,upperhill,0.346,67
2015-10-22,kileleshwa,0.462,71
2015-10-22,runda,0.431,76
2015-10-22,muthaiga,0.605,76
2015-10-22,south-b,0.376,62
2015-10-22,south-c,0.492,58
2015-10-22,ngong-road,0.37,67
2015-10-22,thika-road,0.403,58
2015-10-23,westlands,0.77,86
2015-10-23,kilimani,0.613,81
2015-10-23,karen,0.605,86
2015-10-23,lavington,0.98,81
2015-10-23,langata,0.844,71
2015-10-23,gigiri,0.488,86
2015-10-23,parklands,0.511,76
2015-10-23,upperhill,0.449,76
2015-10-23,kileleshwa,0.575,81
2015-10-23,runda,0.547,86
2015-10-23,muthaiga,0.74,86
2015-10-23,south-b,0.48,71
2015-10-23,south-c,0.615,65
2015-10-23,ngong-road,0.477,76
2015-10-23,thika-road,0.507,65
2015-10-24,westlands,0.643,61
2015-10-24,kilimani,0.526,57
2015-10-24,karen,0.536,61
2015-10-24,lavington,0.916,57
2015-10-24,langata,0.698,50
2015-10-24,gigiri,0.446,61
2015-10-24,parklands,0.465,54
2015-10-24,upperhill,0.417,54
2015-10-24,kileleshwa,0.518,57
2015-10-24,runda,0.482,61
2015-10-24,muthaiga,0.628,61
2015-10-24,south-b,0.445,50
2015-10-24,south-c,0.534,46
2015-10-24,ngong-road,0.435,54
2015-10-24,thika-road,0.471,46
2015-10-25,westlands,0.98,135
2015-10-25,kilimani,0.783,127
2015-10-25,karen,0.738,135
2015-10-25,lavington,0.98,127
2015-10-25,langata,0.98,111
2015-10-25,gigiri,0.571,135
2015-10-25,parklands,0.601,119
2015-10-25,upperhill,0.512,119
2015-10-25,kileleshwa,0.686,127
2015-10-25,runda,0.674,135
2015-10-25,muthaiga,0.959,135
2015-10-25,south-b,0.548,111
2015-10-25,south-c,0.772,103
2015-10-25,ngong-road,0.561,119
2015-10-25,thika-road,0.579,103
2015-10-26,westlands,0.553,61
2015-10-26,kilimani,0.436,57
2015-10-26,karen,0.446,61
2015-10-26,lavington,0.826,57
2015-10-26,langata,0.608,50
2015-10-26,gigiri,0.356,61
2015-10-26,parklands,0.375,54
2015-10-26,upperhill,0.327,54
2015-10-26,kileleshwa,0.428,57
2015-10-26,runda,0.392,61
2015-10-26,muthaiga,0.538,61
2015-10-26,south-b,0.355,50
2015-10-26,south-c,0.444,46
2015-10-26,ngong-road,0.345,54
2015-10-26,thika-road,0.381,46
2015-10-27,westlands,0.508,52
2015-10-27,kilimani,0.405,49
2015-10-27,karen,0.422,52
2015-10-27,lavington,0.741,49
2015-10-27,langata,0.555,43
2015-10-27,gigiri,0.34,52
2015-10-27,parklands,0.359,46
2015-10-27,upperhill,0.316,46
2015-10-27,kileleshwa,0.408,49
2015-10-27,runda,0.369,52
2015-10-27,muthaiga,0.498,52
2015-10-27,south-b,0.343,43
2015-10-27,south-c,0.415,40
2015-10-27,ngong-road,0.33,46
2015-10-27,thika-road,0.368,40
2015-10-28,westlands,0.918,133
2015-10-28,kilimani,0.686,125
2015-10-28,karen,0.643,133
2015-10-28,lavington,0.98,125
2015-10-28,langata,0.98,109
2015-10-28,gigiri,0.478,133
2015-10-28,parklands,0.507,117
2015-10-28,upperhill,0.419,117
2015-10-28,kileleshwa,0.591,125
2015-10-28,runda,0.579,133
2015-10-28,muthaiga,0.86,133
2015-10-28,south-b,0.455,109
2015-10-28,south-c,0.676,101
2015-10-28,ngong-road,0.467,117
2015-10-28,thika-road,0.486,101
2015-10-29,westlands,0.629,76
2015-10-29,kilimani,0.488,71
2015-10-29,karen,0.487,76
2015-10-29,lavington,0.966,71
2015-10-29,langata,0.695,62
2015-10-29,gigiri,0.381,76
2015-10-29,parklands,0.403,67
2015-10-29,upperhill,0.346,67
2015-10-29,kileleshwa,0.462,71
2015-10-29,runda,0.431,76
2015-10-29,muthaiga,0.605,76
2015-10-29,south-b,0.376,62
2015-10-29,south-c,0.492,58
2015-10-29,ngong-road,0.37,67
2015-10-29,thika-road,0.403,58
2015-10-30,westlands,0.679,68
2015-10-30,kilimani,0.551,64
2015-10-30,karen,0.556,68
2015-10-30,lavington,0.98,64
2015-10-30,langata,0.739,56
2015-10-30,gigiri,0.458,68
2015-10-30,parklands,0.478,60
2015-10-30,upperhill,0.426,60
2015-10-30,kileleshwa,0.534,64
2015-10-30,runda,0.501,68
2015-10-30,muthaiga,0.659,68
2015-10-30,south-b,0.455,56
2015-10-30,south-c,0.557,52
2015-10-30,ngong-road,0.447,60
2015-10-30,thika-road,0.481,52
2015-10-31,westlands,0.831,98
2015-10-31,kilimani,0.655,92
2015-10-31,karen,0.637,98
2015-10-31,lavington,0.98,92
2015-10-31,langata,0.914,80
2015-10-31,gigiri,0.508,98
2015-10-31,parklands,0.533,86
2015-10-31,upperhill,0.465,86
2015-10-31,kileleshwa,0.602,92
2015-10-31,runda,0.578,98
2015-10-31,muthaiga,0.793,98
2015-10-31,south-b,0.497,80
2015-10-31,south-c,0.653,74
2015-10-31,ngong-road,0.498,86
2015-10-31,thika-road,0.525,74
2015-11-01,westlands,0.582,49
2015-11-01,kilimani,0.485,46
2015-11-01,karen,0.504,49
2015-11-01,lavington,0.803,46
2015-11-01,langata,0.627,40
2015-11-01,gigiri,0.425,49
2015-11-01,parklands,0.444,43
2015-11-01,upperhill,0.402,43
2015-11-01,kileleshwa,0.491,46
2015-11-01,runda,0.451,49
2015-11-01,muthaiga,0.574,49
2015-11-01,south-b,0.428,40
2015-11-01,south-c,0.496,37
2015-11-01,ngong-road,0.414,43
2015-11-01,thika-road,0.453,37
2015-11-02,westlands,0.523,55
2015-11-02,kilimani,0.416,52
2015-11-02,karen,0.43,55
2015-11-02,lavington,0.769,52
2015-11-02,langata,0.572,45
2015-11-02,gigiri,0.345,55
2015-11-02,parklands,0.365,48
2015-11-02,upperhill,0.32,48
2015-11-02,kileleshwa,0.415,52
2015-11-02,runda,0.377,55
2015-11-02,muthaiga,0.511,55
2015-11-02,south-b,0.347,45
2015-11-02,south-c,0.425,42
2015-11-02,ngong-road,0.335,48
2015-11-02,thika-road,0.372,42
2015-11-03,westlands,0.574,65
2015-11-03,kilimani,0.45,61
2015-11-03,karen,0.457,65
2015-11-03,lavington,0.863,61
2015-11-03,langata,0.631,53
2015-11-03,gigiri,0.362,65
2015-11-03,parklands,0.383,57
2015-11-03,upperhill,0.332,57
2015-11-03,kileleshwa,0.437,61
2015-11-03,runda,0.403,65
2015-11-03,muthaiga,0.556,65
2015-11-03,south-b,0.361,53
2015-11-03,south-c,0.457,49
2015-11-03,ngong-road,0.352,57
2015-11-03,thika-road,0.387,49
2015-11-04,westlands,0.472,45
2015-11-04,kilimani,0.381,42
2015-11-04,karen,0.403,45
2015-11-04,lavington,0.675,42
2015-11-04,langata,0.514,37
2015-11-04,gigiri,0.328,45
2015-11-04,parklands,0.346,40
2015-11-04,upperhill,0.307,40
2015-11-04,kileleshwa,0.392,42
2015-11-04,runda,0.351,45
2015-11-04,muthaiga,0.466,45
2015-11-04,south-b,0.333,37
2015-11-04,south-c,0.393,34
2015-11-04,ngong-road,0.318,40
2015-11-04,thika-road,0.357,34
2015-11-05,westlands,0.523,55
2015-11-05,kilimani,0.416,52
2015-11-05,karen,0.43,55
2015-11-05,lavington,0.769,52
2015-11-05,langata,0.572,45
2015-11-05,gigiri,0.345,55
2015-11-05,parklands,0.365,48
2015-11-05,upperhill,0.32,48
2015-11-05,kileleshwa,0.415,52
2015-11-05,runda,0.377,55
2015-11-05,muthaiga,0.511,55
2015-11-05,south-b,0.347,45
2015-11-05,south-c,0.425,42
2015-11-05,ngong-road,0.335,48
2015-11-05,thika-road,0.372,42
2015-11-06,westlands,0.76,84
2015-11-06,kilimani,0.606,79
2015-11-06,karen,0.599,84
2015-11-06,lavington,0.98,79
2015-11-06,langata,0.832,69
2015-11-06,gigiri,0.485,84
2015-11-06,parklands,0.507,74
2015-11-06,upperhill,0.447,74
2015-11-06,kileleshwa,0.57,79
2015-11-06,runda,0.542,84
2015-11-06,muthaiga,0.731,84
2015-11-06,south-b,0.477,69
2015-11-06,south-c,0.608,64
2015-11-06,ngong-road,0.474,74
2015-11-06,thika-road,0.504,64
2015-11-07,westlands,0.74,80
2015-11-07,kilimani,0.592,75
2015-11-07,karen,0.588,80
2015-11-07,lavington,0.98,75
2015-11-07,langata,0.809,66
2015-11-07,gigiri,0.478,80
2015-11-07,parklands,0.5,70
2015-11-07,upperhill,0.442,70
2015-11-07,kileleshwa,0.561,75
2015-11-07,runda,0.532,80
2015-11-07,muthaiga,0.713,80
2015-11-07,south-b,0.472,66
2015-11-07,south-c,0.595,61
2015-11-07,ngong-road,0.467,70
2015-11-07,thika-road,0.499,61
2015-11-08,westlands,0.562,45
2015-11-08,kilimani,0.471,42
2015-11-08,karen,0.493,45
2015-11-08,lavington,0.765,42
2015-11-08,langata,0.604,37
2015-11-08,gigiri,0.418,45
2015-11-08,parklands,0.436,40
2015-11-08,upperhill,0.397,40
2015-11-08,kileleshwa,0.482,42
2015-11-08,runda,0.441,45
2015-11-08,muthaiga,0.556,45
2015-11-08,south-b,0.423,37
2015-11-08,south-c,0.483,34
2015-11-08,ngong-road,0.408,40
2015-11-08,thika-road,0.447,34
2015-11-09,westlands,0.472,45
2015-11-09,kilimani,0.381,42
2015-11-09,karen,0.403,45
2015-11-09,lavington,0.675,42
2015-11-09,langata,0.514,37
2015-11-09,gigiri,0.328,45
2015-11-09,parklands,0.346,40
2015-11-09,upperhill,0.307,40
2015-11-09,kileleshwa,0.392,42
2015-11-09,runda,0.351,45
2015-11-09,muthaiga,0.466,45
2015-11-09,south-b,0.333,37
2015-11-09,south-c,0.393,34
2015-11-09,ngong-road,0.318,40
2015-11-09,thika-road,0.357,34
2015-11-10,westlands,0.442,39
2015-11-10,kilimani,0.36,37
2015-11-10,karen,0.386,39
2015-11-10,lavington,0.619,37
2015-11-10,langata,0.479,32
2015-11-10,gigiri,0.318,39
2015-11-10,parklands,0.335,34
2015-11-10,upperhill,0.299,34
2015-11-10,kileleshwa,0.378,37
2015-11-10,runda,0.335,39
2015-11-10,muthaiga,0.44,39
2015-11-10,south-b,0.324,32
2015-11-10,south-c,0.373,30
2015-11-10,ngong-road,0.307,34
2015-11-10,thika-road,0.349,30
2015-11-11,westlands,0.502,51
2015-11-11,kilimani,0.402,48
2015-11-11,karen,0.419,51
2015-11-11,lavington,0.732,48
2015-11-11,langata,0.549,42
2015-11-11,gigiri,0.339,51
2015-11-11,parklands,0.357,45
2015-11-11,upperhill,0.315,45
2015-11-11,kileleshwa,0.406,48
2015-11-11,runda,0.367,51
2015-11-11,muthaiga,0.493,51
2015-11-11,south-b,0.341,42
2015-11-11,south-c,0.412,39
2015-11-11,ngong-road,0.328,45
2015-11-11,thika-road,0.366,39
2015-11-12,westlands,0.472,45
2015-11-12,kilimani,0.381,42
2015-11-12,karen,0.403,45
2015-11-12,lavington,0.675,42
2015-11-12,langata,0.514,37
2015-11-12,gigiri,0.328,45
2015-11-12,parklands,0.346,40
2015-11-12,upperhill,0.307,40
2015-11-12,kileleshwa,0.392,42
2015-11-12,runda,0.351,45
2015-11-12,muthaiga,0.466,45
2015-11-12,south-b,0.333,37
2015-11-12,south-c,0.393,34
2015-11-12,ngong-road,0.318,40
2015-11-12,thika-road,0.357,34
2015-11-13,westlands,0.476,28
2015-11-13,kilimani,0.412,26
2015-11-13,karen,0.446,28
2015-11-13,lavington,0.606,26
2015-11-13,langata,0.504,23
2015-11-13,gigiri,0.39,28
2015-11-13,parklands,0.405,25
2015-11-13,upperhill,0.375,25
2015-11-13,kileleshwa,0.443,26
2015-11-13,runda,0.397,28
2015-11-13,muthaiga,0.48,28
2015-11-13,south-b,0.399,23
2015-11-13,south-c,0.428,21
2015-11-13,ngong-road,0.379,25
2015-11-13,thika-road,0.422,21
2015-11-14,westlands,0.501,33
2015-11-14,kilimani,0.43,31
2015-11-14,karen,0.46,33
2015-11-14,lavington,0.653,31
2015-11-14,langata,0.534,27
2015-11-14,gigiri,0.398,33
2015-11-14,parklands,0.414,29
2015-11-14,upperhill,0.382,29
2015-11-14,kileleshwa,0.455,31
2015-11-14,runda,0.41,33
2015-11-14,muthaiga,0.503,33
2015-11-14,south-b,0.406,27
2015-11-14,south-c,0.444,25
2015-11-14,ngong-road,0.387,29
2015-11-14,thika-road,0.43,25
2015-11-15,westlands,0.456,24
2015-11-15,kilimani,0.398,23
2015-11-15,karen,0.436,24
2015-11-15,lavington,0.569,23
2015-11-15,langata,0.481,20
2015-11-15,gigiri,0.383,24
2015-11-15,parklands,0.398,21
2015-11-15,upperhill,0.37,21
2015-11-15,kileleshwa,0.434,23
2015-11-15,runda,0.386,24
2015-11-15,muthaiga,0.463,24
2015-11-15,south-b,0.394,20
2015-11-15,south-c,0.415,18
2015-11-15,ngong-road,0.372,21
2015-11-15,thika-road,0.417,18
2015-11-16,westlands,0.563,63
2015-11-16,kilimani,0.443,59
2015-11-16,karen,0.452,63
2015-11-16,lavington,0.844,59
2015-11-16,langata,0.619,52
2015-11-16,gigiri,0.359,63
2015-11-16,parklands,0.379,55
2015-11-16,upperhill,0.33,55
2015-11-16,kileleshwa,0.433,59
2015-11-16,runda,0.398,63
2015-11-16,muthaiga,0.547,63
2015-11-16,south-b,0.358,52
2015-11-16,south-c,0.451,48
2015-11-16,ngong-road,0.348,55
2015-11-16,thika-road,0.384,48
2015-11-17,westlands,0.619,74
2015-11-17,kilimani,0.481,70
2015-11-17,karen,0.482,74
2015-11-17,lavington,0.947,70
2015-11-17,langata,0.684,61
2015-11-17,gigiri,0.378,74
2015-11-17,parklands,0.399,65
2015-11-17,upperhill,0.344,65
2015-11-17,kileleshwa,0.458,70
2015-11-17,runda,0.426,74
2015-11-17,muthaiga,0.596,74
2015-11-17,south-b,0.373,61
2015-11-17,south-c,0.486,56
2015-11-17,ngong-road,0.367,65
2015-11-17,thika-road,0.4,56
2015-11-18,westlands,0.98,161
2015-11-18,kilimani,0.783,151
2015-11-18,karen,0.719,161
2015-11-18,lavington,0.98,151
2015-11-18,langata,0.98,132
2015-11-18,gigiri,0.525,161
2015-11-18,parklands,0.558,142
2015-11-18,upperhill,0.455,142
2015-11-18,kileleshwa,0.655,151
2015-11-18,runda,0.652,161
2015-11-18,muthaiga,0.98,161
2015-11-18,south-b,0.494,132
2015-11-18,south-c,0.766,122
2015-11-18,ngong-road,0.515,142
2015-11-18,thika-road,0.527,122
2015-11-19,westlands,0.467,44
2015-11-19,kilimani,0.378,41
2015-11-19,karen,0.4,44
2015-11-19,lavington,0.666,41
2015-11-19,langata,0.508,36
2015-11-19,gigiri,0.327,44
2015-11-19,parklands,0.344,39
2015-11-19,upperhill,0.306,39
2015-11-19,kileleshwa,0.39,41
2015-11-19,runda,0.348,44
2015-11-19,muthaiga,0.462,44
2015-11-19,south-b,0.331,36
2015-11-19,south-c,0.39,33
2015-11-19,ngong-road,0.316,39
2015-11-19,thika-road,0.356,33
2015-11-20,westlands,0.98,133
2015-11-20,kilimani,0.776,125
2015-11-20,karen,0.733,133
2015-11-20,lavington,0.98,125
2015-11-20,langata,0.98,109
2015-11-20,gigiri,0.568,133
2015-11-20,parklands,0.597,117
2015-11-20,upperhill,0.509,117
2015-11-20,kileleshwa,0.681,125
2015-11-20,runda,0.669,133
2015-11-20,muthaiga,0.95,133
2015-11-20,south-b,0.545,109
2015-11-20,south-c,0.766,101
2015-11-20,ngong-road,0.557,117
2015-11-20,thika-road,0.576,101
2015-11-21,westlands,0.745,81
2015-11-21,kilimani,0.596,76
2015-11-21,karen,0.591,81
2015-11-21,lavington,0.98,76
2015-11-21,langata,0.815,66
2015-11-21,gigiri,0.48,81
2015-11-21,parklands,0.502,71
2015-11-21,upperhill,0.443,71
2015-11-21,kileleshwa,0.564,76
2015-11-21,runda,0.534,81
2015-11-21,muthaiga,0.717,81
2015-11-21,south-b,0.473,66
2015-11-21,south-c,0.599,62
2015-11-21,ngong-road,0.469,71
2015-11-21,thika-road,0.5,62
2015-11-22,westlands,0.516,36
2015-11-22,kilimani,0.44,34
2015-11-22,karen,0.468,36
2015-11-22,lavington,0.681,34
2015-11-22,langata,0.551,30
2015-11-22,gigiri,0.403,36
2015-11-22,parklands,0.42,32
2015-11-22,upperhill,0.385,32
2015-11-22,kileleshwa,0.462,34
2015-11-22,runda,0.418,36
2015-11-22,muthaiga,0.516,36
2015-11-22,south-b,0.41,30
2015-11-22,south-c,0.454,27
2015-11-22,ngong-road,0.392,32
2015-11-22,thika-road,0.434,27
2015-11-23,westlands,0.954,140
2015-11-23,kilimani,0.71,132
2015-11-23,karen,0.662,140
2015-11-23,lavington,0.98,132
2015-11-23,langata,0.98,115
2015-11-23,gigiri,0.49,140
2015-11-23,parklands,0.52,123
2015-11-23,upperhill,0.428,123
2015-11-23,kileleshwa,0.607,132
2015-11-23,runda,0.597,140
2015-11-23,muthaiga,0.891,140
2015-11-23,south-b,0.465,115
2015-11-23,south-c,0.698,106
2015-11-23,ngong-road,0.479,123
2015-11-23,thika-road,0.496,106
2015-11-24,westlands,0.574,65
2015-11-24,kilimani,0.45,61
2015-11-24,karen,0.457,65
2015-11-24,lavington,0.863,61
2015-11-24,langata,0.631,53
2015-11-24,gigiri,0.362,65
2015-11-24,parklands,0.383,57
2015-11-24,upperhill,0.332,57
2015-11-24,kileleshwa,0.437,61
2015-11-24,runda,0.403,65
2015-11-24,muthaiga,0.556,65
2015-11-24,south-b,0.361,53
2015-11-24,south-c,0.457,49
2015-11-24,ngong-road,0.352,57
2015-11-24,thika-road,0.387,49
2015-11-25,westlands,0.457,42
2015-11-25,kilimani,0.371,39
2015-11-25,karen,0.395,42
2015-11-25,lavington,0.647,39
2015-11-25,langata,0.496,34
2015-11-25,gigiri,0.323,42
2015-11-25,parklands,0.341,37
2015-11-25,upperhill,0.303,37
2015-11-25,kileleshwa,0.385,39
2015-11-25,runda,0.343,42
2015-11-25,muthaiga,0.453,42
2015-11-25,south-b,0.329,34
2015-11-25,south-c,0.383,32
2015-11-25,ngong-road,0.313,37
2015-11-25,thika-road,0.353,32
2015-11-26,westlands,0.492,49
2015-11-26,kilimani,0.395,46
2015-11-26,karen,0.414,49
2015-11-26,lavington,0.713,46
2015-11-26,langata,0.537,40
2015-11-26,gigiri,0.335,49
2015-11-26,parklands,0.354,43
2015-11-26,upperhill,0.312,43
2015-11-26,kileleshwa,0.401,46
2015-11-26,runda,0.361,49
2015-11-26,muthaiga,0.484,49
2015-11-26,south-b,0.338,40
2015-11-26,south-c,0.406,37
2015-11-26,ngong-road,0.324,43
2015-11-26,thika-road,0.363,37
2015-11-27,westlands,0.912,114
2015-11-27,kilimani,0.71,107
2015-11-27,karen,0.681,114
2015-11-27,lavington,0.98,107
2015-11-27,langata,0.98,93
2015-11-27,gigiri,0.536,114
2015-11-27,parklands,0.562,100
2015-11-27,upperhill,0.485,100
2015-11-27,kileleshwa,0.638,107
2015-11-27,runda,0.62,114
2015-11-27,muthaiga,0.865,114
2015-11-27,south-b,0.519,93
2015-11-27,south-c,0.705,87
2015-11-27,ngong-road,0.525,100
2015-11-27,thika-road,0.548,87
2015-11-28,westlands,0.572,47
2015-11-28,kilimani,0.478,44
2015-11-28,karen,0.498,47
2015-11-28,lavington,0.784,44
2015-11-28,langata,0.616,39
2015-11-28,gigiri,0.422,47
2015-11-28,parklands,0.44,41
2015-11-28,upperhill,0.399,41
2015-11-28,kileleshwa,0.486,44
2015-11-28,runda,0.446,47
2015-11-28,muthaiga,0.565,47
2015-11-28,south-b,0.426,39
2015-11-28,south-c,0.489,36
2015-11-28,ngong-road,0.411,41
2015-11-28,thika-road,0.45,36
2015-11-29,westlands,0.41,15
2015-11-29,kilimani,0.367,14
2015-11-29,karen,0.411,15
2015-11-29,lavington,0.484,14
2015-11-29,langata,0.428,12
2015-11-29,gigiri,0.368,15
2015-11-29,parklands,0.381,13
2015-11-29,upperhill,0.358,13
2015-11-29,kileleshwa,0.414,14
2015-11-29,runda,0.363,15
2015-11-29,muthaiga,0.422,15
2015-11-29,south-b,0.381,12
2015-11-29,south-c,0.386,11
2015-11-29,ngong-road,0.357,13
2015-11-29,thika-road,0.403,11
2015-11-30,westlands,0.482,47
2015-11-30,kilimani,0.388,44
2015-11-30,karen,0.408,47
2015-11-30,lavington,0.694,44
2015-11-30,langata,0.526,39
2015-11-30,gigiri,0.332,47
2015-11-30,parklands,0.35,41
2015-11-30,upperhill,0.309,41
2015-11-30,kileleshwa,0.396,44
2015-11-30,runda,0.356,47
2015-11-30,muthaiga,0.475,47
2015-11-30,south-b,0.336,39
2015-11-30,south-c,0.399,36
2015-11-30,ngong-road,0.321,41
2015-11-30,thika-road,0.36,36
2015-12-01,westlands,0.472,45
2015-12-01,kilimani,0.381,42
2015-12-01,karen,0.403,45
2015-12-01,lavington,0.675,42
2015-12-01,langata,0.514,37
2015-12-01,gigiri,0.328,45
2015-12-01,parklands,0.346,40
2015-12-01,upperhill,0.307,40
2015-12-01,kileleshwa,0.392,42
2015-12-01,runda,0.351,45
2015-12-01,muthaiga,0.466,45
2015-12-01,south-b,0.333,37
2015-12-01,south-c,0.393,34
2015-12-01,ngong-road,0.318,40
2015-12-01,thika-road,0.357,34
2015-12-02,westlands,0.508,52
2015-12-02,kilimani,0.405,49
2015-12-02,karen,0.422,52
2015-12-02,lavington,0.741,49
2015-12-02,langata,0.555,43
2015-12-02,gigiri,0.34,52
2015-12-02,parklands,0.359,46
2015-12-02,upperhill,0.316,46
2015-12-02,kileleshwa,0.408,49
2015-12-02,runda,0.369,52
2015-12-02,muthaiga,0.498,52
2015-12-02,south-b,0.343,43
2015-12-02,south-c,0.415,40
2015-12-02,ngong-road,0.33,46
2015-12-02,thika-road,0.368,40
2015-12-03,westlands,0.543,59
2015-12-03,kilimani,0.43,55
2015-12-03,karen,0.441,59
2015-12-03,lavington,0.807,55
2015-12-03,langata,0.596,48
2015-12-03,gigiri,0.352,59
2015-12-03,parklands,0.372,52
2015-12-03,upperhill,0.325,52
2015-12-03,kileleshwa,0.424,55
2015-12-03,runda,0.387,59
2015-12-03,muthaiga,0.529,59
2015-12-03,south-b,0.352,48
2015-12-03,south-c,0.438,45
2015-12-03,ngong-road,0.341,52
2015-12-03,thika-road,0.378,45
2015-12-04,westlands,0.719,76
2015-12-04,kilimani,0.578,71
2015-12-04,karen,0.577,76
2015-12-04,lavington,0.98,71
2015-12-04,langata,0.785,62
2015-12-04,gigiri,0.471,76
2015-12-04,parklands,0.493,67
2015-12-04,upperhill,0.436,67
2015-12-04,kileleshwa,0.552,71
2015-12-04,runda,0.521,76
2015-12-04,muthaiga,0.695,76
2015-12-04,south-b,0.466,62
2015-12-04,south-c,0.582,58
2015-12-04,ngong-road,0.46,67
2015-12-04,thika-road,0.493,58
2015-12-05,westlands,0.98,255
2015-12-05,kilimani,0.98,240
2015-12-05,karen,0.98,255
2015-12-05,lavington,0.98,240
2015-12-05,langata,0.98,209
2015-12-05,gigiri,0.775,255
2015-12-05,parklands,0.82,224
2015-12-05,upperhill,0.665,224
2015-12-05,kileleshwa,0.958,240
2015-12-05,runda,0.98,255
2015-12-05,muthaiga,0.98,255
2015-12-05,south-b,0.715,209
2015-12-05,south-c,0.98,194
2015-12-05,ngong-road,0.765,224
2015-12-05,thika-road,0.755,194
2015-12-06,westlands,0.557,44
2015-12-06,kilimani,0.468,41
2015-12-06,karen,0.49,44
2015-12-06,lavington,0.756,41
2015-12-06,langata,0.598,36
2015-12-06,gigiri,0.417,44
2015-12-06,parklands,0.434,39
2015-12-06,upperhill,0.396,39
2015-12-06,kileleshwa,0.48,41
2015-12-06,runda,0.438,44
2015-12-06,muthaiga,0.552,44
2015-12-06,south-b,0.421,36
2015-12-06,south-c,0.48,33
2015-12-06,ngong-road,0.406,39
2015-12-06,thika-road,0.446,33
2015-12-07,westlands,0.36,23
2015-12-07,kilimani,0.305,22
2015-12-07,karen,0.343,23
2015-12-07,lavington,0.469,22
2015-12-07,langata,0.385,19
2015-12-07,gigiri,0.291,23
2015-12-07,parklands,0.306,20
2015-12-07,upperhill,0.279,20
2015-12-07,kileleshwa,0.342,22
2015-12-07,runda,0.294,23
2015-12-07,muthaiga,0.368,23
2015-12-07,south-b,0.302,19
2015-12-07,south-c,0.322,17
2015-12-07,ngong-road,0.28,20
2015-12-07,thika-road,0.325,17
2015-12-08,westlands,0.366,24
2015-12-08,kilimani,0.308,23
2015-12-08,karen,0.346,24
2015-12-08,lavington,0.479,23
2015-12-08,langata,0.391,20
2015-12-08,gigiri,0.293,24
2015-12-08,parklands,0.308,21
2015-12-08,upperhill,0.28,21
2015-12-08,kileleshwa,0.344,23
2015-12-08,runda,0.296,24
2015-12-08,muthaiga,0.373,24
2015-12-08,south-b,0.304,20
2015-12-08,south-c,0.325,18
2015-12-08,ngong-road,0.282,21
2015-12-08,thika-road,0.327,18
2015-12-09,westlands,0.589,68
2015-12-09,kilimani,0.461,64
2015-12-09,karen,0.466,68
2015-12-09,lavington,0.891,64
2015-12-09,langata,0.649,56
2015-12-09,gigiri,0.368,68
2015-12-09,parklands,0.388,60
2015-12-09,upperhill,0.336,60
2015-12-09,kileleshwa,0.444,64
2015-12-09,runda,0.411,68
2015-12-09,muthaiga,0.569,68
2015-12-09,south-b,0.365,56
2015-12-09,south-c,0.467,52
2015-12-09,ngong-road,0.357,60
2015-12-09,thika-road,0.391,52
2015-12-10,westlands,0.639,78
2015-12-10,kilimani,0.495,73
2015-12-10,karen,0.493,78
2015-12-10,lavington,0.98,73
2015-12-10,langata,0.707,64
2015-12-10,gigiri,0.384,78
2015-12-10,parklands,0.406,69
2015-12-10,upperhill,0.349,69
2015-12-10,kileleshwa,0.467,73
2015-12-10,runda,0.437,78
2015-12-10,muthaiga,0.614,78
2015-12-10,south-b,0.379,64
2015-12-10,south-c,0.499,59
2015-12-10,ngong-road,0.374,69
2015-12-10,thika-road,0.406,59
2015-12-11,westlands,0.552,43
2015-12-11,kilimani,0.464,40
2015-12-11,karen,0.487,43
2015-12-11,lavington,0.747,40
2015-12-11,langata,0.592,35
2015-12-11,gigiri,0.415,43
2015-12-11,parklands,0.433,38
2015-12-11,upperhill,0.394,38
2015-12-11,kileleshwa,0.477,40
2015-12-11,runda,0.436,43
2015-12-11,muthaiga,0.547,43
2015-12-11,south-b,0.42,35
2015-12-11,south-c,0.476,33
2015-12-11,ngong-road,0.404,38
2015-12-11,thika-road,0.444,33
2015-12-12,westlands,0.537,40
2015-12-12,kilimani,0.454,38
2015-12-12,karen,0.479,40
2015-12-12,lavington,0.719,38
2015-12-12,langata,0.575,33
2015-12-12,gigiri,0.41,40
2015-12-12,parklands,0.427,35
2015-12-12,upperhill,0.39,35
2015-12-12,kileleshwa,0.471,38
2015-12-12,runda,0.428,40
2015-12-12,muthaiga,0.534,40
2015-12-12,south-b,0.416,33
2015-12-12,south-c,0.467,30
2015-12-12,ngong-road,0.399,35
2015-12-12,thika-road,0.44,30
2015-12-13,westlands,0.41,15
2015-12-13,kilimani,0.367,14
2015-12-13,karen,0.411,15
2015-12-13,lavington,0.484,14
2015-12-13,langata,0.428,12
2015-12-13,gigiri,0.368,15
2015-12-13,parklands,0.381,13
2015-12-13,upperhill,0.358,13
2015-12-13,kileleshwa,0.414,14
2015-12-13,runda,0.363,15
2015-12-13,muthaiga,0.422,15
2015-12-13,south-b,0.381,12
2015-12-13,south-c,0.386,11
2015-12-13,ngong-road,0.357,13
2015-12-13,thika-road,0.403,11
2015-12-14,westlands,0.426,36
2015-12-14,kilimani,0.35,34
2015-12-14,karen,0.378,36
2015-12-14,lavington,0.591,34
2015-12-14,langata,0.461,30
2015-12-14,gigiri,0.313,36
2015-12-14,parklands,0.33,32
2015-12-14,upperhill,0.295,32
2015-12-14,kileleshwa,0.372,34
2015-12-14,runda,0.328,36
2015-12-14,muthaiga,0.426,36
2015-12-14,south-b,0.32,30
2015-12-14,south-c,0.364,27
2015-12-14,ngong-road,0.302,32
2015-12-14,thika-road,0.344,27
2015-12-15,westlands,0.376,26
2015-12-15,kilimani,0.315,24
2015-12-15,karen,0.351,26
2015-12-15,lavington,0.497,24
2015-12-15,langata,0.403,21
2015-12-15,gigiri,0.296,26
2015-12-15,parklands,0.312,23
2015-12-15,upperhill,0.283,23
2015-12-15,kileleshwa,0.349,24
2015-12-15,runda,0.302,26
2015-12-15,muthaiga,0.381,26
2015-12-15,south-b,0.306,21
2015-12-15,south-c,0.332,20
2015-12-15,ngong-road,0.285,23
2015-12-15,thika-road,0.329,20
2015-12-16,westlands,0.452,41
2015-12-16,kilimani,0.367,39
2015-12-16,karen,0.392,41
2015-12-16,lavington,0.638,39
2015-12-16,langata,0.49,34
2015-12-16,gigiri,0.322,41
2015-12-16,parklands,0.339,36
2015-12-16,upperhill,0.302,36
2015-12-16,kileleshwa,0.383,39
2015-12-16,runda,0.341,41
2015-12-16,muthaiga,0.449,41
2015-12-16,south-b,0.327,34
2015-12-16,south-c,0.38,31
2015-12-16,ngong-road,0.311,36
2015-12-16,thika-road,0.351,31
2015-12-17,westlands,0.462,43
2015-12-17,kilimani,0.374,40
2015-12-17,karen,0.397,43
2015-12-17,lavington,0.657,40
2015-12-17,langata,0.502,35
2015-12-17,gigiri,0.325,43
2015-12-17,parklands,0.343,38
2015-12-17,upperhill,0.304,38
2015-12-17,kileleshwa,0.387,40
2015-12-17,runda,0.346,43
2015-12-17,muthaiga,0.457,43
2015-12-17,south-b,0.33,35
2015-12-17,south-c,0.386,33
2015-12-17,ngong-road,0.314,38
2015-12-17,thika-road,0.354,33
2015-12-18,westlands,0.547,42
2015-12-18,kilimani,0.461,39
2015-12-18,karen,0.485,42
2015-12-18,lavington,0.737,39
2015-12-18,langata,0.586,34
2015-12-18,gigiri,0.413,42
2015-12-18,parklands,0.431,37
2015-12-18,upperhill,0.393,37
2015-12-18,kileleshwa,0.475,39
2015-12-18,runda,0.433,42
2015-12-18,muthaiga,0.543,42
2015-12-18,south-b,0.419,34
2015-12-18,south-c,0.473,32
2015-12-18,ngong-road,0.403,37
2015-12-18,thika-road,0.443,32
2015-12-19,westlands,0.608,54
2015-12-19,kilimani,0.502,51
2015-12-19,karen,0.517,54
2015-12-19,lavington,0.85,51
2015-12-19,langata,0.657,44
2015-12-19,gigiri,0.434,54
2015-12-19,parklands,0.453,48
2015-12-19,upperhill,0.408,48
2015-12-19,kileleshwa,0.502,51
2015-12-19,runda,0.464,54
2015-12-19,muthaiga,0.597,54
2015-12-19,south-b,0.435,44
2015-12-19,south-c,0.512,41
2015-12-19,ngong-road,0.423,48
2015-12-19,thika-road,0.46,41
2015-12-20,westlands,0.476,28
2015-12-20,kilimani,0.412,26
2015-12-20,karen,0.446,28
2015-12-20,lavington,0.606,26
2015-12-20,langata,0.504,23
2015-12-20,gigiri,0.39,28
2015-12-20,parklands,0.405,25
2015-12-20,upperhill,0.375,25
2015-12-20,kileleshwa,0.443,26
2015-12-20,runda,0.397,28
2015-12-20,muthaiga,0.48,28
2015-12-20,south-b,0.399,23
2015-12-20,south-c,0.428,21
2015-12-20,ngong-road,0.379,25
2015-12-20,thika-road,0.422,21
2015-12-21,westlands,0.437,38
2015-12-21,kilimani,0.357,36
2015-12-21,karen,0.384,38
2015-12-21,lavington,0.61,36
2015-12-21,langata,0.473,31
2015-12-21,gigiri,0.317,38
2015-12-21,parklands,0.333,33
2015-12-21,upperhill,0.298,33
2015-12-21,kileleshwa,0.376,36
2015-12-21,runda,0.333,38
2015-12-21,muthaiga,0.435,38
2015-12-21,south-b,0.323,31
2015-12-21,south-c,0.37,29
2015-12-21,ngong-road,0.306,33
2015-12-21,thika-road,0.347,29
2015-12-22,westlands,0.523,55
2015-12-22,kilimani,0.416,52
2015-12-22,karen,0.43,55
2015-12-22,lavington,0.769,52
2015-12-22,langata,0.572,45
2015-12-22,gigiri,0.345,55
2015-12-22,parklands,0.365,48
2015-12-22,upperhill,0.32,48
2015-12-22,kileleshwa,0.415,52
2015-12-22,runda,0.377,55
2015-12-22,muthaiga,0.511,55
2015-12-22,south-b,0.347,45
2015-12-22,south-c,0.425,42
2015-12-22,ngong-road,0.335,48
2015-12-22,thika-road,0.372,42
2015-12-23,westlands,0.518,54
2015-12-23,kilimani,0.412,51
2015-12-23,karen,0.427,54
2015-12-23,lavington,0.76,51
2015-12-23,langata,0.567,44
2015-12-23,gigiri,0.344,54
2015-12-23,parklands,0.363,48
2015-12-23,upperhill,0.318,48
2015-12-23,kileleshwa,0.412,51
2015-12-23,runda,0.374,54
2015-12-23,muthaiga,0.507,54
2015-12-23,south-b,0.345,44
2015-12-23,south-c,0.422,41
2015-12-23,ngong-road,0.333,48
2015-12-23,thika-road,0.37,41
2015-12-24,westlands,0.594,69
2015-12-24,kilimani,0.464,65
2015-12-24,karen,0.468,69
2015-12-24,lavington,0.901,65
2015-12-24,langata,0.654,57
2015-12-24,gigiri,0.369,69
2015-12-24,parklands,0.39,61
2015-12-24,upperhill,0.338,61
2015-12-24,kileleshwa,0.446,65
2015-12-24,runda,0.413,69
2015-12-24,muthaiga,0.574,69
2015-12-24,south-b,0.366,57
2015-12-24,south-c,0.47,52
2015-12-24,ngong-road,0.358,61
2015-12-24,thika-road,0.392,52
2015-12-25,westlands,0.537,40
2015-12-25,kilimani,0.454,38
2015-12-25,karen,0.479,40
2015-12-25,lavington,0.719,38
2015-12-25,langata,0.575,33
2015-12-25,gigiri,0.41,40
2015-12-25,parklands,0.427,35
2015-12-25,upperhill,0.39,35
2015-12-25,kileleshwa,0.471,38
2015-12-25,runda,0.428,40
2015-12-25,muthaiga,0.534,40
2015-12-25,south-b,0.416,33
2015-12-25,south-c,0.467,30
2015-12-25,ngong-road,0.399,35
2015-12-25,thika-road,0.44,30
2015-12-26,westlands,0.76,84
2015-12-26,kilimani,0.606,79
2015-12-26,karen,0.599,84
2015-12-26,lavington,0.98,79
2015-12-26,langata,0.832,69
2015-12-26,gigiri,0.485,84
2015-12-26,parklands,0.507,74
2015-12-26,upperhill,0.447,74
2015-12-26,kileleshwa,0.57,79
2015-12-26,runda,0.542,84
2015-12-26,muthaiga,0.731,84
2015-12-26,south-b,0.477,69
2015-12-26,south-c,0.608,64
2015-12-26,ngong-road,0.474,74
2015-12-26,thika-road,0.504,64
2015-12-27,westlands,0.755,83
2015-12-27,kilimani,0.603,78
2015-12-27,karen,0.596,83
2015-12-27,lavington,0.98,78
2015-12-27,langata,0.826,68
2015-12-27,gigiri,0.483,83
2015-12-27,parklands,0.506,73
2015-12-27,upperhill,0.445,73
2015-12-27,kileleshwa,0.568,78
2015-12-27,runda,0.54,83
2015-12-27,muthaiga,0.726,83
2015-12-27,south-b,0.476,68
2015-12-27,south-c,0.605,63
2015-12-27,ngong-road,0.472,73
2015-12-27,thika-road,0.503,63
2015-12-28,westlands,0.619,74
2015-12-28,kilimani,0.481,70
2015-12-28,karen,0.482,74
2015-12-28,lavington,0.947,70
2015-12-28,langata,0.684,61
2015-12-28,gigiri,0.378,74
2015-12-28,parklands,0.399,65
2015-12-28,upperhill,0.344,65
2015-12-28,kileleshwa,0.458,70
2015-12-28,runda,0.426,74
2015-12-28,muthaiga,0.596,74
2015-12-28,south-b,0.373,61
2015-12-28,south-c,0.486,56
2015-12-28,ngong-road,0.367,65
2015-12-28,thika-road,0.4,56
2015-12-29,westlands,0.756,101
2015-12-29,kilimani,0.575,95
2015-12-29,karen,0.555,101
2015-12-29,lavington,0.98,95
2015-12-29,langata,0.842,83
2015-12-29,gigiri,0.424,101
2015-12-29,parklands,0.448,89
2015-12-29,upperhill,0.378,89
2015-12-29,kileleshwa,0.519,95
2015-12-29,runda,0.496,101
2015-12-29,muthaiga,0.717,101
2015-12-29,south-b,0.411,83
2015-12-29,south-c,0.573,77
2015-12-29,ngong-road,0.413,89
2015-12-29,thika-road,0.439,77
2015-12-30,westlands,0.98,171
2015-12-30,kilimani,0.817,161
2015-12-30,karen,0.746,171
2015-12-30,lavington,0.98,161
2015-12-30,langata,0.98,140
2015-12-30,gigiri,0.542,171
2015-12-30,parklands,0.576,150
2015-12-30,upperhill,0.468,150
2015-12-30,kileleshwa,0.678,161
2015-12-30,runda,0.678,171
2015-12-30,muthaiga,0.98,171
2015-12-30,south-b,0.508,140
2015-12-30,south-c,0.798,130
2015-12-30,ngong-road,0.532,150
2015-12-30,thika-road,0.542,130
2015-12-31,westlands,0.68,86
2015-12-31,kilimani,0.523,81
2015-12-31,karen,0.515,86
2015-12-31,lavington,0.98,81
2015-12-31,langata,0.754,71
2015-12-31,gigiri,0.398,86
2015-12-31,parklands,0.421,76
2015-12-31,upperhill,0.359,76
2015-12-31,kileleshwa,0.485,81
2015-12-31,runda,0.457,86
2015-12-31,muthaiga,0.65,86
2015-12-31,south-b,0.39,71
2015-12-31,south-c,0.525,65
2015-12-31,ngong-road,0.387,76
2015-12-31,thika-road,0.417,65
2016-01-01,westlands,0.501,33
2016-01-01,kilimani,0.43,31
2016-01-01,karen,0.46,33
2016-01-01,lavington,0.653,31
2016-01-01,langata,0.534,27
2016-01-01,gigiri,0.398,33
2016-01-01,parklands,0.414,29
2016-01-01,upperhill,0.382,29
2016-01-01,kileleshwa,0.455,31
2016-01-01,runda,0.41,33
2016-01-01,muthaiga,0.503,33
2016-01-01,south-b,0.406,27
2016-01-01,south-c,0.444,25
2016-01-01,ngong-road,0.387,29
2016-01-01,thika-road,0.43,25
2016-01-02,westlands,0.937,119
2016-01-02,kilimani,0.727,112
2016-01-02,karen,0.695,119
2016-01-02,lavington,0.98,112
2016-01-02,langata,0.98,98
2016-01-02,gigiri,0.544,119
2016-01-02,parklands,0.571,105
2016-01-02,upperhill,0.491,105
2016-01-02,kileleshwa,0.65,112
2016-01-02,runda,0.633,119
2016-01-02,muthaiga,0.887,119
2016-01-02,south-b,0.526,98
2016-01-02,south-c,0.721,90
2016-01-02,ngong-road,0.533,105
2016-01-02,thika-road,0.556,90
2016-01-03,westlands,0.557,44
2016-01-03,kilimani,0.468,41
2016-01-03,karen,0.49,44
2016-01-03,lavington,0.756,41
2016-01-03,langata,0.598,36
2016-01-03,gigiri,0.417,44
2016-01-03,parklands,0.434,39
2016-01-03,upperhill,0.396,39
2016-01-03,kileleshwa,0.48,41
2016-01-03,runda,0.438,44
2016-01-03,muthaiga,0.552,44
2016-01-03,south-b,0.421,36
2016-01-03,south-c,0.48,33
2016-01-03,ngong-road,0.406,39
2016-01-03,thika-road,0.446,33
2016-01-04,westlands,0.579,66
2016-01-04,kilimani,0.454,62
2016-01-04,karen,0.46,66
2016-01-04,lavington,0.872,62
2016-01-04,langata,0.637,54
2016-01-04,gigiri,0.364,66
2016-01-04,parklands,0.385,58
2016-01-04,upperhill,0.334,58
2016-01-04,kileleshwa,0.44,62
2016-01-04,runda,0.405,66
2016-01-04,muthaiga,0.56,66
2016-01-04,south-b,0.362,54
2016-01-04,south-c,0.46,50
2016-01-04,ngong-road,0.353,58
2016-01-04,thika-road,0.388,50
2016-01-05,westlands,0.437,38
2016-01-05,kilimani,0.357,36
2016-01-05,karen,0.384,38
2016-01-05,lavington,0.61,36
2016-01-05,langata,0.473,31
2016-01-05,gigiri,0.317,38
2016-01-05,parklands,0.333,33
2016-01-05,upperhill,0.298,33
2016-01-05,kileleshwa,0.376,36
2016-01-05,runda,0.333,38
2016-01-05,muthaiga,0.435,38
2016-01-05,south-b,0.323,31
2016-01-05,south-c,0.37,29
2016-01-05,ngong-road,0.306,33
2016-01-05,thika-road,0.347,29
2016-01-06,westlands,0.467,44
2016-01-06,kilimani,0.378,41
2016-01-06,karen,0.4,44
2016-01-06,lavington,0.666,41
2016-01-06,langata,0.508,36
2016-01-06,gigiri,0.327,44
2016-01-06,parklands,0.344,39
2016-01-06,upperhill,0.306,39
2016-01-06,kileleshwa,0.39,41
2016-01-06,runda,0.348,44
2016-01-06,muthaiga,0.462,44
2016-01-06,south-b,0.331,36
2016-01-06,south-c,0.39,33
2016-01-06,ngong-road,0.316,39
2016-01-06,thika-road,0.356,33
2016-01-07,westlands,0.452,41
2016-01-07,kilimani,0.367,39
2016-01-07,karen,0.392,41
2016-01-07,lavington,0.638,39
2016-01-07,langata,0.49,34
2016-01-07,gigiri,0.322,41
2016-01-07,parklands,0.339,36
2016-01-07,upperhill,0.302,36
2016-01-07,kileleshwa,0.383,39
2016-01-07,runda,0.341,41
2016-01-07,muthaiga,0.449,41
2016-01-07,south-b,0.327,34
2016-01-07,south-c,0.38,31
2016-01-07,ngong-road,0.311,36
2016-01-07,thika-road,0.351,31
2016-01-08,westlands,0.572,47
2016-01-08,kilimani,0.478,44
2016-01-08,karen,0.498,47
2016-01-08,lavington,0.784,44
2016-01-08,langata,0.616,39
2016-01-08,gigiri,0.422,47
2016-01-08,parklands,0.44,41
2016-01-08,upperhill,0.399,41
2016-01-08,kileleshwa,0.486,44
2016-01-08,runda,0.446,47
2016-01-08,muthaiga,0.565,47
2016-01-08,south-b,0.426,39
2016-01-08,south-c,0.489,36
2016-01-08,ngong-road,0.411,41
2016-01-08,thika-road,0.45,36
2016-01-09,westlands,0.547,42
2016-01-09,kilimani,0.461,39
2016-01-09,karen,0.485,42
2016-01-09,lavington,0.737,39
2016-01-09,langata,0.586,34
2016-01-09,gigiri,0.413,42
2016-01-09,parklands,0.431,37
2016-01-09,upperhill,0.393,37
2016-01-09,kileleshwa,0.475,39
2016-01-09,runda,0.433,42
2016-01-09,muthaiga,0.543,42
2016-01-09,south-b,0.419,34
2016-01-09,south-c,0.473,32
2016-01-09,ngong-road,0.403,37
2016-01-09,thika-road,0.443,32
2016-01-10,westlands,0.532,39
2016-01-10,kilimani,0.45,37
2016-01-10,karen,0.476,39
2016-01-10,lavington,0.709,37
2016-01-10,langata,0.569,32
2016-01-10,gigiri,0.408,39
2016-01-10,parklands,0.425,34
2016-01-10,upperhill,0.389,34
2016-01-10,kileleshwa,0.468,37
2016-01-10,runda,0.425,39
2016-01-10,muthaiga,0.53,39
2016-01-10,south-b,0.414,32
2016-01-10,south-c,0.463,30
2016-01-10,ngong-road,0.397,34
2016-01-10,thika-road,0.439,30
2016-01-11,westlands,0.442,39
2016-01-11,kilimani,0.36,37
2016-01-11,karen,0.386,39
2016-01-11,lavington,0.619,37
2016-01-11,langata,0.479,32
2016-01-11,gigiri,0.318,39
2016-01-11,parklands,0.335,34
2016-01-11,upperhill,0.299,34
2016-01-11,kileleshwa,0.378,37
2016-01-11,runda,0.335,39
2016-01-11,muthaiga,0.44,39
2016-01-11,south-b,0.324,32
2016-01-11,south-c,0.373,30
2016-01-11,ngong-road,0.307,34
2016-01-11,thika-road,0.349,30
2016-01-12,westlands,0.518,54
2016-01-12,kilimani,0.412,51
2016-01-12,karen,0.427,54
2016-01-12,lavington,0.76,51
2016-01-12,langata,0.567,44
2016-01-12,gigiri,0.344,54
2016-01-12,parklands,0.363,48
2016-01-12,upperhill,0.318,48
2016-01-12,kileleshwa,0.412,51
2016-01-12,runda,0.374,54
2016-01-12,muthaiga,0.507,54
2016-01-12,south-b,0.345,44
2016-01-12,south-c,0.422,41
2016-01-12,ngong-road,0.333,48
2016-01-12,thika-road,0.37,41
2016-01-13,westlands,0.452,41
2016-01-13,kilimani,0.367,39
2016-01-13,karen,0.392,41
2016-01-13,lavington,0.638,39
2016-01-13,langata,0.49,34
2016-01-13,gigiri,0.322,41
2016-01-13,parklands,0.339,36
2016-01-13,upperhill,0.302,36
2016-01-13,kileleshwa,0.383,39
2016-01-13,runda,0.341,41
2016-01-13,muthaiga,0.449,41
2016-01-13,south-b,0.327,34
2016-01-13,south-c,0.38,31
2016-01-13,ngong-road,0.311,36
2016-01-13,thika-road,0.351,31
2016-01-14,westlands,0.639,78
2016-01-14,kilimani,0.495,73
2016-01-14,karen,0.493,78
2016-01-14,lavington,0.98,73
2016-01-14,langata,0.707,64
2016-01-14,gigiri,0.384,78
2016-01-14,parklands,0.406,69
2016-01-14,upperhill,0.349,69
2016-01-14,kileleshwa,0.467,73
2016-01-14,runda,0.437,78
2016-01-14,muthaiga,0.614,78
2016-01-14,south-b,0.379,64
2016-01-14,south-c,0.499,59
2016-01-14,ngong-road,0.374,69
2016-01-14,thika-road,0.406,59
2016-01-15,westlands,0.669,66
2016-01-15,kilimani,0.544,62
2016-01-15,karen,0.55,66
2016-01-15,lavington,0.962,62
2016-01-15,langata,0.727,54
2016-01-15,gigiri,0.454,66
2016-01-15,parklands,0.475,58
2016-01-15,upperhill,0.424,58
2016-01-15,kileleshwa,0.53,62
2016-01-15,runda,0.495,66
2016-01-15,muthaiga,0.65,66
2016-01-15,south-b,0.452,54
2016-01-15,south-c,0.55,50
2016-01-15,ngong-road,0.443,58
2016-01-15,thika-road,0.478,50
2016-01-16,westlands,0.603,53
2016-01-16,kilimani,0.499,50
2016-01-16,karen,0.515,53
2016-01-16,lavington,0.84,50
2016-01-16,langata,0.651,43
2016-01-16,gigiri,0.432,53
2016-01-16,parklands,0.451,47
2016-01-16,upperhill,0.407,47
2016-01-16,kileleshwa,0.5,50
2016-01-16,runda,0.462,53
2016-01-16,muthaiga,0.592,53
2016-01-16,south-b,0.434,43
2016-01-16,south-c,0.508,40
2016-01-16,ngong-road,0.421,47
2016-01-16,thika-road,0.459,40
2016-01-17,westlands,0.491,31
2016-01-17,kilimani,0.423,29
2016-01-17,karen,0.455,31
2016-01-17,lavington,0.634,29
2016-01-17,langata,0.522,25
2016-01-17,gigiri,0.395,31
2016-01-17,parklands,0.411,27
2016-01-17,upperhill,0.379,27
2016-01-17,kileleshwa,0.45,29
2016-01-17,runda,0.405,31
2016-01-17,muthaiga,0.494,31
2016-01-17,south-b,0.403,25
2016-01-17,south-c,0.438,24
2016-01-17,ngong-road,0.384,27
2016-01-17,thika-road,0.427,24
2016-01-18,westlands,0.492,49
2016-01-18,kilimani,0.395,46
2016-01-18,karen,0.414,49
2016-01-18,lavington,0.713,46
2016-01-18,langata,0.537,40
2016-01-18,gigiri,0.335,49
2016-01-18,parklands,0.354,43
2016-01-18,upperhill,0.312,43
2016-01-18,kileleshwa,0.401,46
2016-01-18,runda,0.361,49
2016-01-18,muthaiga,0.484,49
2016-01-18,south-b,0.338,40
2016-01-18,south-c,0.406,37
2016-01-18,ngong-road,0.324,43
2016-01-18,thika-road,0.363,37
2016-01-19,westlands,0.797,109
2016-01-19,kilimani,0.603,102
2016-01-19,karen,0.577,109
2016-01-19,lavington,0.98,102
2016-01-19,langata,0.888,89
2016-01-19,gigiri,0.437,109
2016-01-19,parklands,0.463,96
2016-01-19,upperhill,0.389,96
2016-01-19,kileleshwa,0.537,102
2016-01-19,runda,0.517,109
2016-01-19,muthaiga,0.753,109
2016-01-19,south-b,0.422,89
2016-01-19,south-c,0.599,83
2016-01-19,ngong-road,0.426,96
2016-01-19,thika-road,0.451,83
2016-01-20,westlands,0.528,56
2016-01-20,kilimani,0.419,53
2016-01-20,karen,0.433,56
2016-01-20,lavington,0.779,53
2016-01-20,langata,0.578,46
2016-01-20,gigiri,0.347,56
2016-01-20,parklands,0.366,49
2016-01-20,upperhill,0.321,49
2016-01-20,kileleshwa,0.417,53
2016-01-20,runda,0.38,56
2016-01-20,muthaiga,0.516,56
2016-01-20,south-b,0.348,46
2016-01-20,south-c,0.428,43
2016-01-20,ngong-road,0.336,49
2016-01-20,thika-road,0.373,43
2016-01-21,westlands,0.523,55
2016-01-21,kilimani,0.416,52
2016-01-21,karen,0.43,55
2016-01-21,lavington,0.769,52
2016-01-21,langata,0.572,45
2016-01-21,gigiri,0.345,55
2016-01-21,parklands,0.365,48
2016-01-21,upperhill,0.32,48
2016-01-21,kileleshwa,0.415,52
2016-01-21,runda,0.377,55
2016-01-21,muthaiga,0.511,55
2016-01-21,south-b,0.347,45
2016-01-21,south-c,0.425,42
2016-01-21,ngong-road,0.335,48
2016-01-21,thika-road,0.372,42
2016-01-22,westlands,0.582,49
2016-01-22,kilimani,0.485,46
2016-01-22,karen,0.504,49
2016-01-22,lavington,0.803,46
2016-01-22,langata,0.627,40
2016-01-22,gigiri,0.425,49
2016-01-22,parklands,0.444,43
2016-01-22,upperhill,0.402,43
2016-01-22,kileleshwa,0.491,46
2016-01-22,runda,0.451,49
2016-01-22,muthaiga,0.574,49
2016-01-22,south-b,0.428,40
2016-01-22,south-c,0.496,37
2016-01-22,ngong-road,0.414,43
2016-01-22,thika-road,0.453,37
2016-01-23,westlands,0.648,62
2016-01-23,kilimani,0.53,58
2016-01-23,karen,0.539,62
2016-01-23,lavington,0.925,58
2016-01-23,langata,0.703,51
2016-01-23,gigiri,0.447,62
2016-01-23,parklands,0.467,55
2016-01-23,upperhill,0.419,55
2016-01-23,kileleshwa,0.52,58
2016-01-23,runda,0.485,62
2016-01-23,muthaiga,0.632,62
2016-01-23,south-b,0.446,51
2016-01-23,south-c,0.537,47
2016-01-23,ngong-road,0.437,55
2016-01-23,thika-road,0.472,47
2016-01-24,westlands,0.491,31
2016-01-24,kilimani,0.423,29
2016-01-24,karen,0.455,31
2016-01-24,lavington,0.634,29
2016-01-24,langata,0.522,25
2016-01-24,gigiri,0.395,31
2016-01-24,parklands,0.411,27
2016-01-24,upperhill,0.379,27
2016-01-24,kileleshwa,0.45,29
2016-01-24,runda,0.405,31
2016-01-24,muthaiga,0.494,31
2016-01-24,south-b,0.403,25
2016-01-24,south-c,0.438,24
2016-01-24,ngong-road,0.384,27
2016-01-24,thika-road,0.427,24
2016-01-25,westlands,0.568,64
2016-01-25,kilimani,0.447,60
2016-01-25,karen,0.455,64
2016-01-25,lavington,0.854,60
2016-01-25,langata,0.625,52
2016-01-25,gigiri,0.361,64
2016-01-25,parklands,0.381,56
2016-01-25,upperhill,0.331,56
2016-01-25,kileleshwa,0.435,60
2016-01-25,runda,0.4,64
2016-01-25,muthaiga,0.551,64
2016-01-25,south-b,0.359,52
2016-01-25,south-c,0.454,49
2016-01-25,ngong-road,0.35,56
2016-01-25,thika-road,0.385,49
2016-01-26,westlands,0.548,60
2016-01-26,kilimani,0.433,56
2016-01-26,karen,0.444,60
2016-01-26,lavington,0.816,56
2016-01-26,langata,0.602,49
2016-01-26,gigiri,0.354,60
2016-01-26,parklands,0.374,53
2016-01-26,upperhill,0.326,53
2016-01-26,kileleshwa,0.426,56
2016-01-26,runda,0.39,60
2016-01-26,muthaiga,0.533,60
2016-01-26,south-b,0.354,49
2016-01-26,south-c,0.441,46
2016-01-26,ngong-road,0.343,53
2016-01-26,thika-road,0.379,46
2016-01-27,westlands,0.599,70
2016-01-27,kilimani,0.468,66
2016-01-27,karen,0.471,70
2016-01-27,lavington,0.91,66
2016-01-27,langata,0.66,57
2016-01-27,gigiri,0.371,70
2016-01-27,parklands,0.392,62
2016-01-27,upperhill,0.339,62
2016-01-27,kileleshwa,0.449,66
2016-01-27,runda,0.416,70
2016-01-27,muthaiga,0.578,70
2016-01-27,south-b,0.368,57
2016-01-27,south-c,0.473,53
2016-01-27,ngong-road,0.36,62
2016-01-27,thika-road,0.394,53
2016-01-28,westlands,0.584,67
2016-01-28,kilimani,0.457,63
2016-01-28,karen,0.463,67
2016-01-28,lavington,0.882,63
2016-01-28,langata,0.643,55
2016-01-28,gigiri,0.366,67
2016-01-28,parklands,0.386,59
2016-01-28,upperhill,0.335,59
2016-01-28,kileleshwa,0.442,63
2016-01-28,runda,0.408,67
2016-01-28,muthaiga,0.565,67
2016-01-28,south-b,0.363,55
2016-01-28,south-c,0.464,51
2016-01-28,ngong-road,0.355,59
2016-01-28,thika-road,0.39,51
2016-01-29,westlands,0.674,67
2016-01-29,kilimani,0.547,63
2016-01-29,karen,0.553,67
2016-01-29,lavington,0.972,63
2016-01-29,langata,0.733,55
2016-01-29,gigiri,0.456,67
2016-01-29,parklands,0.476,59
2016-01-29,upperhill,0.425,59
2016-01-29,kileleshwa,0.532,63
2016-01-29,runda,0.498,67
2016-01-29,muthaiga,0.655,67
2016-01-29,south-b,0.453,55
2016-01-29,south-c,0.554,51
2016-01-29,ngong-road,0.445,59
2016-01-29,thika-road,0.48,51
2016-01-30,westlands,0.572,47
2016-01-30,kilimani,0.478,44
2016-01-30,karen,0.498,47
2016-01-30,lavington,0.784,44
2016-01-30,langata,0.616,39
2016-01-30,gigiri,0.422,47
2016-01-30,parklands,0.44,41
2016-01-30,upperhill,0.399,41
2016-01-30,kileleshwa,0.486,44
2016-01-30,runda,0.446,47
2016-01-30,muthaiga,0.565,47
2016-01-30,south-b,0.426,39
2016-01-30,south-c,0.489,36
2016-01-30,ngong-road,0.411,41
2016-01-30,thika-road,0.45,36
2016-01-31,westlands,0.486,30
2016-01-31,kilimani,0.419,28
2016-01-31,karen,0.452,30
2016-01-31,lavington,0.625,28
2016-01-31,langata,0.516,25
2016-01-31,gigiri,0.393,30
2016-01-31,parklands,0.409,26
2016-01-31,upperhill,0.378,26
2016-01-31,kileleshwa,0.448,28
2016-01-31,runda,0.402,30
2016-01-31,muthaiga,0.489,30
2016-01-31,south-b,0.402,25
2016-01-31,south-c,0.434,23
2016-01-31,ngong-road,0.382,26
2016-01-31,thika-road,0.425,23
2016-02-01,westlands,0.487,48
2016-02-01,kilimani,0.391,45
2016-02-01,karen,0.411,48
2016-02-01,lavington,0.704,45
2016-02-01,langata,0.531,39
2016-02-01,gigiri,0.334,48
2016-02-01,parklands,0.352,42
2016-02-01,upperhill,0.311,42
2016-02-01,kileleshwa,0.399,45
2016-02-01,runda,0.359,48
2016-02-01,muthaiga,0.48,48
2016-02-01,south-b,0.337,39
2016-02-01,south-c,0.402,36
2016-02-01,ngong-road,0.323,42
2016-02-01,thika-road,0.362,36
2016-02-02,westlands,0.497,50
2016-02-02,kilimani,0.398,47
2016-02-02,karen,0.416,50
2016-02-02,lavington,0.722,47
2016-02-02,langata,0.543,41
2016-02-02,gigiri,0.337,50
2016-02-02,parklands,0.355,44
2016-02-02,upperhill,0.313,44
2016-02-02,kileleshwa,0.403,47
2016-02-02,runda,0.364,50
2016-02-02,muthaiga,0.489,50
2016-02-02,south-b,0.34,41
2016-02-02,south-c,0.409,38
2016-02-02,ngong-road,0.326,44
2016-02-02,thika-road,0.365,38
2016-02-03,westlands,0.599,70
2016-02-03,kilimani,0.468,66
2016-02-03,karen,0.471,70
2016-02-03,lavington,0.91,66
2016-02-03,langata,0.66,57
2016-02-03,gigiri,0.371,70
2016-02-03,parklands,0.392,62
2016-02-03,upperhill,0.339,62
2016-02-03,kileleshwa,0.449,66
2016-02-03,runda,0.416,70
2016-02-03,muthaiga,0.578,70
2016-02-03,south-b,0.368,57
2016-02-03,south-c,0.473,53
2016-02-03,ngong-road,0.36,62
2016-02-03,thika-road,0.394,53
2016-02-04,westlands,0.68,86
2016-02-04,kilimani,0.523,81
2016-02-04,karen,0.515,86
2016-02-04,lavington,0.98,81
2016-02-04,langata,0.754,71
2016-02-04,gigiri,0.398,86
2016-02-04,parklands,0.421,76
2016-02-04,upperhill,0.359,76
2016-02-04,kileleshwa,0.485,81
2016-02-04,runda,0.457,86
2016-02-04,muthaiga,0.65,86
2016-02-04,south-b,0.39,71
2016-02-04,south-c,0.525,65
2016-02-04,ngong-road,0.387,76
2016-02-04,thika-road,0.417,65
2016-02-05,westlands,0.841,100
2016-02-05,kilimani,0.661,94
2016-02-05,karen,0.643,100
2016-02-05,lavington,0.98,94
2016-02-05,langata,0.926,82
2016-02-05,gigiri,0.512,100
2016-02-05,parklands,0.537,88
2016-02-05,upperhill,0.467,88
2016-02-05,kileleshwa,0.607,94
2016-02-05,runda,0.584,100
2016-02-05,muthaiga,0.802,100
2016-02-05,south-b,0.499,82
2016-02-05,south-c,0.66,76
2016-02-05,ngong-road,0.501,88
2016-02-05,thika-road,0.528,76
2016-02-06,westlands,0.98,166
2016-02-06,kilimani,0.89,156
2016-02-06,karen,0.823,166
2016-02-06,lavington,0.98,156
2016-02-06,langata,0.98,136
2016-02-06,gigiri,0.624,166
2016-02-06,parklands,0.657,146
2016-02-06,upperhill,0.552,146
2016-02-06,kileleshwa,0.756,156
2016-02-06,runda,0.755,166
2016-02-06,muthaiga,0.98,166
2016-02-06,south-b,0.591,136
2016-02-06,south-c,0.872,126
2016-02-06,ngong-road,0.613,146
2016-02-06,thika-road,0.624,126
2016-02-07,westlands,0.78,88
2016-02-07,kilimani,0.62,83
2016-02-07,karen,0.61,88
2016-02-07,lavington,0.98,83
2016-02-07,langata,0.856,72
2016-02-07,gigiri,0.491,88
2016-02-07,parklands,0.515,77
2016-02-07,upperhill,0.452,77
2016-02-07,kileleshwa,0.579,83
2016-02-07,runda,0.553,88
2016-02-07,muthaiga,0.749,88
2016-02-07,south-b,0.483,72
2016-02-07,south-c,0.621,67
2016-02-07,ngong-road,0.481,77
2016-02-07,thika-road,0.51,67
2016-02-08,westlands,0.604,71
2016-02-08,kilimani,0.471,67
2016-02-08,karen,0.474,71
2016-02-08,lavington,0.919,67
2016-02-08,langata,0.666,58
2016-02-08,gigiri,0.373,71
2016-02-08,parklands,0.394,62
2016-02-08,upperhill,0.34,62
2016-02-08,kileleshwa,0.451,67
2016-02-08,runda,0.418,71
2016-02-08,muthaiga,0.583,71
2016-02-08,south-b,0.369,58
2016-02-08,south-c,0.476,54
2016-02-08,ngong-road,0.362,62
2016-02-08,thika-road,0.395,54
2016-02-09,westlands,0.518,54
2016-02-09,kilimani,0.412,51
2016-02-09,karen,0.427,54
2016-02-09,lavington,0.76,51
2016-02-09,langata,0.567,44
2016-02-09,gigiri,0.344,54
2016-02-09,parklands,0.363,48
2016-02-09,upperhill,0.318,48
2016-02-09,kileleshwa,0.412,51
2016-02-09,runda,0.374,54
2016-02-09,muthaiga,0.507,54
2016-02-09,south-b,0.345,44
2016-02-09,south-c,0.422,41
2016-02-09,ngong-road,0.333,48
2016-02-09,thika-road,0.37,41
2016-02-10,westlands,0.574,65
2016-02-10,kilimani,0.45,61
2016-02-10,karen,0.457,65
2016-02-10,lavington,0.863,61
2016-02-10,langata,0.631,53
2016-02-10,gigiri,0.362,65
2016-02-10,parklands,0.383,57
2016-02-10,upperhill,0.332,57
2016-02-10,kileleshwa,0.437,61
2016-02-10,runda,0.403,65
2016-02-10,muthaiga,0.556,65
2016-02-10,south-b,0.361,53
2016-02-10,south-c,0.457,49
2016-02-10,ngong-road,0.352,57
2016-02-10,thika-road,0.387,49
2016-02-11,westlands,0.609,72
2016-02-11,kilimani,0.475,68
2016-02-11,karen,0.476,72
2016-02-11,lavington,0.929,68
2016-02-11,langata,0.672,59
2016-02-11,gigiri,0.374,72
2016-02-11,parklands,0.396,63
2016-02-11,upperhill,0.341,63
2016-02-11,kileleshwa,0.453,68
2016-02-11,runda,0.421,72
2016-02-11,muthaiga,0.587,72
2016-02-11,south-b,0.37,59
2016-02-11,south-c,0.48,55
2016-02-11,ngong-road,0.364,63
2016-02-11,thika-road,0.397,55
2016-02-12,westlands,0.98,154
2016-02-12,kilimani,0.848,145
2016-02-12,karen,0.79,154
2016-02-12,lavington,0.98,145
2016-02-12,langata,0.98,126
2016-02-12,gigiri,0.603,154
2016-02-12,parklands,0.635,136
2016-02-12,upperhill,0.536,136
2016-02-12,kileleshwa,0.729,145
2016-02-12,runda,0.724,154
2016-02-12,muthaiga,0.98,154
2016-02-12,south-b,0.575,126
2016-02-12,south-c,0.833,117
2016-02-12,ngong-road,0.593,136
2016-02-12,thika-road,0.607,117
2016-02-13,westlands,0.98,152
2016-02-13,kilimani,0.841,143
2016-02-13,karen,0.784,152
2016-02-13,lavington,0.98,143
2016-02-13,langata,0.98,125
2016-02-13,gigiri,0.6,152
2016-02-13,parklands,0.632,134
2016-02-13,upperhill,0.534,134
2016-02-13,kileleshwa,0.725,143
2016-02-13,runda,0.719,152
2016-02-13,muthaiga,0.98,152
2016-02-13,south-b,0.572,125
2016-02-13,south-c,0.827,116
2016-02-13,ngong-road,0.59,134
2016-02-13,thika-road,0.604,116
2016-02-14,westlands,0.719,76
2016-02-14,kilimani,0.578,71
2016-02-14,karen,0.577,76
2016-02-14,lavington,0.98,71
2016-02-14,langata,0.785,62
2016-02-14,gigiri,0.471,76
2016-02-14,parklands,0.493,67
2016-02-14,upperhill,0.436,67
2016-02-14,kileleshwa,0.552,71
2016-02-14,runda,0.521,76
2016-02-14,muthaiga,0.695,76
2016-02-14,south-b,0.466,62
2016-02-14,south-c,0.582,58
2016-02-14,ngong-road,0.46,67
2016-02-14,thika-road,0.493,58
2016-02-15,westlands,0.614,73
2016-02-15,kilimani,0.478,69
2016-02-15,karen,0.479,73
2016-02-15,lavington,0.938,69
2016-02-15,langata,0.678,60
2016-02-15,gigiri,0.376,73
2016-02-15,parklands,0.397,64
2016-02-15,upperhill,0.343,64
2016-02-15,kileleshwa,0.455,69
2016-02-15,runda,0.424,73
2016-02-15,muthaiga,0.592,73
2016-02-15,south-b,0.372,60
2016-02-15,south-c,0.483,55
2016-02-15,ngong-road,0.365,64
2016-02-15,thika-road,0.398,55
2016-02-16,westlands,0.599,70
2016-02-16,kilimani,0.468,66
2016-02-16,karen,0.471,70
2016-02-16,lavington,0.91,66
2016-02-16,langata,0.66,57
2016-02-16,gigiri,0.371,70
2016-02-16,parklands,0.392,62
2016-02-16,upperhill,0.339,62
2016-02-16,kileleshwa,0.449,66
2016-02-16,runda,0.416,70
2016-02-16,muthaiga,0.578,70
2016-02-16,south-b,0.368,57
2016-02-16,south-c,0.473,53
2016-02-16,ngong-road,0.36,62
2016-02-16,thika-road,0.394,53
2016-02-17,westlands,0.619,74
2016-02-17,kilimani,0.481,70
2016-02-17,karen,0.482,74
2016-02-17,lavington,0.947,70
2016-02-17,langata,0.684,61
2016-02-17,gigiri,0.378,74
2016-02-17,parklands,0.399,65
2016-02-17,upperhill,0.344,65
2016-02-17,kileleshwa,0.458,70
2016-02-17,runda,0.426,74
2016-02-17,muthaiga,0.596,74
2016-02-17,south-b,0.373,61
2016-02-17,south-c,0.486,56
2016-02-17,ngong-road,0.367,65
2016-02-17,thika-road,0.4,56
2016-02-18,westlands,0.599,70
2016-02-18,kilimani,0.468,66
2016-02-18,karen,0.471,70
2016-02-18,lavington,0.91,66
2016-02-18,langata,0.66,57
2016-02-18,gigiri,0.371,70
2016-02-18,parklands,0.392,62
2016-02-18,upperhill,0.339,62
2016-02-18,kileleshwa,0.449,66
2016-02-18,runda,0.416,70
2016-02-18,muthaiga,0.578,70
2016-02-18,south-b,0.368,57
2016-02-18,south-c,0.473,53
2016-02-18,ngong-road,0.36,62
2016-02-18,thika-road,0.394,53
2016-02-19,westlands,0.98,154
2016-02-19,kilimani,0.848,145
2016-02-19,karen,0.79,154
2016-02-19,lavington,0.98,145
2016-02-19,langata,0.98,126
2016-02-19,gigiri,0.603,154
2016-02-19,parklands,0.635,136
2016-02-19,upperhill,0.536,136
2016-02-19,kileleshwa,0.729,145
2016-02-19,runda,0.724,154
2016-02-19,muthaiga,0.98,154
2016-02-19,south-b,0.575,126
2016-02-19,south-c,0.833,117
2016-02-19,ngong-road,0.593,136
2016-02-19,thika-road,0.607,117
2016-02-20,westlands,0.78,88
2016-02-20,kilimani,0.62,83
2016-02-20,karen,0.61,88
2016-02-20,lavington,0.98,83
2016-02-20,langata,0.856,72
2016-02-20,gigiri,0.491,88
2016-02-20,parklands,0.515,77
2016-02-20,upperhill,0.452,77
2016-02-20,kileleshwa,0.579,83
2016-02-20,runda,0.553,88
2016-02-20,muthaiga,0.749,88
2016-02-20,south-b,0.483,72
2016-02-20,south-c,0.621,67
2016-02-20,ngong-road,0.481,77
2016-02-20,thika-road,0.51,67
2016-02-21,westlands,0.592,51
2016-02-21,kilimani,0.492,48
2016-02-21,karen,0.509,51
2016-02-21,lavington,0.822,48
2016-02-21,langata,0.639,42
2016-02-21,gigiri,0.429,51
2016-02-21,parklands,0.447,45
2016-02-21,upperhill,0.405,45
2016-02-21,kileleshwa,0.496,48
2016-02-21,runda,0.457,51
2016-02-21,muthaiga,0.583,51
2016-02-21,south-b,0.431,42
2016-02-21,south-c,0.502,39
2016-02-21,ngong-road,0.418,45
2016-02-21,thika-road,0.456,39
2016-02-22,westlands,0.705,91
2016-02-22,kilimani,0.54,86
2016-02-22,karen,0.528,91
2016-02-22,lavington,0.98,86
2016-02-22,langata,0.783,75
2016-02-22,gigiri,0.407,91
2016-02-22,parklands,0.43,80
2016-02-22,upperhill,0.366,80
2016-02-22,kileleshwa,0.496,86
2016-02-22,runda,0.47,91
2016-02-22,muthaiga,0.672,91
2016-02-22,south-b,0.397,75
2016-02-22,south-c,0.541,69
2016-02-22,ngong-road,0.396,80
2016-02-22,thika-road,0.425,69
2016-02-23,westlands,0.538,58
2016-02-23,kilimani,0.426,55
2016-02-23,karen,0.438,58
2016-02-23,lavington,0.797,55
2016-02-23,langata,0.59,48
2016-02-23,gigiri,0.351,58
2016-02-23,parklands,0.37,51
2016-02-23,upperhill,0.323,51
2016-02-23,kileleshwa,0.421,55
2016-02-23,runda,0.385,58
2016-02-23,muthaiga,0.525,58
2016-02-23,south-b,0.351,48
2016-02-23,south-c,0.435,44
2016-02-23,ngong-road,0.34,51
2016-02-23,thika-road,0.376,44
2016-02-24,westlands,0.594,69
2016-02-24,kilimani,0.464,65
2016-02-24,karen,0.468,69
2016-02-24,lavington,0.901,65
2016-02-24,langata,0.654,57
2016-02-24,gigiri,0.369,69
2016-02-24,parklands,0.39,61
2016-02-24,upperhill,0.338,61
2016-02-24,kileleshwa,0.446,65
2016-02-24,runda,0.413,69
2016-02-24,muthaiga,0.574,69
2016-02-24,south-b,0.366,57
2016-02-24,south-c,0.47,52
2016-02-24,ngong-road,0.358,61
2016-02-24,thika-road,0.392,52
2016-02-25,westlands,0.721,94
2016-02-25,kilimani,0.551,88
2016-02-25,karen,0.536,94
2016-02-25,lavington,0.98,88
2016-02-25,langata,0.801,77
2016-02-25,gigiri,0.412,94
2016-02-25,parklands,0.436,83
2016-02-25,upperhill,0.369,83
2016-02-25,kileleshwa,0.503,88
2016-02-25,runda,0.478,94
2016-02-25,muthaiga,0.685,94
2016-02-25,south-b,0.401,77
2016-02-25,south-c,0.55,71
2016-02-25,ngong-road,0.401,83
2016-02-25,thika-road,0.429,71
2016-02-26,westlands,0.943,120
2016-02-26,kilimani,0.731,113
2016-02-26,karen,0.697,120
2016-02-26,lavington,0.98,113
2016-02-26,langata,0.98,98
2016-02-26,gigiri,0.546,120
2016-02-26,parklands,0.573,106
2016-02-26,upperhill,0.493,106
2016-02-26,kileleshwa,0.652,113
2016-02-26,runda,0.636,120
2016-02-26,muthaiga,0.892,120
2016-02-26,south-b,0.527,98
2016-02-26,south-c,0.724,91
2016-02-26,ngong-road,0.535,106
2016-02-26,thika-road,0.557,91
2016-02-27,westlands,0.98,167
2016-02-27,kilimani,0.893,157
2016-02-27,karen,0.825,167
2016-02-27,lavington,0.98,157
2016-02-27,langata,0.98,137
2016-02-27,gigiri,0.626,167
2016-02-27,parklands,0.659,147
2016-02-27,upperhill,0.553,147
2016-02-27,kileleshwa,0.759,157
2016-02-27,runda,0.757,167
2016-02-27,muthaiga,0.98,167
2016-02-27,south-b,0.593,137
2016-02-27,south-c,0.875,127
2016-02-27,ngong-road,0.615,147
2016-02-27,thika-road,0.626,127
2016-02-28,westlands,0.669,66
2016-02-28,kilimani,0.544,62
2016-02-28,karen,0.55,66
2016-02-28,lavington,0.962,62
2016-02-28,langata,0.727,54
2016-02-28,gigiri,0.454,66
2016-02-28,parklands,0.475,58
2016-02-28,upperhill,0.424,58
2016-02-28,kileleshwa,0.53,62
2016-02-28,runda,0.495,66
2016-02-28,muthaiga,0.65,66
2016-02-28,south-b,0.452,54
2016-02-28,south-c,0.55,50
2016-02-28,ngong-road,0.443,58
2016-02-28,thika-road,0.478,50
2016-02-29,westlands,0.533,57
2016-02-29,kilimani,0.423,54
2016-02-29,karen,0.436,57
2016-02-29,lavington,0.788,54
2016-02-29,langata,0.584,47
2016-02-29,gigiri,0.349,57
2016-02-29,parklands,0.368,50
2016-02-29,upperhill,0.322,50
2016-02-29,kileleshwa,0.419,54
2016-02-29,runda,0.382,57
2016-02-29,muthaiga,0.52,57
2016-02-29,south-b,0.35,47
2016-02-29,south-c,0.431,43
2016-02-29,ngong-road,0.338,50
2016-02-29,thika-road,0.375,43
2016-03-01,westlands,0.716,93
2016-03-01,kilimani,0.547,87
2016-03-01,karen,0.534,93
2016-03-01,lavington,0.98,87
2016-03-01,langata,0.795,76
2016-03-01,gigiri,0.41,93
2016-03-01,parklands,0.434,82
2016-03-01,upperhill,0.368,82
2016-03-01,kileleshwa,0.501,87
2016-03-01,runda,0.476,93
2016-03-01,muthaiga,0.681,93
2016-03-01,south-b,0.4,76
2016-03-01,south-c,0.547,71
2016-03-01,ngong-road,0.399,82
2016-03-01,thika-road,0.428,71
2016-03-02,westlands,0.837,117
2016-03-02,kilimani,0.63,110
2016-03-02,karen,0.599,117
2016-03-02,lavington,0.98,110
2016-03-02,langata,0.935,96
2016-03-02,gigiri,0.451,117
2016-03-02,parklands,0.478,103
2016-03-02,upperhill,0.399,103
2016-03-02,kileleshwa,0.555,110
2016-03-02,runda,0.538,117
2016-03-02,muthaiga,0.788,117
2016-03-02,south-b,0.433,96
2016-03-02,south-c,0.624,89
2016-03-02,ngong-road,0.44,103
2016-03-02,thika-road,0.463,89
2016-03-03,westlands,0.66,82
2016-03-03,kilimani,0.509,77
2016-03-03,karen,0.504,82
2016-03-03,lavington,0.98,77
2016-03-03,langata,0.73,67
2016-03-03,gigiri,0.391,82
2016-03-03,parklands,0.414,72
2016-03-03,upperhill,0.354,72
2016-03-03,kileleshwa,0.476,77
2016-03-03,runda,0.447,82
2016-03-03,muthaiga,0.632,82
2016-03-03,south-b,0.384,67
2016-03-03,south-c,0.512,62
2016-03-03,ngong-road,0.381,72
2016-03-03,thika-road,0.411,62
2016-03-04,westlands,0.98,133
2016-03-04,kilimani,0.776,125
2016-03-04,karen,0.733,133
2016-03-04,lavington,0.98,125
2016-03-04,langata,0.98,109
2016-03-04,gigiri,0.568,133
2016-03-04,parklands,0.597,117
2016-03-04,upperhill,0.509,117
2016-03-04,kileleshwa,0.681,125
2016-03-04,runda,0.669,133
2016-03-04,muthaiga,0.95,133
2016-03-04,south-b,0.545,109
2016-03-04,south-c,0.766,101
2016-03-04,ngong-road,0.557,117
2016-03-04,thika-road,0.576,101
2016-03-05,westlands,0.826,97
2016-03-05,kilimani,0.651,91
2016-03-05,karen,0.635,97
2016-03-05,lavington,0.98,91
2016-03-05,langata,0.908,80
2016-03-05,gigiri,0.507,97
2016-03-05,parklands,0.531,85
2016-03-05,upperhill,0.463,85
2016-03-05,kileleshwa,0.6,91
2016-03-05,runda,0.576,97
2016-03-05,muthaiga,0.789,97
2016-03-05,south-b,0.495,80
2016-03-05,south-c,0.65,74
2016-03-05,ngong-road,0.496,85
2016-03-05,thika-road,0.523,74
2016-03-06,westlands,0.628,58
2016-03-06,kilimani,0.516,55
2016-03-06,karen,0.528,58
2016-03-06,lavington,0.887,55
2016-03-06,langata,0.68,48
2016-03-06,gigiri,0.441,58
2016-03-06,parklands,0.46,51
2016-03-06,upperhill,0.413,51
2016-03-06,kileleshwa,0.511,55
2016-03-06,runda,0.475,58
2016-03-06,muthaiga,0.615,58
2016-03-06,south-b,0.441,48
2016-03-06,south-c,0.525,44
2016-03-06,ngong-road,0.43,51
2016-03-06,thika-road,0.466,44
2016-03-07,westlands,0.842,118
2016-03-07,kilimani,0.634,111
2016-03-07,karen,0.602,118
2016-03-07,lavington,0.98,111
2016-03-07,langata,0.941,97
2016-03-07,gigiri,0.452,118
2016-03-07,parklands,0.48,104
2016-03-07,upperhill,0.4,104
2016-03-07,kileleshwa,0.557,111
2016-03-07,runda,0.54,118
2016-03-07,muthaiga,0.793,118
2016-03-07,south-b,0.434,97
2016-03-07,south-c,0.628,90
2016-03-07,ngong-road,0.442,104
2016-03-07,thika-road,0.464,90
2016-03-08,westlands,0.756,101
2016-03-08,kilimani,0.575,95
2016-03-08,karen,0.555,101
2016-03-08,lavington,0.98,95
2016-03-08,langata,0.842,83
2016-03-08,gigiri,0.424,101
2016-03-08,parklands,0.448,89
2016-03-08,upperhill,0.378,89
2016-03-08,kileleshwa,0.519,95
2016-03-08,runda,0.496,101
2016-03-08,muthaiga,0.717,101
2016-03-08,south-b,0.411,83
2016-03-08,south-c,0.573,77
2016-03-08,ngong-road,0.413,89
2016-03-08,thika-road,0.439,77
2016-03-09,westlands,0.842,118
2016-03-09,kilimani,0.634,111
2016-03-09,karen,0.602,118
2016-03-09,lavington,0.98,111
2016-03-09,langata,0.941,97
2016-03-09,gigiri,0.452,118
2016-03-09,parklands,0.48,104
2016-03-09,upperhill,0.4,104
2016-03-09,kileleshwa,0.557,111
2016-03-09,runda,0.54,118
2016-03-09,muthaiga,0.793,118
2016-03-09,south-b,0.434,97
2016-03-09,south-c,0.628,90
2016-03-09,ngong-road,0.442,104
2016-03-09,thika-road,0.464,90
2016-03-10,westlands,0.67,84
2016-03-10,kilimani,0.516,79
2016-03-10,karen,0.509,84
2016-03-10,lavington,0.98,79
2016-03-10,langata,0.742,69
2016-03-10,gigiri,0.395,84
2016-03-10,parklands,0.417,74
2016-03-10,upperhill,0.357,74
2016-03-10,kileleshwa,0.48,79
2016-03-10,runda,0.452,84
2016-03-10,muthaiga,0.641,84
2016-03-10,south-b,0.387,69
2016-03-10,south-c,0.518,64
2016-03-10,ngong-road,0.384,74
2016-03-10,thika-road,0.414,64
2016-03-11,westlands,0.98,136
2016-03-11,kilimani,0.786,128
2016-03-11,karen,0.741,136
2016-03-11,lavington,0.98,128
2016-03-11,langata,0.98,112
2016-03-11,gigiri,0.573,136
2016-03-11,parklands,0.602,120
2016-03-11,upperhill,0.513,120
2016-03-11,kileleshwa,0.688,128
2016-03-11,runda,0.677,136
2016-03-11,muthaiga,0.963,136
2016-03-11,south-b,0.549,112
2016-03-11,south-c,0.776,103
2016-03-11,ngong-road,0.562,120
2016-03-11,thika-road,0.581,103
2016-03-12,westlands,0.851,102
2016-03-12,kilimani,0.668,96
2016-03-12,karen,0.648,102
2016-03-12,lavington,0.98,96
2016-03-12,langata,0.938,84
2016-03-12,gigiri,0.515,102
2016-03-12,parklands,0.54,90
2016-03-12,upperhill,0.47,90
2016-03-12,kileleshwa,0.611,96
2016-03-12,runda,0.589,102
2016-03-12,muthaiga,0.811,102
2016-03-12,south-b,0.502,84
2016-03-12,south-c,0.666,78
2016-03-12,ngong-road,0.505,90
2016-03-12,thika-road,0.531,78
2016-03-13,westlands,0.765,85
2016-03-13,kilimani,0.61,80
2016-03-13,karen,0.602,85
2016-03-13,lavington,0.98,80
2016-03-13,langata,0.838,70
2016-03-13,gigiri,0.486,85
2016-03-13,parklands,0.509,75
2016-03-13,upperhill,0.448,75
2016-03-13,kileleshwa,0.573,80
2016-03-13,runda,0.545,85
2016-03-13,muthaiga,0.735,85
2016-03-13,south-b,0.478,70
2016-03-13,south-c,0.611,65
2016-03-13,ngong-road,0.476,75
2016-03-13,thika-road,0.506,65
2016-03-14,westlands,0.761,102
2016-03-14,kilimani,0.578,96
2016-03-14,karen,0.558,102
2016-03-14,lavington,0.98,96
2016-03-14,langata,0.848,84
2016-03-14,gigiri,0.425,102
2016-03-14,parklands,0.45,90
2016-03-14,upperhill,0.38,90
2016-03-14,kileleshwa,0.521,96
2016-03-14,runda,0.499,102
2016-03-14,muthaiga,0.721,102
2016-03-14,south-b,0.412,84
2016-03-14,south-c,0.576,78
2016-03-14,ngong-road,0.415,90
2016-03-14,thika-road,0.441,78
2016-03-15,westlands,0.721,94
2016-03-15,kilimani,0.551,88
2016-03-15,karen,0.536,94
2016-03-15,lavington,0.98,88
2016-03-15,langata,0.801,77
2016-03-15,gigiri,0.412,94
2016-03-15,parklands,0.436,83
2016-03-15,upperhill,0.369,83
2016-03-15,kileleshwa,0.503,88
2016-03-15,runda,0.478,94
2016-03-15,muthaiga,0.685,94
2016-03-15,south-b,0.401,77
2016-03-15,south-c,0.55,71
2016-03-15,ngong-road,0.401,83
2016-03-15,thika-road,0.429,71
2016-03-16,westlands,0.751,100
2016-03-16,kilimani,0.571,94
2016-03-16,karen,0.553,100
2016-03-16,lavington,0.98,94
2016-03-16,langata,0.836,82
2016-03-16,gigiri,0.422,100
2016-03-16,parklands,0.447,88
2016-03-16,upperhill,0.377,88
2016-03-16,kileleshwa,0.517,94
2016-03-16,runda,0.494,100
2016-03-16,muthaiga,0.712,100
2016-03-16,south-b,0.409,82
2016-03-16,south-c,0.57,76
2016-03-16,ngong-road,0.411,88
2016-03-16,thika-road,0.438,76
2016-03-17,westlands,0.924,134
2016-03-17,kilimani,0.689,126
2016-03-17,karen,0.645,134
2016-03-17,lavington,0.98,126
2016-03-17,langata,0.98,110
2016-03-17,gigiri,0.48,134
2016-03-17,parklands,0.509,118
2016-03-17,upperhill,0.421,118
2016-03-17,kileleshwa,0.594,126
2016-03-17,runda,0.582,134
2016-03-17,muthaiga,0.864,134
2016-03-17,south-b,0.457,110
2016-03-17,south-c,0.679,102
2016-03-17,ngong-road,0.469,118
2016-03-17,thika-road,0.488,102
2016-03-18,westlands,0.902,112
2016-03-18,kilimani,0.703,105
2016-03-18,karen,0.675,112
2016-03-18,lavington,0.98,105
2016-03-18,langata,0.98,92
2016-03-18,gigiri,0.532,112
2016-03-18,parklands,0.559,99
2016-03-18,upperhill,0.482,99
2016-03-18,kileleshwa,0.634,105
2016-03-18,runda,0.615,112
2016-03-18,muthaiga,0.856,112
2016-03-18,south-b,0.516,92
2016-03-18,south-c,0.698,85
2016-03-18,ngong-road,0.522,99
2016-03-18,thika-road,0.545,85
2016-03-19,westlands,0.968,125
2016-03-19,kilimani,0.748,118
2016-03-19,karen,0.711,125
2016-03-19,lavington,0.98,118
2016-03-19,langata,0.98,103
2016-03-19,gigiri,0.554,125
2016-03-19,parklands,0.582,110
2016-03-19,upperhill,0.499,110
2016-03-19,kileleshwa,0.663,118
2016-03-19,runda,0.649,125
2016-03-19,muthaiga,0.914,125
2016-03-19,south-b,0.534,103
2016-03-19,south-c,0.74,95
2016-03-19,ngong-road,0.544,110
2016-03-19,thika-road,0.564,95
2016-03-20,westlands,0.98,135
2016-03-20,kilimani,0.783,127
2016-03-20,karen,0.738,135
2016-03-20,lavington,0.98,127
2016-03-20,langata,0.98,111
2016-03-20,gigiri,0.571,135
2016-03-20,parklands,0.601,119
2016-03-20,upperhill,0.512,119
2016-03-20,kileleshwa,0.686,127
2016-03-20,runda,0.674,135
2016-03-20,muthaiga,0.959,135
2016-03-20,south-b,0.548,111
2016-03-20,south-c,0.772,103
2016-03-20,ngong-road,0.561,119
2016-03-20,thika-road,0.579,103
2016-03-21,westlands,0.873,124
2016-03-21,kilimani,0.655,117
2016-03-21,karen,0.618,124
2016-03-21,lavington,0.98,117
2016-03-21,langata,0.976,102
2016-03-21,gigiri,0.463,124
2016-03-21,parklands,0.49,109
2016-03-21,upperhill,0.408,109
2016-03-21,kileleshwa,0.571,117
2016-03-21,runda,0.556,124
2016-03-21,muthaiga,0.82,124
2016-03-21,south-b,0.443,102
2016-03-21,south-c,0.647,94
2016-03-21,ngong-road,0.452,109
2016-03-21,thika-road,0.473,94
2016-03-22,westlands,0.7,90
2016-03-22,kilimani,0.537,85
2016-03-22,karen,0.525,90
2016-03-22,lavington,0.98,85
2016-03-22,langata,0.777,74
2016-03-22,gigiri,0.405,90
2016-03-22,parklands,0.428,79
2016-03-22,upperhill,0.364,79
2016-03-22,kileleshwa,0.494,85
2016-03-22,runda,0.468,90
2016-03-22,muthaiga,0.668,90
2016-03-22,south-b,0.395,74
2016-03-22,south-c,0.538,68
2016-03-22,ngong-road,0.394,79
2016-03-22,thika-road,0.423,68
2016-03-23,westlands,0.721,94
2016-03-23,kilimani,0.551,88
2016-03-23,karen,0.536,94
2016-03-23,lavington,0.98,88
2016-03-23,langata,0.801,77
2016-03-23,gigiri,0.412,94
2016-03-23,parklands,0.436,83
2016-03-23,upperhill,0.369,83
2016-03-23,kileleshwa,0.503,88
2016-03-23,runda,0.478,94
2016-03-23,muthaiga,0.685,94
2016-03-23,south-b,0.401,77
2016-03-23,south-c,0.55,71
2016-03-23,ngong-road,0.401,83
2016-03-23,thika-road,0.429,71
2016-03-24,westlands,0.98,184
2016-03-24,kilimani,0.862,173
2016-03-24,karen,0.782,184
2016-03-24,lavington,0.98,173
2016-03-24,langata,0.98,151
2016-03-24,gigiri,0.564,184
2016-03-24,parklands,0.6,162
2016-03-24,upperhill,0.485,162
2016-03-24,kileleshwa,0.707,173
2016-03-24,runda,0.712,184
2016-03-24,muthaiga,0.98,184
2016-03-24,south-b,0.526,151
2016-03-24,south-c,0.84,140
2016-03-24,ngong-road,0.554,162
2016-03-24,thika-road,0.561,140
2016-03-25,westlands,0.861,104
2016-03-25,kilimani,0.675,98
2016-03-25,karen,0.654,104
2016-03-25,lavington,0.98,98
2016-03-25,langata,0.949,85
2016-03-25,gigiri,0.519,104
2016-03-25,parklands,0.544,92
2016-03-25,upperhill,0.472,92
2016-03-25,kileleshwa,0.616,98
2016-03-25,runda,0.594,104
2016-03-25,muthaiga,0.82,104
2016-03-25,south-b,0.505,85
2016-03-25,south-c,0.673,79
2016-03-25,ngong-road,0.508,92
2016-03-25,thika-road,0.534,79
2016-03-26,westlands,0.633,59
2016-03-26,kilimani,0.52,55
2016-03-26,karen,0.531,59
2016-03-26,lavington,0.897,55
2016-03-26,langata,0.686,48
2016-03-26,gigiri,0.442,59
2016-03-26,parklands,0.462,52
2016-03-26,upperhill,0.415,52
2016-03-26,kileleshwa,0.514,55
2016-03-26,runda,0.477,59
2016-03-26,muthaiga,0.619,59
2016-03-26,south-b,0.442,48
2016-03-26,south-c,0.528,45
2016-03-26,ngong-road,0.431,52
2016-03-26,thika-road,0.468,45
2016-03-27,westlands,0.729,78
2016-03-27,kilimani,0.585,73
2016-03-27,karen,0.583,78
2016-03-27,lavington,0.98,73
2016-03-27,langata,0.797,64
2016-03-27,gigiri,0.474,78
2016-03-27,parklands,0.496,69
2016-03-27,upperhill,0.439,69
2016-03-27,kileleshwa,0.557,73
2016-03-27,runda,0.527,78
2016-03-27,muthaiga,0.704,78
2016-03-27,south-b,0.469,64
2016-03-27,south-c,0.589,59
2016-03-27,ngong-road,0.464,69
2016-03-27,thika-road,0.496,59
2016-03-28,westlands,0.893,128
2016-03-28,kilimani,0.668,120
2016-03-28,karen,0.629,128
2016-03-28,lavington,0.98,120
2016-03-28,langata,0.98,105
2016-03-28,gigiri,0.469,128
2016-03-28,parklands,0.498,113
2016-03-28,upperhill,0.413,113
2016-03-28,kileleshwa,0.58,120
2016-03-28,runda,0.566,128
2016-03-28,muthaiga,0.837,128
2016-03-28,south-b,0.448,105
2016-03-28,south-c,0.66,97
2016-03-28,ngong-road,0.459,113
2016-03-28,thika-road,0.479,97
2016-03-29,westlands,0.741,98
2016-03-29,kilimani,0.565,92
2016-03-29,karen,0.547,98
2016-03-29,lavington,0.98,92
2016-03-29,langata,0.824,80
2016-03-29,gigiri,0.418,98
2016-03-29,parklands,0.443,86
2016-03-29,upperhill,0.375,86
2016-03-29,kileleshwa,0.512,92
2016-03-29,runda,0.488,98
2016-03-29,muthaiga,0.703,98
2016-03-29,south-b,0.407,80
2016-03-29,south-c,0.563,74
2016-03-29,ngong-road,0.408,86
2016-03-29,thika-road,0.435,74
2016-03-30,westlands,0.746,99
2016-03-30,kilimani,0.568,93
2016-03-30,karen,0.55,99
2016-03-30,lavington,0.98,93
2016-03-30,langata,0.83,81
2016-03-30,gigiri,0.42,99
2016-03-30,parklands,0.445,87
2016-03-30,upperhill,0.376,87
2016-03-30,kileleshwa,0.514,93
2016-03-30,runda,0.491,99
2016-03-30,muthaiga,0.708,99
2016-03-30,south-b,0.408,81
2016-03-30,south-c,0.566,75
2016-03-30,ngong-road,0.409,87
2016-03-30,thika-road,0.436,75
2016-03-31,westlands,0.98,163
2016-03-31,kilimani,0.79,153
2016-03-31,karen,0.724,163
2016-03-31,lavington,0.98,153
2016-03-31,langata,0.98,134
2016-03-31,gigiri,0.529,163
2016-03-31,parklands,0.562,143
2016-03-31,upperhill,0.458,143
2016-03-31,kileleshwa,0.66,153
2016-03-31,runda,0.657,163
2016-03-31,muthaiga,0.98,163
2016-03-31,south-b,0.497,134
2016-03-31,south-c,0.772,124
2016-03-31,ngong-road,0.518,143
2016-03-31,thika-road,0.53,124
2016-04-01,westlands,0.724,77
2016-04-01,kilimani,0.582,72
2016-04-01,karen,0.58,77
2016-04-01,lavington,0.98,72
2016-04-01,langata,0.791,63
2016-04-01,gigiri,0.473,77
2016-04-01,parklands,0.495,68
2016-04-01,upperhill,0.438,68
2016-04-01,kileleshwa,0.554,72
2016-04-01,runda,0.524,77
2016-04-01,muthaiga,0.699,77
2016-04-01,south-b,0.467,63
2016-04-01,south-c,0.586,59
2016-04-01,ngong-road,0.462,68
2016-04-01,thika-road,0.494,59
2016-04-02,westlands,0.684,69
2016-04-02,kilimani,0.554,65
2016-04-02,karen,0.558,69
2016-04-02,lavington,0.98,65
2016-04-02,langata,0.744,57
2016-04-02,gigiri,0.459,69
2016-04-02,parklands,0.48,61
2016-04-02,upperhill,0.428,61
2016-04-02,kileleshwa,0.536,65
2016-04-02,runda,0.503,69
2016-04-02,muthaiga,0.664,69
2016-04-02,south-b,0.456,57
2016-04-02,south-c,0.56,52
2016-04-02,ngong-road,0.448,61
2016-04-02,thika-road,0.482,52
2016-04-03,westlands,0.679,68
2016-04-03,kilimani,0.551,64
2016-04-03,karen,0.556,68
2016-04-03,lavington,0.98,64
2016-04-03,langata,0.739,56
2016-04-03,gigiri,0.458,68
2016-04-03,parklands,0.478,60
2016-04-03,upperhill,0.426,60
2016-04-03,kileleshwa,0.534,64
2016-04-03,runda,0.501,68
2016-04-03,muthaiga,0.659,68
2016-04-03,south-b,0.455,56
2016-04-03,south-c,0.557,52
2016-04-03,ngong-road,0.447,60
2016-04-03,thika-road,0.481,52
2016-04-04,westlands,0.98,151
2016-04-04,kilimani,0.748,142
2016-04-04,karen,0.692,151
2016-04-04,lavington,0.98,142
2016-04-04,langata,0.98,124
2016-04-04,gigiri,0.508,151
2016-04-04,parklands,0.54,133
2016-04-04,upperhill,0.442,133
2016-04-04,kileleshwa,0.632,142
2016-04-04,runda,0.626,151
2016-04-04,muthaiga,0.94,151
2016-04-04,south-b,0.48,124
2016-04-04,south-c,0.734,115
2016-04-04,ngong-road,0.498,133
2016-04-04,thika-road,0.512,115
2016-04-05,westlands,0.68,86
2016-04-05,kilimani,0.523,81
2016-04-05,karen,0.515,86
2016-04-05,lavington,0.98,81
2016-04-05,langata,0.754,71
2016-04-05,gigiri,0.398,86
2016-04-05,parklands,0.421,76
2016-04-05,upperhill,0.359,76
2016-04-05,kileleshwa,0.485,81
2016-04-05,runda,0.457,86
2016-04-05,muthaiga,0.65,86
2016-04-05,south-b,0.39,71
2016-04-05,south-c,0.525,65
2016-04-05,ngong-road,0.387,76
2016-04-05,thika-road,0.417,65
2016-04-06,westlands,0.98,148
2016-04-06,kilimani,0.738,139
2016-04-06,karen,0.684,148
2016-04-06,lavington,0.98,139
2016-04-06,langata,0.98,121
2016-04-06,gigiri,0.503,148
2016-04-06,parklands,0.534,130
2016-04-06,upperhill,0.438,130
2016-04-06,kileleshwa,0.626,139
2016-04-06,runda,0.618,148
2016-04-06,muthaiga,0.927,148
2016-04-06,south-b,0.476,121
2016-04-06,south-c,0.724,112
2016-04-06,ngong-road,0.493,130
2016-04-06,thika-road,0.508,112
2016-04-07,westlands,0.842,118
2016-04-07,kilimani,0.634,111
2016-04-07,karen,0.602,118
2016-04-07,lavington,0.98,111
2016-04-07,langata,0.941,97
2016-04-07,gigiri,0.452,118
2016-04-07,parklands,0.48,104
2016-04-07,upperhill,0.4,104
2016-04-07,kileleshwa,0.557,111
2016-04-07,runda,0.54,118
2016-04-07,muthaiga,0.793,118
2016-04-07,south-b,0.434,97
2016-04-07,south-c,0.628,90
2016-04-07,ngong-road,0.442,104
2016-04-07,thika-road,0.464,90
2016-04-08,westlands,0.98,128
2016-04-08,kilimani,0.758,120
2016-04-08,karen,0.719,128
2016-04-08,lavington,0.98,120
2016-04-08,langata,0.98,105
2016-04-08,gigiri,0.559,128
2016-04-08,parklands,0.588,113
2016-04-08,upperhill,0.503,113
2016-04-08,kileleshwa,0.67,120
2016-04-08,runda,0.656,128
2016-04-08,muthaiga,0.927,128
2016-04-08,south-b,0.538,105
2016-04-08,south-c,0.75,97
2016-04-08,ngong-road,0.549,113
2016-04-08,thika-road,0.569,97
2016-04-09,westlands,0.98,150
2016-04-09,kilimani,0.835,141
2016-04-09,karen,0.779,150
2016-04-09,lavington,0.98,141
2016-04-09,langata,0.98,123
2016-04-09,gigiri,0.597,150
2016-04-09,parklands,0.628,132
2016-04-09,upperhill,0.531,132
2016-04-09,kileleshwa,0.72,141
2016-04-09,runda,0.713,150
2016-04-09,muthaiga,0.98,150
2016-04-09,south-b,0.569,123
2016-04-09,south-c,0.821,114
2016-04-09,ngong-road,0.586,132
2016-04-09,thika-road,0.601,114
2016-04-10,westlands,0.755,83
2016-04-10,kilimani,0.603,78
2016-04-10,karen,0.596,83
2016-04-10,lavington,0.98,78
2016-04-10,langata,0.826,68
2016-04-10,gigiri,0.483,83
2016-04-10,parklands,0.506,73
2016-04-10,upperhill,0.445,73
2016-04-10,kileleshwa,0.568,78
2016-04-10,runda,0.54,83
2016-04-10,muthaiga,0.726,83
2016-04-10,south-b,0.476,68
2016-04-10,south-c,0.605,63
2016-04-10,ngong-road,0.472,73
2016-04-10,thika-road,0.503,63
2016-04-11,westlands,0.888,127
2016-04-11,kilimani,0.665,119
2016-04-11,karen,0.626,127
2016-04-11,lavington,0.98,119
2016-04-11,langata,0.98,104
2016-04-11,gigiri,0.468,127
2016-04-11,parklands,0.496,112
2016-04-11,upperhill,0.412,112
2016-04-11,kileleshwa,0.578,119
2016-04-11,runda,0.564,127
2016-04-11,muthaiga,0.833,127
2016-04-11,south-b,0.447,104
2016-04-11,south-c,0.657,97
2016-04-11,ngong-road,0.457,112
2016-04-11,thika-road,0.477,97
2016-04-12,westlands,0.716,93
2016-04-12,kilimani,0.547,87
2016-04-12,karen,0.534,93
2016-04-12,lavington,0.98,87
2016-04-12,langata,0.795,76
2016-04-12,gigiri,0.41,93
2016-04-12,parklands,0.434,82
2016-04-12,upperhill,0.368,82
2016-04-12,kileleshwa,0.501,87
2016-04-12,runda,0.476,93
2016-04-12,muthaiga,0.681,93
2016-04-12,south-b,0.4,76
2016-04-12,south-c,0.547,71
2016-04-12,ngong-road,0.399,82
2016-04-12,thika-road,0.428,71
2016-04-13,westlands,0.812,112
2016-04-13,kilimani,0.613,105
2016-04-13,karen,0.585,112
2016-04-13,lavington,0.98,105
2016-04-13,langata,0.906,92
2016-04-13,gigiri,0.442,112
2016-04-13,parklands,0.469,99
2016-04-13,upperhill,0.392,99
2016-04-13,kileleshwa,0.544,105
2016-04-13,runda,0.525,112
2016-04-13,muthaiga,0.766,112
2016-04-13,south-b,0.426,92
2016-04-13,south-c,0.608,85
2016-04-13,ngong-road,0.432,99
2016-04-13,thika-road,0.455,85
2016-04-14,westlands,0.645,79
2016-04-14,kilimani,0.499,74
2016-04-14,karen,0.496,79
2016-04-14,lavington,0.98,74
2016-04-14,langata,0.713,65
2016-04-14,gigiri,0.386,79
2016-04-14,parklands,0.408,70
2016-04-14,upperhill,0.35,70
2016-04-14,kileleshwa,0.469,74
2016-04-14,runda,0.439,79
2016-04-14,muthaiga,0.618,79
2016-04-14,south-b,0.38,65
2016-04-14,south-c,0.502,60
2016-04-14,ngong-road,0.375,70
2016-04-14,thika-road,0.407,60
2016-04-15,westlands,0.877,107
2016-04-15,kilimani,0.686,101
2016-04-15,karen,0.662,107
2016-04-15,lavington,0.98,101
2016-04-15,langata,0.967,88
2016-04-15,gigiri,0.524,107
2016-04-15,parklands,0.549,94
2016-04-15,upperhill,0.476,94
2016-04-15,kileleshwa,0.623,101
2016-04-15,runda,0.602,107
2016-04-15,muthaiga,0.834,107
2016-04-15,south-b,0.509,88
2016-04-15,south-c,0.682,81
2016-04-15,ngong-road,0.513,94
2016-04-15,thika-road,0.538,81
2016-04-16,westlands,0.943,120
2016-04-16,kilimani,0.731,113
2016-04-16,karen,0.697,120
2016-04-16,lavington,0.98,113
2016-04-16,langata,0.98,98
2016-04-16,gigiri,0.546,120
2016-04-16,parklands,0.573,106
2016-04-16,upperhill,0.493,106
2016-04-16,kileleshwa,0.652,113
2016-04-16,runda,0.636,120
2016-04-16,muthaiga,0.892,120
2016-04-16,south-b,0.527,98
2016-04-16,south-c,0.724,91
2016-04-16,ngong-road,0.535,106
2016-04-16,thika-road,0.557,91
2016-04-17,westlands,0.836,99
2016-04-17,kilimani,0.658,93
2016-04-17,karen,0.64,99
2016-04-17,lavington,0.98,93
2016-04-17,langata,0.92,81
2016-04-17,gigiri,0.51,99
2016-04-17,parklands,0.535,87
2016-04-17,upperhill,0.466,87
2016-04-17,kileleshwa,0.604,93
2016-04-17,runda,0.581,99
2016-04-17,muthaiga,0.798,99
2016-04-17,south-b,0.498,81
2016-04-17,south-c,0.656,75
2016-04-17,ngong-road,0.499,87
2016-04-17,thika-road,0.526,75
2016-04-18,westlands,0.98,163
2016-04-18,kilimani,0.79,153
2016-04-18,karen,0.724,163
2016-04-18,lavington,0.98,153
2016-04-18,langata,0.98,134
2016-04-18,gigiri,0.529,163
2016-04-18,parklands,0.562,143
2016-04-18,upperhill,0.458,143
2016-04-18,kileleshwa,0.66,153
2016-04-18,runda,0.657,163
2016-04-18,muthaiga,0.98,163
2016-04-18,south-b,0.497,134
2016-04-18,south-c,0.772,124
2016-04-18,ngong-road,0.518,143
2016-04-18,thika-road,0.53,124
2016-04-19,westlands,0.639,78
2016-04-19,kilimani,0.495,73
2016-04-19,karen,0.493,78
2016-04-19,lavington,0.98,73
2016-04-19,langata,0.707,64
2016-04-19,gigiri,0.384,78
2016-04-19,parklands,0.406,69
2016-04-19,upperhill,0.349,69
2016-04-19,kileleshwa,0.467,73
2016-04-19,runda,0.437,78
2016-04-19,muthaiga,0.614,78
2016-04-19,south-b,0.379,64
2016-04-19,south-c,0.499,59
2016-04-19,ngong-road,0.374,69
2016-04-19,thika-road,0.406,59
2016-04-20,westlands,0.98,148
2016-04-20,kilimani,0.738,139
2016-04-20,karen,0.684,148
2016-04-20,lavington,0.98,139
2016-04-20,langata,0.98,121
2016-04-20,gigiri,0.503,148
2016-04-20,parklands,0.534,130
2016-04-20,upperhill,0.438,130
2016-04-20,kileleshwa,0.626,139
2016-04-20,runda,0.618,148
2016-04-20,muthaiga,0.927,148
2016-04-20,south-b,0.476,121
2016-04-20,south-c,0.724,112
2016-04-20,ngong-road,0.493,130
2016-04-20,thika-road,0.508,112
2016-04-21,westlands,0.695,89
2016-04-21,kilimani,0.533,84
2016-04-21,karen,0.523,89
2016-04-21,lavington,0.98,84
2016-04-21,langata,0.771,73
2016-04-21,gigiri,0.403,89
2016-04-21,parklands,0.427,78
2016-04-21,upperhill,0.363,78
2016-04-21,kileleshwa,0.492,84
2016-04-21,runda,0.465,89
2016-04-21,muthaiga,0.663,89
2016-04-21,south-b,0.394,73
2016-04-21,south-c,0.534,68
2016-04-21,ngong-road,0.392,78
2016-04-21,thika-road,0.422,68
2016-04-22,westlands,0.98,132
2016-04-22,kilimani,0.772,124
2016-04-22,karen,0.73,132
2016-04-22,lavington,0.98,124
2016-04-22,langata,0.98,108
2016-04-22,gigiri,0.566,132
2016-04-22,parklands,0.595,116
2016-04-22,upperhill,0.508,116
2016-04-22,kileleshwa,0.679,124
2016-04-22,runda,0.667,132
2016-04-22,muthaiga,0.945,132
2016-04-22,south-b,0.544,108
2016-04-22,south-c,0.763,100
2016-04-22,ngong-road,0.556,116
2016-04-22,thika-road,0.575,100
2016-04-23,westlands,0.943,120
2016-04-23,kilimani,0.731,113
2016-04-23,karen,0.697,120
2016-04-23,lavington,0.98,113
2016-04-23,langata,0.98,98
2016-04-23,gigiri,0.546,120
2016-04-23,parklands,0.573,106
2016-04-23,upperhill,0.493,106
2016-04-23,kileleshwa,0.652,113
2016-04-23,runda,0.636,120
2016-04-23,muthaiga,0.892,120
2016-04-23,south-b,0.527,98
2016-04-23,south-c,0.724,91
2016-04-23,ngong-road,0.535,106
2016-04-23,thika-road,0.557,91
2016-04-24,westlands,0.755,83
2016-04-24,kilimani,0.603,78
2016-04-24,karen,0.596,83
2016-04-24,lavington,0.98,78
2016-04-24,langata,0.826,68
2016-04-24,gigiri,0.483,83
2016-04-24,parklands,0.506,73
2016-04-24,upperhill,0.445,73
2016-04-24,kileleshwa,0.568,78
2016-04-24,runda,0.54,83
2016-04-24,muthaiga,0.726,83
2016-04-24,south-b,0.476,68
2016-04-24,south-c,0.605,63
2016-04-24,ngong-road,0.472,73
2016-04-24,thika-road,0.503,63
2016-04-25,westlands,0.716,93
2016-04-25,kilimani,0.547,87
2016-04-25,karen,0.534,93
2016-04-25,lavington,0.98,87
2016-04-25,langata,0.795,76
2016-04-25,gigiri,0.41,93
2016-04-25,parklands,0.434,82
2016-04-25,upperhill,0.368,82
2016-04-25,kileleshwa,0.501,87
2016-04-25,runda,0.476,93
2016-04-25,muthaiga,0.681,93
2016-04-25,south-b,0.4,76
2016-04-25,south-c,0.547,71
2016-04-25,ngong-road,0.399,82
2016-04-25,thika-road,0.428,71
2016-04-26,westlands,0.924,134
2016-04-26,kilimani,0.689,126
2016-04-26,karen,0.645,134
2016-04-26,lavington,0.98,126
2016-04-26,langata,0.98,110
2016-04-26,gigiri,0.48,134
2016-04-26,parklands,0.509,118
2016-04-26,upperhill,0.421,118
2016-04-26,kileleshwa,0.594,126
2016-04-26,runda,0.582,134
2016-04-26,muthaiga,0.864,134
2016-04-26,south-b,0.457,110
2016-04-26,south-c,0.679,102
2016-04-26,ngong-road,0.469,118
2016-04-26,thika-road,0.488,102
2016-04-27,westlands,0.771,104
2016-04-27,kilimani,0.585,98
2016-04-27,karen,0.564,104
2016-04-27,lavington,0.98,98
2016-04-27,langata,0.859,85
2016-04-27,gigiri,0.429,104
2016-04-27,parklands,0.454,92
2016-04-27,upperhill,0.382,92
2016-04-27,kileleshwa,0.526,98
2016-04-27,runda,0.504,104
2016-04-27,muthaiga,0.73,104
2016-04-27,south-b,0.415,85
2016-04-27,south-c,0.583,79
2016-04-27,ngong-road,0.418,92
2016-04-27,thika-road,0.444,79
2016-04-28,westlands,0.873,124
2016-04-28,kilimani,0.655,117
2016-04-28,karen,0.618,124
2016-04-28,lavington,0.98,117
2016-04-28,langata,0.976,102
2016-04-28,gigiri,0.463,124
2016-04-28,parklands,0.49,109
2016-04-28,upperhill,0.408,109
2016-04-28,kileleshwa,0.571,117
2016-04-28,runda,0.556,124
2016-04-28,muthaiga,0.82,124
2016-04-28,south-b,0.443,102
2016-04-28,south-c,0.647,94
2016-04-28,ngong-road,0.452,109
2016-04-28,thika-road,0.473,94
2016-04-29,westlands,0.98,139
2016-04-29,kilimani,0.796,131
2016-04-29,karen,0.749,139
2016-04-29,lavington,0.98,131
2016-04-29,langata,0.98,114
2016-04-29,gigiri,0.578,139
2016-04-29,parklands,0.608,122
2016-04-29,upperhill,0.517,122
2016-04-29,kileleshwa,0.695,131
2016-04-29,runda,0.685,139
2016-04-29,muthaiga,0.977,139
2016-04-29,south-b,0.554,114
2016-04-29,south-c,0.785,106
2016-04-29,ngong-road,0.567,122
2016-04-29,thika-road,0.585,106
2016-04-30,westlands,0.98,145
2016-04-30,kilimani,0.817,136
2016-04-30,karen,0.765,145
2016-04-30,lavington,0.98,136
2016-04-30,langata,0.98,119
2016-04-30,gigiri,0.588,145
2016-04-30,parklands,0.619,128
2016-04-30,upperhill,0.525,128
2016-04-30,kileleshwa,0.709,136
2016-04-30,runda,0.7,145
2016-04-30,muthaiga,0.98,145
2016-04-30,south-b,0.562,119
2016-04-30,south-c,0.805,110
2016-04-30,ngong-road,0.578,128
2016-04-30,thika-road,0.594,110
2016-05-01,westlands,0.643,61
2016-05-01,kilimani,0.526,57
2016-05-01,karen,0.536,61
2016-05-01,lavington,0.916,57
2016-05-01,langata,0.698,50
2016-05-01,gigiri,0.446,61
2016-05-01,parklands,0.465,54
2016-05-01,upperhill,0.417,54
2016-05-01,kileleshwa,0.518,57
2016-05-01,runda,0.482,61
2016-05-01,muthaiga,0.628,61
2016-05-01,south-b,0.445,50
2016-05-01,south-c,0.534,46
2016-05-01,ngong-road,0.435,54
2016-05-01,thika-road,0.471,46
2016-05-02,westlands,0.98,181
2016-05-02,kilimani,0.852,170
2016-05-02,karen,0.774,181
2016-05-02,lavington,0.98,170
2016-05-02,langata,0.98,148
2016-05-02,gigiri,0.559,181
2016-05-02,parklands,0.595,159
2016-05-02,upperhill,0.481,159
2016-05-02,kileleshwa,0.7,170
2016-05-02,runda,0.704,181
2016-05-02,muthaiga,0.98,181
2016-05-02,south-b,0.522,148
2016-05-02,south-c,0.83,138
2016-05-02,ngong-road,0.549,159
2016-05-02,thika-road,0.556,138
2016-05-03,westlands,0.619,74
2016-05-03,kilimani,0.481,70
2016-05-03,karen,0.482,74
2016-05-03,lavington,0.947,70
2016-05-03,langata,0.684,61
2016-05-03,gigiri,0.378,74
2016-05-03,parklands,0.399,65
2016-05-03,upperhill,0.344,65
2016-05-03,kileleshwa,0.458,70
2016-05-03,runda,0.426,74
2016-05-03,muthaiga,0.596,74
2016-05-03,south-b,0.373,61
2016-05-03,south-c,0.486,56
2016-05-03,ngong-road,0.367,65
2016-05-03,thika-road,0.4,56
2016-05-04,westlands,0.761,102
2016-05-04,kilimani,0.578,96
2016-05-04,karen,0.558,102
2016-05-04,lavington,0.98,96
2016-05-04,langata,0.848,84
2016-05-04,gigiri,0.425,102
2016-05-04,parklands,0.45,90
2016-05-04,upperhill,0.38,90
2016-05-04,kileleshwa,0.521,96
2016-05-04,runda,0.499,102
2016-05-04,muthaiga,0.721,102
2016-05-04,south-b,0.412,84
2016-05-04,south-c,0.576,78
2016-05-04,ngong-road,0.415,90
2016-05-04,thika-road,0.441,78
2016-05-05,westlands,0.98,148
2016-05-05,kilimani,0.738,139
2016-05-05,karen,0.684,148
2016-05-05,lavington,0.98,139
2016-05-05,langata,0.98,121
2016-05-05,gigiri,0.503,148
2016-05-05,parklands,0.534,130
2016-05-05,upperhill,0.438,130
2016-05-05,kileleshwa,0.626,139
2016-05-05,runda,0.618,148
2016-05-05,muthaiga,0.927,148
2016-05-05,south-b,0.476,121
2016-05-05,south-c,0.724,112
2016-05-05,ngong-road,0.493,130
2016-05-05,thika-road,0.508,112
2016-05-06,westlands,0.8,92
2016-05-06,kilimani,0.634,86
2016-05-06,karen,0.621,92
2016-05-06,lavington,0.98,86
2016-05-06,langata,0.879,75
2016-05-06,gigiri,0.498,92
2016-05-06,parklands,0.522,81
2016-05-06,upperhill,0.457,81
2016-05-06,kileleshwa,0.589,86
2016-05-06,runda,0.563,92
2016-05-06,muthaiga,0.767,92
2016-05-06,south-b,0.488,75
2016-05-06,south-c,0.634,70
2016-05-06,ngong-road,0.488,81
2016-05-06,thika-road,0.516,70
2016-05-07,westlands,0.836,99
2016-05-07,kilimani,0.658,93
2016-05-07,karen,0.64,99
2016-05-07,lavington,0.98,93
2016-05-07,langata,0.92,81
2016-05-07,gigiri,0.51,99
2016-05-07,parklands,0.535,87
2016-05-07,upperhill,0.466,87
2016-05-07,kileleshwa,0.604,93
2016-05-07,runda,0.581,99
2016-05-07,muthaiga,0.798,99
2016-05-07,south-b,0.498,81
2016-05-07,south-c,0.656,75
2016-05-07,ngong-road,0.499,87
2016-05-07,thika-road,0.526,75
2016-05-08,westlands,0.836,99
2016-05-08,kilimani,0.658,93
2016-05-08,karen,0.64,99
2016-05-08,lavington,0.98,93
2016-05-08,langata,0.92,81
2016-05-08,gigiri,0.51,99
2016-05-08,parklands,0.535,87
2016-05-08,upperhill,0.466,87
2016-05-08,kileleshwa,0.604,93
2016-05-08,runda,0.581,99
2016-05-08,muthaiga,0.798,99
2016-05-08,south-b,0.498,81
2016-05-08,south-c,0.656,75
2016-05-08,ngong-road,0.499,87
2016-05-08,thika-road,0.526,75
2016-05-09,westlands,0.903,130
2016-05-09,kilimani,0.675,122
2016-05-09,karen,0.635,130
2016-05-09,lavington,0.98,122
2016-05-09,langata,0.98,107
2016-05-09,gigiri,0.473,130
2016-05-09,parklands,0.501,114
2016-05-09,upperhill,0.415,114
2016-05-09,kileleshwa,0.585,122
2016-05-09,runda,0.572,130
2016-05-09,muthaiga,0.846,130
2016-05-09,south-b,0.451,107
2016-05-09,south-c,0.666,99
2016-05-09,ngong-road,0.462,114
2016-05-09,thika-road,0.482,99
2016-05-10,westlands,0.761,102
2016-05-10,kilimani,0.578,96
2016-05-10,karen,0.558,102
2016-05-10,lavington,0.98,96
2016-05-10,langata,0.848,84
2016-05-10,gigiri,0.425,102
2016-05-10,parklands,0.45,90
2016-05-10,upperhill,0.38,90
2016-05-10,kileleshwa,0.521,96
2016-05-10,runda,0.499,102
2016-05-10,muthaiga,0.721,102
2016-05-10,south-b,0.412,84
2016-05-10,south-c,0.576,78
2016-05-10,ngong-road,0.415,90
2016-05-10,thika-road,0.441,78
2016-05-11,westlands,0.771,104
2016-05-11,kilimani,0.585,98
2016-05-11,karen,0.564,104
2016-05-11,lavington,0.98,98
2016-05-11,langata,0.859,85
2016-05-11,gigiri,0.429,104
2016-05-11,parklands,0.454,92
2016-05-11,upperhill,0.382,92
2016-05-11,kileleshwa,0.526,98
2016-05-11,runda,0.504,104
2016-05-11,muthaiga,0.73,104
2016-05-11,south-b,0.415,85
2016-05-11,south-c,0.583,79
2016-05-11,ngong-road,0.418,92
2016-05-11,thika-road,0.444,79
2016-05-12,westlands,0.98,148
2016-05-12,kilimani,0.738,139
2016-05-12,karen,0.684,148
2016-05-12,lavington,0.98,139
2016-05-12,langata,0.98,121
2016-05-12,gigiri,0.503,148
2016-05-12,parklands,0.534,130
2016-05-12,upperhill,0.438,130
2016-05-12,kileleshwa,0.626,139
2016-05-12,runda,0.618,148
2016-05-12,muthaiga,0.927,148
2016-05-12,south-b,0.476,121
2016-05-12,south-c,0.724,112
2016-05-12,ngong-road,0.493,130
2016-05-12,thika-road,0.508,112
2016-05-13,westlands,0.846,101
2016-05-13,kilimani,0.665,95
2016-05-13,karen,0.645,101
2016-05-13,lavington,0.98,95
2016-05-13,langata,0.932,83
2016-05-13,gigiri,0.514,101
2016-05-13,parklands,0.538,89
2016-05-13,upperhill,0.468,89
2016-05-13,kileleshwa,0.609,95
2016-05-13,runda,0.586,101
2016-05-13,muthaiga,0.807,101
2016-05-13,south-b,0.501,83
2016-05-13,south-c,0.663,77
2016-05-13,ngong-road,0.503,89
2016-05-13,thika-road,0.529,77
2016-05-14,westlands,0.871,106
2016-05-14,kilimani,0.682,100
2016-05-14,karen,0.659,106
2016-05-14,lavington,0.98,100
2016-05-14,langata,0.961,87
2016-05-14,gigiri,0.522,106
2016-05-14,parklands,0.548,93
2016-05-14,upperhill,0.475,93
2016-05-14,kileleshwa,0.62,100
2016-05-14,runda,0.599,106
2016-05-14,muthaiga,0.829,106
2016-05-14,south-b,0.508,87
2016-05-14,south-c,0.679,81
2016-05-14,ngong-road,0.511,93
2016-05-14,thika-road,0.537,81
2016-05-15,westlands,0.98,132
2016-05-15,kilimani,0.772,124
2016-05-15,karen,0.73,132
2016-05-15,lavington,0.98,124
2016-05-15,langata,0.98,108
2016-05-15,gigiri,0.566,132
2016-05-15,parklands,0.595,116
2016-05-15,upperhill,0.508,116
2016-05-15,kileleshwa,0.679,124
2016-05-15,runda,0.667,132
2016-05-15,muthaiga,0.945,132
2016-05-15,south-b,0.544,108
2016-05-15,south-c,0.763,100
2016-05-15,ngong-road,0.556,116
2016-05-15,thika-road,0.575,100
2016-05-16,westlands,0.98,149
2016-05-16,kilimani,0.741,140
2016-05-16,karen,0.686,149
2016-05-16,lavington,0.98,140
2016-05-16,langata,0.98,122
2016-05-16,gigiri,0.505,149
2016-05-16,parklands,0.536,131
2016-05-16,upperhill,0.44,131
2016-05-16,kileleshwa,0.628,140
2016-05-16,runda,0.621,149
2016-05-16,muthaiga,0.931,149
2016-05-16,south-b,0.478,122
2016-05-16,south-c,0.727,113
2016-05-16,ngong-road,0.494,131
2016-05-16,thika-road,0.51,113
2016-05-17,westlands,0.98,159
2016-05-17,kilimani,0.776,149
2016-05-17,karen,0.714,159
2016-05-17,lavington,0.98,149
2016-05-17,langata,0.98,130
2016-05-17,gigiri,0.522,159
2016-05-17,parklands,0.554,140
2016-05-17,upperhill,0.453,140
2016-05-17,kileleshwa,0.65,149
2016-05-17,runda,0.647,159
2016-05-17,muthaiga,0.976,159
2016-05-17,south-b,0.491,130
2016-05-17,south-c,0.76,121
2016-05-17,ngong-road,0.511,140
2016-05-17,thika-road,0.524,121
2016-05-18,westlands,0.675,85
2016-05-18,kilimani,0.52,80
2016-05-18,karen,0.512,85
2016-05-18,lavington,0.98,80
2016-05-18,langata,0.748,70
2016-05-18,gigiri,0.396,85
2016-05-18,parklands,0.419,75
2016-05-18,upperhill,0.358,75
2016-05-18,kileleshwa,0.483,80
2016-05-18,runda,0.455,85
2016-05-18,muthaiga,0.645,85
2016-05-18,south-b,0.388,70
2016-05-18,south-c,0.521,65
2016-05-18,ngong-road,0.386,75
2016-05-18,thika-road,0.416,65
2016-05-19,westlands,0.98,168
2016-05-19,kilimani,0.807,158
2016-05-19,karen,0.738,168
2016-05-19,lavington,0.98,158
2016-05-19,langata,0.98,138
2016-05-19,gigiri,0.537,168
2016-05-19,parklands,0.571,148
2016-05-19,upperhill,0.464,148
2016-05-19,kileleshwa,0.671,158
2016-05-19,runda,0.67,168
2016-05-19,muthaiga,0.98,168
2016-05-19,south-b,0.504,138
2016-05-19,south-c,0.789,128
2016-05-19,ngong-road,0.527,148
2016-05-19,thika-road,0.537,128
2016-05-20,westlands,0.912,114
2016-05-20,kilimani,0.71,107
2016-05-20,karen,0.681,114
2016-05-20,lavington,0.98,107
2016-05-20,langata,0.98,93
2016-05-20,gigiri,0.536,114
2016-05-20,parklands,0.562,100
2016-05-20,upperhill,0.485,100
2016-05-20,kileleshwa,0.638,107
2016-05-20,runda,0.62,114
2016-05-20,muthaiga,0.865,114
2016-05-20,south-b,0.519,93
2016-05-20,south-c,0.705,87
2016-05-20,ngong-road,0.525,100
2016-05-20,thika-road,0.548,87
2016-05-21,westlands,0.953,122
2016-05-21,kilimani,0.738,115
2016-05-21,karen,0.703,122
2016-05-21,lavington,0.98,115
2016-05-21,langata,0.98,100
2016-05-21,gigiri,0.549,122
2016-05-21,parklands,0.577,107
2016-05-21,upperhill,0.495,107
2016-05-21,kileleshwa,0.657,115
2016-05-21,runda,0.641,122
2016-05-21,muthaiga,0.901,122
2016-05-21,south-b,0.53,100
2016-05-21,south-c,0.731,93
2016-05-21,ngong-road,0.539,107
2016-05-21,thika-road,0.56,93
2016-05-22,westlands,0.851,102
2016-05-22,kilimani,0.668,96
2016-05-22,karen,0.648,102
2016-05-22,lavington,0.98,96
2016-05-22,langata,0.938,84
2016-05-22,gigiri,0.515,102
2016-05-22,parklands,0.54,90
2016-05-22,upperhill,0.47,90
2016-05-22,kileleshwa,0.611,96
2016-05-22,runda,0.589,102
2016-05-22,muthaiga,0.811,102
2016-05-22,south-b,0.502,84
2016-05-22,south-c,0.666,78
2016-05-22,ngong-road,0.505,90
2016-05-22,thika-road,0.531,78
2016-05-23,westlands,0.751,100
2016-05-23,kilimani,0.571,94
2016-05-23,karen,0.553,100
2016-05-23,lavington,0.98,94
2016-05-23,langata,0.836,82
2016-05-23,gigiri,0.422,100
2016-05-23,parklands,0.447,88
2016-05-23,upperhill,0.377,88
2016-05-23,kileleshwa,0.517,94
2016-05-23,runda,0.494,100
2016-05-23,muthaiga,0.712,100
2016-05-23,south-b,0.409,82
2016-05-23,south-c,0.57,76
2016-05-23,ngong-road,0.411,88
2016-05-23,thika-road,0.438,76
2016-05-24,westlands,0.716,93
2016-05-24,kilimani,0.547,87
2016-05-24,karen,0.534,93
2016-05-24,lavington,0.98,87
2016-05-24,langata,0.795,76
2016-05-24,gigiri,0.41,93
2016-05-24,parklands,0.434,82
2016-05-24,upperhill,0.368,82
2016-05-24,kileleshwa,0.501,87
2016-05-24,runda,0.476,93
2016-05-24,muthaiga,0.681,93
2016-05-24,south-b,0.4,76
2016-05-24,south-c,0.547,71
2016-05-24,ngong-road,0.399,82
2016-05-24,thika-road,0.428,71
2016-05-25,westlands,0.695,89
2016-05-25,kilimani,0.533,84
2016-05-25,karen,0.523,89
2016-05-25,lavington,0.98,84
2016-05-25,langata,0.771,73
2016-05-25,gigiri,0.403,89
2016-05-25,parklands,0.427,78
2016-05-25,upperhill,0.363,78
2016-05-25,kileleshwa,0.492,84
2016-05-25,runda,0.465,89
2016-05-25,muthaiga,0.663,89
2016-05-25,south-b,0.394,73
2016-05-25,south-c,0.534,68
2016-05-25,ngong-road,0.392,78
2016-05-25,thika-road,0.422,68
2016-05-26,westlands,0.98,213
2016-05-26,kilimani,0.963,200
2016-05-26,karen,0.861,213
2016-05-26,lavington,0.98,200
2016-05-26,langata,0.98,175
2016-05-26,gigiri,0.614,213
2016-05-26,parklands,0.653,187
2016-05-26,upperhill,0.522,187
2016-05-26,kileleshwa,0.773,200
2016-05-26,runda,0.787,213
2016-05-26,muthaiga,0.98,213
2016-05-26,south-b,0.567,175
2016-05-26,south-c,0.933,162
2016-05-26,ngong-road,0.603,187
2016-05-26,thika-road,0.603,162
2016-05-27,westlands,0.598,52
2016-05-27,kilimani,0.495,49
2016-05-27,karen,0.512,52
2016-05-27,lavington,0.831,49
2016-05-27,langata,0.645,43
2016-05-27,gigiri,0.43,52
2016-05-27,parklands,0.449,46
2016-05-27,upperhill,0.406,46
2016-05-27,kileleshwa,0.498,49
2016-05-27,runda,0.459,52
2016-05-27,muthaiga,0.588,52
2016-05-27,south-b,0.433,43
2016-05-27,south-c,0.505,40
2016-05-27,ngong-road,0.42,46
2016-05-27,thika-road,0.458,40
2016-05-28,westlands,0.638,60
2016-05-28,kilimani,0.523,56
2016-05-28,karen,0.534,60
2016-05-28,lavington,0.906,56
2016-05-28,langata,0.692,49
2016-05-28,gigiri,0.444,60
2016-05-28,parklands,0.464,53
2016-05-28,upperhill,0.416,53
2016-05-28,kileleshwa,0.516,56
2016-05-28,runda,0.48,60
2016-05-28,muthaiga,0.623,60
2016-05-28,south-b,0.444,49
2016-05-28,south-c,0.531,46
2016-05-28,ngong-road,0.433,53
2016-05-28,thika-road,0.469,46
2016-05-29,westlands,0.98,131
2016-05-29,kilimani,0.769,123
2016-05-29,karen,0.727,131
2016-05-29,lavington,0.98,123
2016-05-29,langata,0.98,107
2016-05-29,gigiri,0.564,131
2016-05-29,parklands,0.593,115
2016-05-29,upperhill,0.507,115
2016-05-29,kileleshwa,0.677,123
2016-05-29,runda,0.664,131
2016-05-29,muthaiga,0.941,131
2016-05-29,south-b,0.543,107
2016-05-29,south-c,0.759,100
2016-05-29,ngong-road,0.554,115
2016-05-29,thika-road,0.573,100
2016-05-30,westlands,0.934,136
2016-05-30,kilimani,0.696,128
2016-05-30,karen,0.651,136
2016-05-30,lavington,0.98,128
2016-05-30,langata,0.98,112
2016-05-30,gigiri,0.483,136
2016-05-30,parklands,0.512,120
2016-05-30,upperhill,0.423,120
2016-05-30,kileleshwa,0.598,128
2016-05-30,runda,0.587,136
2016-05-30,muthaiga,0.873,136
2016-05-30,south-b,0.459,112
2016-05-30,south-c,0.686,103
2016-05-30,ngong-road,0.472,120
2016-05-30,thika-road,0.491,103
2016-05-31,westlands,0.807,111
2016-05-31,kilimani,0.61,104
2016-05-31,karen,0.583,111
2016-05-31,lavington,0.98,104
2016-05-31,langata,0.9,91
2016-05-31,gigiri,0.441,111
2016-05-31,parklands,0.467,98
2016-05-31,upperhill,0.391,98
2016-05-31,kileleshwa,0.542,104
2016-05-31,runda,0.522,111
2016-05-31,muthaiga,0.761,111
2016-05-31,south-b,0.425,91
2016-05-31,south-c,0.605,84
2016-05-31,ngong-road,0.43,98
2016-05-31,thika-road,0.454,84
2016-06-01,westlands,0.69,88
2016-06-01,kilimani,0.53,83
2016-06-01,karen,0.52,88
2016-06-01,lavington,0.98,83
2016-06-01,langata,0.766,72
2016-06-01,gigiri,0.401,88
2016-06-01,parklands,0.425,77
2016-06-01,upperhill,0.362,77
2016-06-01,kileleshwa,0.489,83
2016-06-01,runda,0.463,88
2016-06-01,muthaiga,0.659,88
2016-06-01,south-b,0.393,72
2016-06-01,south-c,0.531,67
2016-06-01,ngong-road,0.391,77
2016-06-01,thika-road,0.42,67
2016-06-02,westlands,0.954,140
2016-06-02,kilimani,0.71,132
2016-06-02,karen,0.662,140
2016-06-02,lavington,0.98,132
2016-06-02,langata,0.98,115
2016-06-02,gigiri,0.49,140
2016-06-02,parklands,0.52,123
2016-06-02,upperhill,0.428,123
2016-06-02,kileleshwa,0.607,132
2016-06-02,runda,0.597,140
2016-06-02,muthaiga,0.891,140
2016-06-02,south-b,0.465,115
2016-06-02,south-c,0.698,106
2016-06-02,ngong-road,0.479,123
2016-06-02,thika-road,0.496,106
2016-06-03,westlands,0.932,118
2016-06-03,kilimani,0.724,111
2016-06-03,karen,0.692,118
2016-06-03,lavington,0.98,111
2016-06-03,langata,0.98,97
2016-06-03,gigiri,0.542,118
2016-06-03,parklands,0.57,104
2016-06-03,upperhill,0.49,104
2016-06-03,kileleshwa,0.647,111
2016-06-03,runda,0.63,118
2016-06-03,muthaiga,0.883,118
2016-06-03,south-b,0.524,97
2016-06-03,south-c,0.718,90
2016-06-03,ngong-road,0.532,104
2016-06-03,thika-road,0.554,90
2016-06-04,westlands,0.821,96
2016-06-04,kilimani,0.648,90
2016-06-04,karen,0.632,96
2016-06-04,lavington,0.98,90
2016-06-04,langata,0.902,79
2016-06-04,gigiri,0.505,96
2016-06-04,parklands,0.529,84
2016-06-04,upperhill,0.462,84
2016-06-04,kileleshwa,0.598,90
2016-06-04,runda,0.573,96
2016-06-04,muthaiga,0.784,96
2016-06-04,south-b,0.494,79
2016-06-04,south-c,0.647,73
2016-06-04,ngong-road,0.494,84
2016-06-04,thika-road,0.522,73
2016-06-05,westlands,0.653,63
2016-06-05,kilimani,0.533,59
2016-06-05,karen,0.542,63
2016-06-05,lavington,0.934,59
2016-06-05,langata,0.709,52
2016-06-05,gigiri,0.449,63
2016-06-05,parklands,0.469,55
2016-06-05,upperhill,0.42,55
2016-06-05,kileleshwa,0.523,59
2016-06-05,runda,0.488,63
2016-06-05,muthaiga,0.637,63
2016-06-05,south-b,0.448,52
2016-06-05,south-c,0.541,48
2016-06-05,ngong-road,0.438,55
2016-06-05,thika-road,0.474,48
2016-06-06,westlands,0.98,200
2016-06-06,kilimani,0.918,188
2016-06-06,karen,0.825,200
2016-06-06,lavington,0.98,188
2016-06-06,langata,0.98,164
2016-06-06,gigiri,0.592,200
2016-06-06,parklands,0.629,176
2016-06-06,upperhill,0.505,176
2016-06-06,kileleshwa,0.743,188
2016-06-06,runda,0.753,200
2016-06-06,muthaiga,0.98,200
2016-06-06,south-b,0.549,164
2016-06-06,south-c,0.891,152
2016-06-06,ngong-road,0.581,176
2016-06-06,thika-road,0.584,152
2016-06-07,westlands,0.574,65
2016-06-07,kilimani,0.45,61
2016-06-07,karen,0.457,65
2016-06-07,lavington,0.863,61
2016-06-07,langata,0.631,53
2016-06-07,gigiri,0.362,65
2016-06-07,parklands,0.383,57
2016-06-07,upperhill,0.332,57
2016-06-07,kileleshwa,0.437,61
2016-06-07,runda,0.403,65
2016-06-07,muthaiga,0.556,65
2016-06-07,south-b,0.361,53
2016-06-07,south-c,0.457,49
2016-06-07,ngong-road,0.352,57
2016-06-07,thika-road,0.387,49
2016-06-08,westlands,0.665,83
2016-06-08,kilimani,0.513,78
2016-06-08,karen,0.506,83
2016-06-08,lavington,0.98,78
2016-06-08,langata,0.736,68
2016-06-08,gigiri,0.393,83
2016-06-08,parklands,0.416,73
2016-06-08,upperhill,0.355,73
2016-06-08,kileleshwa,0.478,78
2016-06-08,runda,0.45,83
2016-06-08,muthaiga,0.636,83
2016-06-08,south-b,0.386,68
2016-06-08,south-c,0.515,63
2016-06-08,ngong-road,0.382,73
2016-06-08,thika-road,0.413,63
2016-06-09,westlands,0.807,111
2016-06-09,kilimani,0.61,104
2016-06-09,karen,0.583,111
2016-06-09,lavington,0.98,104
2016-06-09,langata,0.9,91
2016-06-09,gigiri,0.441,111
2016-06-09,parklands,0.467,98
2016-06-09,upperhill,0.391,98
2016-06-09,kileleshwa,0.542,104
2016-06-09,runda,0.522,111
2016-06-09,muthaiga,0.761,111
2016-06-09,south-b,0.425,91
2016-06-09,south-c,0.605,84
2016-06-09,ngong-road,0.43,98
2016-06-09,thika-road,0.454,84
2016-06-10,westlands,0.98,136
2016-06-10,kilimani,0.786,128
2016-06-10,karen,0.741,136
2016-06-10,lavington,0.98,128
2016-06-10,langata,0.98,112
2016-06-10,gigiri,0.573,136
2016-06-10,parklands,0.602,120
2016-06-10,upperhill,0.513,120
2016-06-10,kileleshwa,0.688,128
2016-06-10,runda,0.677,136
2016-06-10,muthaiga,0.963,136
2016-06-10,south-b,0.549,112
2016-06-10,south-c,0.776,103
2016-06-10,ngong-road,0.562,120
2016-06-10,thika-road,0.581,103
2016-06-11,westlands,0.745,81
2016-06-11,kilimani,0.596,76
2016-06-11,karen,0.591,81
2016-06-11,lavington,0.98,76
2016-06-11,langata,0.815,66
2016-06-11,gigiri,0.48,81
2016-06-11,parklands,0.502,71
2016-06-11,upperhill,0.443,71
2016-06-11,kileleshwa,0.564,76
2016-06-11,runda,0.534,81
2016-06-11,muthaiga,0.717,81
2016-06-11,south-b,0.473,66
2016-06-11,south-c,0.599,62
2016-06-11,ngong-road,0.469,71
2016-06-11,thika-road,0.5,62
2016-06-12,westlands,0.811,94
2016-06-12,kilimani,0.641,88
2016-06-12,karen,0.626,94
2016-06-12,lavington,0.98,88
2016-06-12,langata,0.891,77
2016-06-12,gigiri,0.502,94
2016-06-12,parklands,0.526,83
2016-06-12,upperhill,0.459,83
2016-06-12,kileleshwa,0.593,88
2016-06-12,runda,0.568,94
2016-06-12,muthaiga,0.775,94
2016-06-12,south-b,0.491,77
2016-06-12,south-c,0.64,71
2016-06-12,ngong-road,0.491,83
2016-06-12,thika-road,0.519,71
2016-06-13,westlands,0.746,99
2016-06-13,kilimani,0.568,93
2016-06-13,karen,0.55,99
2016-06-13,lavington,0.98,93
2016-06-13,langata,0.83,81
2016-06-13,gigiri,0.42,99
2016-06-13,parklands,0.445,87
2016-06-13,upperhill,0.376,87
2016-06-13,kileleshwa,0.514,93
2016-06-13,runda,0.491,99
2016-06-13,muthaiga,0.708,99
2016-06-13,south-b,0.408,81
2016-06-13,south-c,0.566,75
2016-06-13,ngong-road,0.409,87
2016-06-13,thika-road,0.436,75
2016-06-14,westlands,0.68,86
2016-06-14,kilimani,0.523,81
2016-06-14,karen,0.515,86
2016-06-14,lavington,0.98,81
2016-06-14,langata,0.754,71
2016-06-14,gigiri,0.398,86
2016-06-14,parklands,0.421,76
2016-06-14,upperhill,0.359,76
2016-06-14,kileleshwa,0.485,81
2016-06-14,runda,0.457,86
2016-06-14,muthaiga,0.65,86
2016-06-14,south-b,0.39,71
2016-06-14,south-c,0.525,65
2016-06-14,ngong-road,0.387,76
2016-06-14,thika-road,0.417,65
2016-06-15,westlands,0.924,134
2016-06-15,kilimani,0.689,126
2016-06-15,karen,0.645,134
2016-06-15,lavington,0.98,126
2016-06-15,langata,0.98,110
2016-06-15,gigiri,0.48,134
2016-06-15,parklands,0.509,118
2016-06-15,upperhill,0.421,118
2016-06-15,kileleshwa,0.594,126
2016-06-15,runda,0.582,134
2016-06-15,muthaiga,0.864,134
2016-06-15,south-b,0.457,110
2016-06-15,south-c,0.679,102
2016-06-15,ngong-road,0.469,118
2016-06-15,thika-road,0.488,102
2016-06-16,westlands,0.695,89
2016-06-16,kilimani,0.533,84
2016-06-16,karen,0.523,89
2016-06-16,lavington,0.98,84
2016-06-16,langata,0.771,73
2016-06-16,gigiri,0.403,89
2016-06-16,parklands,0.427,78
2016-06-16,upperhill,0.363,78
2016-06-16,kileleshwa,0.492,84
2016-06-16,runda,0.465,89
2016-06-16,muthaiga,0.663,89
2016-06-16,south-b,0.394,73
2016-06-16,south-c,0.534,68
2016-06-16,ngong-road,0.392,78
2016-06-16,thika-road,0.422,68
2016-06-17,westlands,0.98,143
2016-06-17,kilimani,0.81,134
2016-06-17,karen,0.76,143
2016-06-17,lavington,0.98,134
2016-06-17,langata,0.98,117
2016-06-17,gigiri,0.585,143
2016-06-17,parklands,0.615,126
2016-06-17,upperhill,0.522,126
2016-06-17,kileleshwa,0.704,134
2016-06-17,runda,0.695,143
2016-06-17,muthaiga,0.98,143
2016-06-17,south-b,0.559,117
2016-06-17,south-c,0.798,109
2016-06-17,ngong-road,0.574,126
2016-06-17,thika-road,0.591,109
2016-06-18,westlands,0.775,87
2016-06-18,kilimani,0.616,82
2016-06-18,karen,0.607,87
2016-06-18,lavington,0.98,82
2016-06-18,langata,0.85,71
2016-06-18,gigiri,0.49,87
2016-06-18,parklands,0.513,77
2016-06-18,upperhill,0.451,77
2016-06-18,kileleshwa,0.577,82
2016-06-18,runda,0.55,87
2016-06-18,muthaiga,0.744,87
2016-06-18,south-b,0.481,71
2016-06-18,south-c,0.618,66
2016-06-18,ngong-road,0.479,77
2016-06-18,thika-road,0.509,66
2016-06-19,westlands,0.79,90
2016-06-19,kilimani,0.627,85
2016-06-19,karen,0.615,90
2016-06-19,lavington,0.98,85
2016-06-19,langata,0.867,74
2016-06-19,gigiri,0.495,90
2016-06-19,parklands,0.518,79
2016-06-19,upperhill,0.454,79
2016-06-19,kileleshwa,0.584,85
2016-06-19,runda,0.558,90
2016-06-19,muthaiga,0.758,90
2016-06-19,south-b,0.485,74
2016-06-19,south-c,0.628,68
2016-06-19,ngong-road,0.484,79
2016-06-19,thika-road,0.513,68
2016-06-20,westlands,0.863,122
2016-06-20,kilimani,0.648,115
2016-06-20,karen,0.613,122
2016-06-20,lavington,0.98,115
2016-06-20,langata,0.965,100
2016-06-20,gigiri,0.459,122
2016-06-20,parklands,0.487,107
2016-06-20,upperhill,0.405,107
2016-06-20,kileleshwa,0.567,115
2016-06-20,runda,0.551,122
2016-06-20,muthaiga,0.811,122
2016-06-20,south-b,0.44,100
2016-06-20,south-c,0.641,93
2016-06-20,ngong-road,0.449,107
2016-06-20,thika-road,0.47,93
2016-06-21,westlands,0.751,100
2016-06-21,kilimani,0.571,94
2016-06-21,karen,0.553,100
2016-06-21,lavington,0.98,94
2016-06-21,langata,0.836,82
2016-06-21,gigiri,0.422,100
2016-06-21,parklands,0.447,88
2016-06-21,upperhill,0.377,88
2016-06-21,kileleshwa,0.517,94
2016-06-21,runda,0.494,100
2016-06-21,muthaiga,0.712,100
2016-06-21,south-b,0.409,82
2016-06-21,south-c,0.57,76
2016-06-21,ngong-road,0.411,88
2016-06-21,thika-road,0.438,76
2016-06-22,westlands,0.721,94
2016-06-22,kilimani,0.551,88
2016-06-22,karen,0.536,94
2016-06-22,lavington,0.98,88
2016-06-22,langata,0.801,77
2016-06-22,gigiri,0.412,94
2016-06-22,parklands,0.436,83
2016-06-22,upperhill,0.369,83
2016-06-22,kileleshwa,0.503,88
2016-06-22,runda,0.478,94
2016-06-22,muthaiga,0.685,94
2016-06-22,south-b,0.401,77
2016-06-22,south-c,0.55,71
2016-06-22,ngong-road,0.401,83
2016-06-22,thika-road,0.429,71
2016-06-23,westlands,0.609,72
2016-06-23,kilimani,0.475,68
2016-06-23,karen,0.476,72
2016-06-23,lavington,0.929,68
2016-06-23,langata,0.672,59
2016-06-23,gigiri,0.374,72
2016-06-23,parklands,0.396,63
2016-06-23,upperhill,0.341,63
2016-06-23,kileleshwa,0.453,68
2016-06-23,runda,0.421,72
2016-06-23,muthaiga,0.587,72
2016-06-23,south-b,0.37,59
2016-06-23,south-c,0.48,55
2016-06-23,ngong-road,0.364,63
2016-06-23,thika-road,0.397,55
2016-06-24,westlands,0.98,220
2016-06-24,kilimani,0.98,207
2016-06-24,karen,0.97,220
2016-06-24,lavington,0.98,207
2016-06-24,langata,0.98,180
2016-06-24,gigiri,0.716,220
2016-06-24,parklands,0.756,194
2016-06-24,upperhill,0.621,194
2016-06-24,kileleshwa,0.879,207
2016-06-24,runda,0.895,220
2016-06-24,muthaiga,0.98,220
2016-06-24,south-b,0.666,180
2016-06-24,south-c,0.98,167
2016-06-24,ngong-road,0.705,194
2016-06-24,thika-road,0.703,167
2016-06-25,westlands,0.598,52
2016-06-25,kilimani,0.495,49
2016-06-25,karen,0.512,52
2016-06-25,lavington,0.831,49
2016-06-25,langata,0.645,43
2016-06-25,gigiri,0.43,52
2016-06-25,parklands,0.449,46
2016-06-25,upperhill,0.406,46
2016-06-25,kileleshwa,0.498,49
2016-06-25,runda,0.459,52
2016-06-25,muthaiga,0.588,52
2016-06-25,south-b,0.433,43
2016-06-25,south-c,0.505,40
2016-06-25,ngong-road,0.42,46
2016-06-25,thika-road,0.458,40
2016-06-26,westlands,0.98,166
2016-06-26,kilimani,0.89,156
2016-06-26,karen,0.823,166
2016-06-26,lavington,0.98,156
2016-06-26,langata,0.98,136
2016-06-26,gigiri,0.624,166
2016-06-26,parklands,0.657,146
2016-06-26,upperhill,0.552,146
2016-06-26,kileleshwa,0.756,156
2016-06-26,runda,0.755,166
2016-06-26,muthaiga,0.98,166
2016-06-26,south-b,0.591,136
2016-06-26,south-c,0.872,126
2016-06-26,ngong-road,0.613,146
2016-06-26,thika-road,0.624,126
2016-06-27,westlands,0.751,100
2016-06-27,kilimani,0.571,94
2016-06-27,karen,0.553,100
2016-06-27,lavington,0.98,94
2016-06-27,langata,0.836,82
2016-06-27,gigiri,0.422,100
2016-06-27,parklands,0.447,88
2016-06-27,upperhill,0.377,88
2016-06-27,kileleshwa,0.517,94
2016-06-27,runda,0.494,100
2016-06-27,muthaiga,0.712,100
2016-06-27,south-b,0.409,82
2016-06-27,south-c,0.57,76
2016-06-27,ngong-road,0.411,88
2016-06-27,thika-road,0.438,76
2016-06-28,westlands,0.726,95
2016-06-28,kilimani,0.554,89
2016-06-28,karen,0.539,95
2016-06-28,lavington,0.98,89
2016-06-28,langata,0.807,78
2016-06-28,gigiri,0.413,95
2016-06-28,parklands,0.438,84
2016-06-28,upperhill,0.371,84
2016-06-28,kileleshwa,0.505,89
2016-06-28,runda,0.481,95
2016-06-28,muthaiga,0.69,95
2016-06-28,south-b,0.402,78
2016-06-28,south-c,0.554,72
2016-06-28,ngong-road,0.403,84
2016-06-28,thika-road,0.43,72
2016-06-29,westlands,0.584,67
2016-06-29,kilimani,0.457,63
2016-06-29,karen,0.463,67
2016-06-29,lavington,0.882,63
2016-06-29,langata,0.643,55
2016-06-29,gigiri,0.366,67
2016-06-29,parklands,0.386,59
2016-06-29,upperhill,0.335,59
2016-06-29,kileleshwa,0.442,63
2016-06-29,runda,0.408,67
2016-06-29,muthaiga,0.565,67
2016-06-29,south-b,0.363,55
2016-06-29,south-c,0.464,51
2016-06-29,ngong-road,0.355,59
2016-06-29,thika-road,0.39,51
2016-06-30,westlands,0.776,105
2016-06-30,kilimani,0.589,99
2016-06-30,karen,0.566,105
2016-06-30,lavington,0.98,99
2016-06-30,langata,0.865,86
2016-06-30,gigiri,0.43,105
2016-06-30,parklands,0.456,92
2016-06-30,upperhill,0.384,92
2016-06-30,kileleshwa,0.528,99
2016-06-30,runda,0.507,105
2016-06-30,muthaiga,0.735,105
2016-06-30,south-b,0.416,86
2016-06-30,south-c,0.586,80
2016-06-30,ngong-road,0.42,92
2016-06-30,thika-road,0.445,80
2016-07-01,westlands,0.8,92
2016-07-01,kilimani,0.634,86
2016-07-01,karen,0.621,92
2016-07-01,lavington,0.98,86
2016-07-01,langata,0.879,75
2016-07-01,gigiri,0.498,92
2016-07-01,parklands,0.522,81
2016-07-01,upperhill,0.457,81
2016-07-01,kileleshwa,0.589,86
2016-07-01,runda,0.563,92
2016-07-01,muthaiga,0.767,92
2016-07-01,south-b,0.488,75
2016-07-01,south-c,0.634,70
2016-07-01,ngong-road,0.488,81
2016-07-01,thika-road,0.516,70
2016-07-02,westlands,0.755,83
2016-07-02,kilimani,0.603,78
2016-07-02,karen,0.596,83
2016-07-02,lavington,0.98,78
2016-07-02,langata,0.826,68
2016-07-02,gigiri,0.483,83
2016-07-02,parklands,0.506,73
2016-07-02,upperhill,0.445,73
2016-07-02,kileleshwa,0.568,78
2016-07-02,runda,0.54,83
2016-07-02,muthaiga,0.726,83
2016-07-02,south-b,0.476,68
2016-07-02,south-c,0.605,63
2016-07-02,ngong-road,0.472,73
2016-07-02,thika-road,0.503,63
2016-07-03,westlands,0.77,86
2016-07-03,kilimani,0.613,81
2016-07-03,karen,0.605,86
2016-07-03,lavington,0.98,81
2016-07-03,langata,0.844,71
2016-07-03,gigiri,0.488,86
2016-07-03,parklands,0.511,76
2016-07-03,upperhill,0.449,76
2016-07-03,kileleshwa,0.575,81
2016-07-03,runda,0.547,86
2016-07-03,muthaiga,0.74,86
2016-07-03,south-b,0.48,71
2016-07-03,south-c,0.615,65
2016-07-03,ngong-road,0.477,76
2016-07-03,thika-road,0.507,65
2016-07-04,westlands,0.781,106
2016-07-04,kilimani,0.592,100
2016-07-04,karen,0.569,106
2016-07-04,lavington,0.98,100
2016-07-04,langata,0.871,87
2016-07-04,gigiri,0.432,106
2016-07-04,parklands,0.458,93
2016-07-04,upperhill,0.385,93
2016-07-04,kileleshwa,0.53,100
2016-07-04,runda,0.509,106
2016-07-04,muthaiga,0.739,106
2016-07-04,south-b,0.418,87
2016-07-04,south-c,0.589,81
2016-07-04,ngong-road,0.421,93
2016-07-04,thika-road,0.447,81
2016-07-05,westlands,0.71,92
2016-07-05,kilimani,0.544,86
2016-07-05,karen,0.531,92
2016-07-05,lavington,0.98,86
2016-07-05,langata,0.789,75
2016-07-05,gigiri,0.408,92
2016-07-05,parklands,0.432,81
2016-07-05,upperhill,0.367,81
2016-07-05,kileleshwa,0.499,86
2016-07-05,runda,0.473,92
2016-07-05,muthaiga,0.677,92
2016-07-05,south-b,0.398,75
2016-07-05,south-c,0.544,70
2016-07-05,ngong-road,0.398,81
2016-07-05,thika-road,0.426,70
2016-07-06,westlands,0.731,96
2016-07-06,kilimani,0.558,90
2016-07-06,karen,0.542,96
2016-07-06,lavington,0.98,90
2016-07-06,langata,0.812,79
2016-07-06,gigiri,0.415,96
2016-07-06,parklands,0.439,84
2016-07-06,upperhill,0.372,84
2016-07-06,kileleshwa,0.508,90
2016-07-06,runda,0.483,96
2016-07-06,muthaiga,0.694,96
2016-07-06,south-b,0.404,79
2016-07-06,south-c,0.557,73
2016-07-06,ngong-road,0.404,84
2016-07-06,thika-road,0.432,73
2016-07-07,westlands,0.67,84
2016-07-07,kilimani,0.516,79
2016-07-07,karen,0.509,84
2016-07-07,lavington,0.98,79
2016-07-07,langata,0.742,69
2016-07-07,gigiri,0.395,84
2016-07-07,parklands,0.417,74
2016-07-07,upperhill,0.357,74
2016-07-07,kileleshwa,0.48,79
2016-07-07,runda,0.452,84
2016-07-07,muthaiga,0.641,84
2016-07-07,south-b,0.387,69
2016-07-07,south-c,0.518,64
2016-07-07,ngong-road,0.384,74
2016-07-07,thika-road,0.414,64
2016-07-08,westlands,0.811,94
2016-07-08,kilimani,0.641,88
2016-07-08,karen,0.626,94
2016-07-08,lavington,0.98,88
2016-07-08,langata,0.891,77
2016-07-08,gigiri,0.502,94
2016-07-08,parklands,0.526,83
2016-07-08,upperhill,0.459,83
2016-07-08,kileleshwa,0.593,88
2016-07-08,runda,0.568,94
2016-07-08,muthaiga,0.775,94
2016-07-08,south-b,0.491,77
2016-07-08,south-c,0.64,71
2016-07-08,ngong-road,0.491,83
2016-07-08,thika-road,0.519,71
2016-07-09,westlands,0.831,98
2016-07-09,kilimani,0.655,92
2016-07-09,karen,0.637,98
2016-07-09,lavington,0.98,92
2016-07-09,langata,0.914,80
2016-07-09,gigiri,0.508,98
2016-07-09,parklands,0.533,86
2016-07-09,upperhill,0.465,86
2016-07-09,kileleshwa,0.602,92
2016-07-09,runda,0.578,98
2016-07-09,muthaiga,0.793,98
2016-07-09,south-b,0.497,80
2016-07-09,south-c,0.653,74
2016-07-09,ngong-road,0.498,86
2016-07-09,thika-road,0.525,74
2016-07-10,westlands,0.785,89
2016-07-10,kilimani,0.623,84
2016-07-10,karen,0.613,89
2016-07-10,lavington,0.98,84
2016-07-10,langata,0.861,73
2016-07-10,gigiri,0.493,89
2016-07-10,parklands,0.517,78
2016-07-10,upperhill,0.453,78
2016-07-10,kileleshwa,0.582,84
2016-07-10,runda,0.555,89
2016-07-10,muthaiga,0.753,89
2016-07-10,south-b,0.484,73
2016-07-10,south-c,0.624,68
2016-07-10,ngong-road,0.482,78
2016-07-10,thika-road,0.512,68
2016-07-11,westlands,0.802,110
2016-07-11,kilimani,0.606,103
2016-07-11,karen,0.58,110
2016-07-11,lavington,0.98,103
2016-07-11,langata,0.894,90
2016-07-11,gigiri,0.439,110
2016-07-11,parklands,0.465,97
2016-07-11,upperhill,0.39,97
2016-07-11,kileleshwa,0.539,103
2016-07-11,runda,0.52,110
2016-07-11,muthaiga,0.757,110
2016-07-11,south-b,0.423,90
2016-07-11,south-c,0.602,84
2016-07-11,ngong-road,0.428,97
2016-07-11,thika-road,0.452,84
2016-07-12,westlands,0.705,91
2016-07-12,kilimani,0.54,86
2016-07-12,karen,0.528,91
2016-07-12,lavington,0.98,86
2016-07-12,langata,0.783,75
2016-07-12,gigiri,0.407,91
2016-07-12,parklands,0.43,80
2016-07-12,upperhill,0.366,80
2016-07-12,kileleshwa,0.496,86
2016-07-12,runda,0.47,91
2016-07-12,muthaiga,0.672,91
2016-07-12,south-b,0.397,75
2016-07-12,south-c,0.541,69
2016-07-12,ngong-road,0.396,80
2016-07-12,thika-road,0.425,69
2016-07-13,westlands,0.705,91
2016-07-13,kilimani,0.54,86
2016-07-13,karen,0.528,91
2016-07-13,lavington,0.98,86
2016-07-13,langata,0.783,75
2016-07-13,gigiri,0.407,91
2016-07-13,parklands,0.43,80
2016-07-13,upperhill,0.366,80
2016-07-13,kileleshwa,0.496,86
2016-07-13,runda,0.47,91
2016-07-13,muthaiga,0.672,91
2016-07-13,south-b,0.397,75
2016-07-13,south-c,0.541,69
2016-07-13,ngong-road,0.396,80
2016-07-13,thika-road,0.425,69
2016-07-14,westlands,0.695,89
2016-07-14,kilimani,0.533,84
2016-07-14,karen,0.523,89
2016-07-14,lavington,0.98,84
2016-07-14,langata,0.771,73
2016-07-14,gigiri,0.403,89
2016-07-14,parklands,0.427,78
2016-07-14,upperhill,0.363,78
2016-07-14,kileleshwa,0.492,84
2016-07-14,runda,0.465,89
2016-07-14,muthaiga,0.663,89
2016-07-14,south-b,0.394,73
2016-07-14,south-c,0.534,68
2016-07-14,ngong-road,0.392,78
2016-07-14,thika-road,0.422,68
2016-07-15,westlands,0.806,93
2016-07-15,kilimani,0.637,87
2016-07-15,karen,0.624,93
2016-07-15,lavington,0.98,87
2016-07-15,langata,0.885,76
2016-07-15,gigiri,0.5,93
2016-07-15,parklands,0.524,82
2016-07-15,upperhill,0.458,82
2016-07-15,kileleshwa,0.591,87
2016-07-15,runda,0.566,93
2016-07-15,muthaiga,0.771,93
2016-07-15,south-b,0.49,76
2016-07-15,south-c,0.637,71
2016-07-15,ngong-road,0.489,82
2016-07-15,thika-road,0.518,71
2016-07-16,westlands,0.887,109
2016-07-16,kilimani,0.693,102
2016-07-16,karen,0.667,109
2016-07-16,lavington,0.98,102
2016-07-16,langata,0.978,89
2016-07-16,gigiri,0.527,109
2016-07-16,parklands,0.553,96
2016-07-16,upperhill,0.479,96
2016-07-16,kileleshwa,0.627,102
2016-07-16,runda,0.607,109
2016-07-16,muthaiga,0.843,109
2016-07-16,south-b,0.512,89
2016-07-16,south-c,0.689,83
2016-07-16,ngong-road,0.516,96
2016-07-16,thika-road,0.541,83
2016-07-17,westlands,0.78,88
2016-07-17,kilimani,0.62,83
2016-07-17,karen,0.61,88
2016-07-17,lavington,0.98,83
2016-07-17,langata,0.856,72
2016-07-17,gigiri,0.491,88
2016-07-17,parklands,0.515,77
2016-07-17,upperhill,0.452,77
2016-07-17,kileleshwa,0.579,83
2016-07-17,runda,0.553,88
2016-07-17,muthaiga,0.749,88
2016-07-17,south-b,0.483,72
2016-07-17,south-c,0.621,67
2016-07-17,ngong-road,0.481,77
2016-07-17,thika-road,0.51,67
2016-07-18,westlands,0.898,129
2016-07-18,kilimani,0.672,121
2016-07-18,karen,0.632,129
2016-07-18,lavington,0.98,121
2016-07-18,langata,0.98,106
2016-07-18,gigiri,0.471,129
2016-07-18,parklands,0.5,114
2016-07-18,upperhill,0.414,114
2016-07-18,kileleshwa,0.582,121
2016-07-18,runda,0.569,129
2016-07-18,muthaiga,0.842,129
2016-07-18,south-b,0.45,106
2016-07-18,south-c,0.663,98
2016-07-18,ngong-road,0.46,114
2016-07-18,thika-road,0.48,98
2016-07-19,westlands,0.645,79
2016-07-19,kilimani,0.499,74
2016-07-19,karen,0.496,79
2016-07-19,lavington,0.98,74
2016-07-19,langata,0.713,65
2016-07-19,gigiri,0.386,79
2016-07-19,parklands,0.408,70
2016-07-19,upperhill,0.35,70
2016-07-19,kileleshwa,0.469,74
2016-07-19,runda,0.439,79
2016-07-19,muthaiga,0.618,79
2016-07-19,south-b,0.38,65
2016-07-19,south-c,0.502,60
2016-07-19,ngong-road,0.375,70
2016-07-19,thika-road,0.407,60
2016-07-20,westlands,0.71,92
2016-07-20,kilimani,0.544,86
2016-07-20,karen,0.531,92
2016-07-20,lavington,0.98,86
2016-07-20,langata,0.789,75
2016-07-20,gigiri,0.408,92
2016-07-20,parklands,0.432,81
2016-07-20,upperhill,0.367,81
2016-07-20,kileleshwa,0.499,86
2016-07-20,runda,0.473,92
2016-07-20,muthaiga,0.677,92
2016-07-20,south-b,0.398,75
2016-07-20,south-c,0.544,70
2016-07-20,ngong-road,0.398,81
2016-07-20,thika-road,0.426,70
2016-07-21,westlands,0.98,154
2016-07-21,kilimani,0.758,145
2016-07-21,karen,0.7,154
2016-07-21,lavington,0.98,145
2016-07-21,langata,0.98,126
2016-07-21,gigiri,0.513,154
2016-07-21,parklands,0.545,136
2016-07-21,upperhill,0.446,136
2016-07-21,kileleshwa,0.639,145
2016-07-21,runda,0.634,154
2016-07-21,muthaiga,0.954,154
2016-07-21,south-b,0.485,126
2016-07-21,south-c,0.743,117
2016-07-21,ngong-road,0.503,136
2016-07-21,thika-road,0.517,117
2016-07-22,westlands,0.765,85
2016-07-22,kilimani,0.61,80
2016-07-22,karen,0.602,85
2016-07-22,lavington,0.98,80
2016-07-22,langata,0.838,70
2016-07-22,gigiri,0.486,85
2016-07-22,parklands,0.509,75
2016-07-22,upperhill,0.448,75
2016-07-22,kileleshwa,0.573,80
2016-07-22,runda,0.545,85
2016-07-22,muthaiga,0.735,85
2016-07-22,south-b,0.478,70
2016-07-22,south-c,0.611,65
2016-07-22,ngong-road,0.476,75
2016-07-22,thika-road,0.506,65
2016-07-23,westlands,0.98,139
2016-07-23,kilimani,0.796,131
2016-07-23,karen,0.749,139
2016-07-23,lavington,0.98,131
2016-07-23,langata,0.98,114
2016-07-23,gigiri,0.578,139
2016-07-23,parklands,0.608,122
2016-07-23,upperhill,0.517,122
2016-07-23,kileleshwa,0.695,131
2016-07-23,runda,0.685,139
2016-07-23,muthaiga,0.977,139
2016-07-23,south-b,0.554,114
2016-07-23,south-c,0.785,106
2016-07-23,ngong-road,0.567,122
2016-07-23,thika-road,0.585,106
2016-07-24,westlands,0.8,92
2016-07-24,kilimani,0.634,86
2016-07-24,karen,0.621,92
2016-07-24,lavington,0.98,86
2016-07-24,langata,0.879,75
2016-07-24,gigiri,0.498,92
2016-07-24,parklands,0.522,81
2016-07-24,upperhill,0.457,81
2016-07-24,kileleshwa,0.589,86
2016-07-24,runda,0.563,92
2016-07-24,muthaiga,0.767,92
2016-07-24,south-b,0.488,75
2016-07-24,south-c,0.634,70
2016-07-24,ngong-road,0.488,81
2016-07-24,thika-road,0.516,70
2016-07-25,westlands,0.827,115
2016-07-25,kilimani,0.623,108
2016-07-25,karen,0.594,115
2016-07-25,lavington,0.98,108
2016-07-25,langata,0.924,94
2016-07-25,gigiri,0.447,115
2016-07-25,parklands,0.474,101
2016-07-25,upperhill,0.396,101
2016-07-25,kileleshwa,0.551,108
2016-07-25,runda,0.533,115
2016-07-25,muthaiga,0.779,115
2016-07-25,south-b,0.43,94
2016-07-25,south-c,0.618,87
2016-07-25,ngong-road,0.437,101
2016-07-25,thika-road,0.46,87
2016-07-26,westlands,0.675,85
2016-07-26,kilimani,0.52,80
2016-07-26,karen,0.512,85
2016-07-26,lavington,0.98,80
2016-07-26,langata,0.748,70
2016-07-26,gigiri,0.396,85
2016-07-26,parklands,0.419,75
2016-07-26,upperhill,0.358,75
2016-07-26,kileleshwa,0.483,80
2016-07-26,runda,0.455,85
2016-07-26,muthaiga,0.645,85
2016-07-26,south-b,0.388,70
2016-07-26,south-c,0.521,65
2016-07-26,ngong-road,0.386,75
2016-07-26,thika-road,0.416,65
2016-07-27,westlands,0.665,83
2016-07-27,kilimani,0.513,78
2016-07-27,karen,0.506,83
2016-07-27,lavington,0.98,78
2016-07-27,langata,0.736,68
2016-07-27,gigiri,0.393,83
2016-07-27,parklands,0.416,73
2016-07-27,upperhill,0.355,73
2016-07-27,kileleshwa,0.478,78
2016-07-27,runda,0.45,83
2016-07-27,muthaiga,0.636,83
2016-07-27,south-b,0.386,68
2016-07-27,south-c,0.515,63
2016-07-27,ngong-road,0.382,73
2016-07-27,thika-road,0.413,63
2016-07-28,westlands,0.741,98
2016-07-28,kilimani,0.565,92
2016-07-28,karen,0.547,98
2016-07-28,lavington,0.98,92
2016-07-28,langata,0.824,80
2016-07-28,gigiri,0.418,98
2016-07-28,parklands,0.443,86
2016-07-28,upperhill,0.375,86
2016-07-28,kileleshwa,0.512,92
2016-07-28,runda,0.488,98
2016-07-28,muthaiga,0.703,98
2016-07-28,south-b,0.407,80
2016-07-28,south-c,0.563,74
2016-07-28,ngong-road,0.408,86
2016-07-28,thika-road,0.435,74
2016-07-29,westlands,0.775,87
2016-07-29,kilimani,0.616,82
2016-07-29,karen,0.607,87
2016-07-29,lavington,0.98,82
2016-07-29,langata,0.85,71
2016-07-29,gigiri,0.49,87
2016-07-29,parklands,0.513,77
2016-07-29,upperhill,0.451,77
2016-07-29,kileleshwa,0.577,82
2016-07-29,runda,0.55,87
2016-07-29,muthaiga,0.744,87
2016-07-29,south-b,0.481,71
2016-07-29,south-c,0.618,66
2016-07-29,ngong-road,0.479,77
2016-07-29,thika-road,0.509,66
2016-07-30,westlands,0.98,161
2016-07-30,kilimani,0.873,151
2016-07-30,karen,0.809,161
2016-07-30,lavington,0.98,151
2016-07-30,langata,0.98,132
2016-07-30,gigiri,0.615,161
2016-07-30,parklands,0.648,142
2016-07-30,upperhill,0.545,142
2016-07-30,kileleshwa,0.745,151
2016-07-30,runda,0.742,161
2016-07-30,muthaiga,0.98,161
2016-07-30,south-b,0.584,132
2016-07-30,south-c,0.856,122
2016-07-30,ngong-road,0.605,142
2016-07-30,thika-road,0.617,122
2016-07-31,westlands,0.755,83
2016-07-31,kilimani,0.603,78
2016-07-31,karen,0.596,83
2016-07-31,lavington,0.98,78
2016-07-31,langata,0.826,68
2016-07-31,gigiri,0.483,83
2016-07-31,parklands,0.506,73
2016-07-31,upperhill,0.445,73
2016-07-31,kileleshwa,0.568,78
2016-07-31,runda,0.54,83
2016-07-31,muthaiga,0.726,83
2016-07-31,south-b,0.476,68
2016-07-31,south-c,0.605,63
2016-07-31,ngong-road,0.472,73
2016-07-31,thika-road,0.503,63
2016-08-01,westlands,0.974,144
2016-08-01,kilimani,0.724,135
2016-08-01,karen,0.673,144
2016-08-01,lavington,0.98,135
2016-08-01,langata,0.98,118
2016-08-01,gigiri,0.497,144
2016-08-01,parklands,0.527,127
2016-08-01,upperhill,0.433,127
2016-08-01,kileleshwa,0.616,135
2016-08-01,runda,0.608,144
2016-08-01,muthaiga,0.909,144
2016-08-01,south-b,0.471,118
2016-08-01,south-c,0.711,109
2016-08-01,ngong-road,0.486,127
2016-08-01,thika-road,0.502,109
2016-08-02,westlands,0.721,94
2016-08-02,kilimani,0.551,88
2016-08-02,karen,0.536,94
2016-08-02,lavington,0.98,88
2016-08-02,langata,0.801,77
2016-08-02,gigiri,0.412,94
2016-08-02,parklands,0.436,83
2016-08-02,upperhill,0.369,83
2016-08-02,kileleshwa,0.503,88
2016-08-02,runda,0.478,94
2016-08-02,muthaiga,0.685,94
2016-08-02,south-b,0.401,77
2016-08-02,south-c,0.55,71
2016-08-02,ngong-road,0.401,83
2016-08-02,thika-road,0.429,71
2016-08-03,westlands,0.766,103
2016-08-03,kilimani,0.582,97
2016-08-03,karen,0.561,103
2016-08-03,lavington,0.98,97
2016-08-03,langata,0.853,84
2016-08-03,gigiri,0.427,103
2016-08-03,parklands,0.452,91
2016-08-03,upperhill,0.381,91
2016-08-03,kileleshwa,0.523,97
2016-08-03,runda,0.501,103
2016-08-03,muthaiga,0.726,103
2016-08-03,south-b,0.414,84
2016-08-03,south-c,0.579,78
2016-08-03,ngong-road,0.416,91
2016-08-03,thika-road,0.442,78
2016-08-04,westlands,0.771,104
2016-08-04,kilimani,0.585,98
2016-08-04,karen,0.564,104
2016-08-04,lavington,0.98,98
2016-08-04,langata,0.859,85
2016-08-04,gigiri,0.429,104
2016-08-04,parklands,0.454,92
2016-08-04,upperhill,0.382,92
2016-08-04,kileleshwa,0.526,98
2016-08-04,runda,0.504,104
2016-08-04,muthaiga,0.73,104
2016-08-04,south-b,0.415,85
2016-08-04,south-c,0.583,79
2016-08-04,ngong-road,0.418,92
2016-08-04,thika-road,0.444,79
2016-08-05,westlands,0.79,90
2016-08-05,kilimani,0.627,85
2016-08-05,karen,0.615,90
2016-08-05,lavington,0.98,85
2016-08-05,langata,0.867,74
2016-08-05,gigiri,0.495,90
2016-08-05,parklands,0.518,79
2016-08-05,upperhill,0.454,79
2016-08-05,kileleshwa,0.584,85
2016-08-05,runda,0.558,90
2016-08-05,muthaiga,0.758,90
2016-08-05,south-b,0.485,74
2016-08-05,south-c,0.628,68
2016-08-05,ngong-road,0.484,79
2016-08-05,thika-road,0.513,68
2016-08-06,westlands,0.841,100
2016-08-06,kilimani,0.661,94
2016-08-06,karen,0.643,100
2016-08-06,lavington,0.98,94
2016-08-06,langata,0.926,82
2016-08-06,gigiri,0.512,100
2016-08-06,parklands,0.537,88
2016-08-06,upperhill,0.467,88
2016-08-06,kileleshwa,0.607,94
2016-08-06,runda,0.584,100
2016-08-06,muthaiga,0.802,100
2016-08-06,south-b,0.499,82
2016-08-06,south-c,0.66,76
2016-08-06,ngong-road,0.501,88
2016-08-06,thika-road,0.528,76
2016-08-07,westlands,0.806,93
2016-08-07,kilimani,0.637,87
2016-08-07,karen,0.624,93
2016-08-07,lavington,0.98,87
2016-08-07,langata,0.885,76
2016-08-07,gigiri,0.5,93
2016-08-07,parklands,0.524,82
2016-08-07,upperhill,0.458,82
2016-08-07,kileleshwa,0.591,87
2016-08-07,runda,0.566,93
2016-08-07,muthaiga,0.771,93
2016-08-07,south-b,0.49,76
2016-08-07,south-c,0.637,71
2016-08-07,ngong-road,0.489,82
2016-08-07,thika-road,0.518,71
2016-08-08,westlands,0.964,142
2016-08-08,kilimani,0.717,133
2016-08-08,karen,0.667,142
2016-08-08,lavington,0.98,133
2016-08-08,langata,0.98,116
2016-08-08,gigiri,0.493,142
2016-08-08,parklands,0.523,125
2016-08-08,upperhill,0.431,125
2016-08-08,kileleshwa,0.612,133
2016-08-08,runda,0.603,142
2016-08-08,muthaiga,0.9,142
2016-08-08,south-b,0.468,116
2016-08-08,south-c,0.705,108
2016-08-08,ngong-road,0.483,125
2016-08-08,thika-road,0.499,108
2016-08-09,westlands,0.68,86
2016-08-09,kilimani,0.523,81
2016-08-09,karen,0.515,86
2016-08-09,lavington,0.98,81
2016-08-09,langata,0.754,71
2016-08-09,gigiri,0.398,86
2016-08-09,parklands,0.421,76
2016-08-09,upperhill,0.359,76
2016-08-09,kileleshwa,0.485,81
2016-08-09,runda,0.457,86
2016-08-09,muthaiga,0.65,86
2016-08-09,south-b,0.39,71
2016-08-09,south-c,0.525,65
2016-08-09,ngong-road,0.387,76
2016-08-09,thika-road,0.417,65
2016-08-10,westlands,0.629,76
2016-08-10,kilimani,0.488,71
2016-08-10,karen,0.487,76
2016-08-10,lavington,0.966,71
2016-08-10,langata,0.695,62
2016-08-10,gigiri,0.381,76
2016-08-10,parklands,0.403,67
2016-08-10,upperhill,0.346,67
2016-08-10,kileleshwa,0.462,71
2016-08-10,runda,0.431,76
2016-08-10,muthaiga,0.605,76
2016-08-10,south-b,0.376,62
2016-08-10,south-c,0.492,58
2016-08-10,ngong-road,0.37,67
2016-08-10,thika-road,0.403,58
2016-08-11,westlands,0.736,97
2016-08-11,kilimani,0.561,91
2016-08-11,karen,0.545,97
2016-08-11,lavington,0.98,91
2016-08-11,langata,0.818,80
2016-08-11,gigiri,0.417,97
2016-08-11,parklands,0.441,85
2016-08-11,upperhill,0.373,85
2016-08-11,kileleshwa,0.51,91
2016-08-11,runda,0.486,97
2016-08-11,muthaiga,0.699,97
2016-08-11,south-b,0.405,80
2016-08-11,south-c,0.56,74
2016-08-11,ngong-road,0.406,85
2016-08-11,thika-road,0.433,74
2016-08-12,westlands,0.937,119
2016-08-12,kilimani,0.727,112
2016-08-12,karen,0.695,119
2016-08-12,lavington,0.98,112
2016-08-12,langata,0.98,98
2016-08-12,gigiri,0.544,119
2016-08-12,parklands,0.571,105
2016-08-12,upperhill,0.491,105
2016-08-12,kileleshwa,0.65,112
2016-08-12,runda,0.633,119
2016-08-12,muthaiga,0.887,119
2016-08-12,south-b,0.526,98
2016-08-12,south-c,0.721,90
2016-08-12,ngong-road,0.533,105
2016-08-12,thika-road,0.556,90
2016-08-13,westlands,0.912,114
2016-08-13,kilimani,0.71,107
2016-08-13,karen,0.681,114
2016-08-13,lavington,0.98,107
2016-08-13,langata,0.98,93
2016-08-13,gigiri,0.536,114
2016-08-13,parklands,0.562,100
2016-08-13,upperhill,0.485,100
2016-08-13,kileleshwa,0.638,107
2016-08-13,runda,0.62,114
2016-08-13,muthaiga,0.865,114
2016-08-13,south-b,0.519,93
2016-08-13,south-c,0.705,87
2016-08-13,ngong-road,0.525,100
2016-08-13,thika-road,0.548,87
2016-08-14,westlands,0.816,95
2016-08-14,kilimani,0.644,89
2016-08-14,karen,0.629,95
2016-08-14,lavington,0.98,89
2016-08-14,langata,0.897,78
2016-08-14,gigiri,0.503,95
2016-08-14,parklands,0.528,84
2016-08-14,upperhill,0.461,84
2016-08-14,kileleshwa,0.595,89
2016-08-14,runda,0.571,95
2016-08-14,muthaiga,0.78,95
2016-08-14,south-b,0.492,78
2016-08-14,south-c,0.644,72
2016-08-14,ngong-road,0.493,84
2016-08-14,thika-road,0.52,72
2016-08-15,westlands,0.812,112
2016-08-15,kilimani,0.613,105
2016-08-15,karen,0.585,112
2016-08-15,lavington,0.98,105
2016-08-15,langata,0.906,92
2016-08-15,gigiri,0.442,112
2016-08-15,parklands,0.469,99
2016-08-15,upperhill,0.392,99
2016-08-15,kileleshwa,0.544,105
2016-08-15,runda,0.525,112
2016-08-15,muthaiga,0.766,112
2016-08-15,south-b,0.426,92
2016-08-15,south-c,0.608,85
2016-08-15,ngong-road,0.432,99
2016-08-15,thika-road,0.455,85
2016-08-16,westlands,0.776,105
2016-08-16,kilimani,0.589,99
2016-08-16,karen,0.566,105
2016-08-16,lavington,0.98,99
2016-08-16,langata,0.865,86
2016-08-16,gigiri,0.43,105
2016-08-16,parklands,0.456,92
2016-08-16,upperhill,0.384,92
2016-08-16,kileleshwa,0.528,99
2016-08-16,runda,0.507,105
2016-08-16,muthaiga,0.735,105
2016-08-16,south-b,0.416,86
2016-08-16,south-c,0.586,80
2016-08-16,ngong-road,0.42,92
2016-08-16,thika-road,0.445,80
2016-08-17,westlands,0.705,91
2016-08-17,kilimani,0.54,86
2016-08-17,karen,0.528,91
2016-08-17,lavington,0.98,86
2016-08-17,langata,0.783,75
2016-08-17,gigiri,0.407,91
2016-08-17,parklands,0.43,80
2016-08-17,upperhill,0.366,80
2016-08-17,kileleshwa,0.496,86
2016-08-17,runda,0.47,91
2016-08-17,muthaiga,0.672,91
2016-08-17,south-b,0.397,75
2016-08-17,south-c,0.541,69
2016-08-17,ngong-road,0.396,80
2016-08-17,thika-road,0.425,69
2016-08-18,westlands,0.969,143
2016-08-18,kilimani,0.72,134
2016-08-18,karen,0.67,143
2016-08-18,lavington,0.98,134
2016-08-18,langata,0.98,117
2016-08-18,gigiri,0.495,143
2016-08-18,parklands,0.525,126
2016-08-18,upperhill,0.432,126
2016-08-18,kileleshwa,0.614,134
2016-08-18,runda,0.605,143
2016-08-18,muthaiga,0.904,143
2016-08-18,south-b,0.469,117
2016-08-18,south-c,0.708,109
2016-08-18,ngong-road,0.484,126
2016-08-18,thika-road,0.501,109
2016-08-19,westlands,0.8,92
2016-08-19,kilimani,0.634,86
2016-08-19,karen,0.621,92
2016-08-19,lavington,0.98,86
2016-08-19,langata,0.879,75
2016-08-19,gigiri,0.498,92
2016-08-19,parklands,0.522,81
2016-08-19,upperhill,0.457,81
2016-08-19,kileleshwa,0.589,86
2016-08-19,runda,0.563,92
2016-08-19,muthaiga,0.767,92
2016-08-19,south-b,0.488,75
2016-08-19,south-c,0.634,70
2016-08-19,ngong-road,0.488,81
2016-08-19,thika-road,0.516,70
2016-08-20,westlands,0.98,137
2016-08-20,kilimani,0.79,129
2016-08-20,karen,0.744,137
2016-08-20,lavington,0.98,129
2016-08-20,langata,0.98,112
2016-08-20,gigiri,0.575,137
2016-08-20,parklands,0.604,121
2016-08-20,upperhill,0.514,121
2016-08-20,kileleshwa,0.691,129
2016-08-20,runda,0.68,137
2016-08-20,muthaiga,0.968,137
2016-08-20,south-b,0.551,112
2016-08-20,south-c,0.779,104
2016-08-20,ngong-road,0.564,121
2016-08-20,thika-road,0.582,104
2016-08-21,westlands,0.902,112
2016-08-21,kilimani,0.703,105
2016-08-21,karen,0.675,112
2016-08-21,lavington,0.98,105
2016-08-21,langata,0.98,92
2016-08-21,gigiri,0.532,112
2016-08-21,parklands,0.559,99
2016-08-21,upperhill,0.482,99
2016-08-21,kileleshwa,0.634,105
2016-08-21,runda,0.615,112
2016-08-21,muthaiga,0.856,112
2016-08-21,south-b,0.516,92
2016-08-21,south-c,0.698,85
2016-08-21,ngong-road,0.522,99
2016-08-21,thika-road,0.545,85
2016-08-22,westlands,0.847,119
2016-08-22,kilimani,0.637,112
2016-08-22,karen,0.605,119
2016-08-22,lavington,0.98,112
2016-08-22,langata,0.947,98
2016-08-22,gigiri,0.454,119
2016-08-22,parklands,0.481,105
2016-08-22,upperhill,0.401,105
2016-08-22,kileleshwa,0.56,112
2016-08-22,runda,0.543,119
2016-08-22,muthaiga,0.797,119
2016-08-22,south-b,0.436,98
2016-08-22,south-c,0.631,90
2016-08-22,ngong-road,0.443,105
2016-08-22,thika-road,0.466,90
2016-08-23,westlands,0.634,77
2016-08-23,kilimani,0.492,72
2016-08-23,karen,0.49,77
2016-08-23,lavington,0.976,72
2016-08-23,langata,0.701,63
2016-08-23,gigiri,0.383,77
2016-08-23,parklands,0.405,68
2016-08-23,upperhill,0.348,68
2016-08-23,kileleshwa,0.464,72
2016-08-23,runda,0.434,77
2016-08-23,muthaiga,0.609,77
2016-08-23,south-b,0.377,63
2016-08-23,south-c,0.496,59
2016-08-23,ngong-road,0.372,68
2016-08-23,thika-road,0.404,59
2016-08-24,westlands,0.716,93
2016-08-24,kilimani,0.547,87
2016-08-24,karen,0.534,93
2016-08-24,lavington,0.98,87
2016-08-24,langata,0.795,76
2016-08-24,gigiri,0.41,93
2016-08-24,parklands,0.434,82
2016-08-24,upperhill,0.368,82
2016-08-24,kileleshwa,0.501,87
2016-08-24,runda,0.476,93
2016-08-24,muthaiga,0.681,93
2016-08-24,south-b,0.4,76
2016-08-24,south-c,0.547,71
2016-08-24,ngong-road,0.399,82
2016-08-24,thika-road,0.428,71
2016-08-25,westlands,0.761,102
2016-08-25,kilimani,0.578,96
2016-08-25,karen,0.558,102
2016-08-25,lavington,0.98,96
2016-08-25,langata,0.848,84
2016-08-25,gigiri,0.425,102
2016-08-25,parklands,0.45,90
2016-08-25,upperhill,0.38,90
2016-08-25,kileleshwa,0.521,96
2016-08-25,runda,0.499,102
2016-08-25,muthaiga,0.721,102
2016-08-25,south-b,0.412,84
2016-08-25,south-c,0.576,78
2016-08-25,ngong-road,0.415,90
2016-08-25,thika-road,0.441,78
2016-08-26,westlands,0.877,107
2016-08-26,kilimani,0.686,101
2016-08-26,karen,0.662,107
2016-08-26,lavington,0.98,101
2016-08-26,langata,0.967,88
2016-08-26,gigiri,0.524,107
2016-08-26,parklands,0.549,94
2016-08-26,upperhill,0.476,94
2016-08-26,kileleshwa,0.623,101
2016-08-26,runda,0.602,107
2016-08-26,muthaiga,0.834,107
2016-08-26,south-b,0.509,88
2016-08-26,south-c,0.682,81
2016-08-26,ngong-road,0.513,94
2016-08-26,thika-road,0.538,81
2016-08-27,westlands,0.755,83
2016-08-27,kilimani,0.603,78
2016-08-27,karen,0.596,83
2016-08-27,lavington,0.98,78
2016-08-27,langata,0.826,68
2016-08-27,gigiri,0.483,83
2016-08-27,parklands,0.506,73
2016-08-27,upperhill,0.445,73
2016-08-27,kileleshwa,0.568,78
2016-08-27,runda,0.54,83
2016-08-27,muthaiga,0.726,83
2016-08-27,south-b,0.476,68
2016-08-27,south-c,0.605,63
2016-08-27,ngong-road,0.472,73
2016-08-27,thika-road,0.503,63
2016-08-28,westlands,0.922,116
2016-08-28,kilimani,0.717,109
2016-08-28,karen,0.686,116
2016-08-28,lavington,0.98,109
2016-08-28,langata,0.98,95
2016-08-28,gigiri,0.539,116
2016-08-28,parklands,0.566,102
2016-08-28,upperhill,0.488,102
2016-08-28,kileleshwa,0.643,109
2016-08-28,runda,0.625,116
2016-08-28,muthaiga,0.874,116
2016-08-28,south-b,0.522,95
2016-08-28,south-c,0.711,88
2016-08-28,ngong-road,0.528,102
2016-08-28,thika-road,0.551,88
2016-08-29,westlands,0.807,111
2016-08-29,kilimani,0.61,104
2016-08-29,karen,0.583,111
2016-08-29,lavington,0.98,104
2016-08-29,langata,0.9,91
2016-08-29,gigiri,0.441,111
2016-08-29,parklands,0.467,98
2016-08-29,upperhill,0.391,98
2016-08-29,kileleshwa,0.542,104
2016-08-29,runda,0.522,111
2016-08-29,muthaiga,0.761,111
2016-08-29,south-b,0.425,91
2016-08-29,south-c,0.605,84
2016-08-29,ngong-road,0.43,98
2016-08-29,thika-road,0.454,84
2016-08-30,westlands,0.685,87
2016-08-30,kilimani,0.526,82
2016-08-30,karen,0.517,87
2016-08-30,lavington,0.98,82
2016-08-30,langata,0.76,71
2016-08-30,gigiri,0.4,87
2016-08-30,parklands,0.423,77
2016-08-30,upperhill,0.361,77
2016-08-30,kileleshwa,0.487,82
2016-08-30,runda,0.46,87
2016-08-30,muthaiga,0.654,87
2016-08-30,south-b,0.391,71
2016-08-30,south-c,0.528,66
2016-08-30,ngong-road,0.389,77
2016-08-30,thika-road,0.419,66
2016-08-31,westlands,0.721,94
2016-08-31,kilimani,0.551,88
2016-08-31,karen,0.536,94
2016-08-31,lavington,0.98,88
2016-08-31,langata,0.801,77
2016-08-31,gigiri,0.412,94
2016-08-31,parklands,0.436,83
2016-08-31,upperhill,0.369,83
2016-08-31,kileleshwa,0.503,88
2016-08-31,runda,0.478,94
2016-08-31,muthaiga,0.685,94
2016-08-31,south-b,0.401,77
2016-08-31,south-c,0.55,71
2016-08-31,ngong-road,0.401,83
2016-08-31,thika-road,0.429,71
2016-09-01,westlands,0.817,113
2016-09-01,kilimani,0.616,106
2016-09-01,karen,0.588,113
2016-09-01,lavington,0.98,106
2016-09-01,langata,0.912,93
2016-09-01,gigiri,0.444,113
2016-09-01,parklands,0.47,99
2016-09-01,upperhill,0.394,99
2016-09-01,kileleshwa,0.546,106
2016-09-01,runda,0.527,113
2016-09-01,muthaiga,0.77,113
2016-09-01,south-b,0.427,93
2016-09-01,south-c,0.612,86
2016-09-01,ngong-road,0.433,99
2016-09-01,thika-road,0.457,86
2016-09-02,westlands,0.877,107
2016-09-02,kilimani,0.686,101
2016-09-02,karen,0.662,107
2016-09-02,lavington,0.98,101
2016-09-02,langata,0.967,88
2016-09-02,gigiri,0.524,107
2016-09-02,parklands,0.549,94
2016-09-02,upperhill,0.476,94
2016-09-02,kileleshwa,0.623,101
2016-09-02,runda,0.602,107
2016-09-02,muthaiga,0.834,107
2016-09-02,south-b,0.509,88
2016-09-02,south-c,0.682,81
2016-09-02,ngong-road,0.513,94
2016-09-02,thika-road,0.538,81
2016-09-03,westlands,0.887,109
2016-09-03,kilimani,0.693,102
2016-09-03,karen,0.667,109
2016-09-03,lavington,0.98,102
2016-09-03,langata,0.978,89
2016-09-03,gigiri,0.527,109
2016-09-03,parklands,0.553,96
2016-09-03,upperhill,0.479,96
2016-09-03,kileleshwa,0.627,102
2016-09-03,runda,0.607,109
2016-09-03,muthaiga,0.843,109
2016-09-03,south-b,0.512,89
2016-09-03,south-c,0.689,83
2016-09-03,ngong-road,0.516,96
2016-09-03,thika-road,0.541,83
2016-09-04,westlands,0.74,80
2016-09-04,kilimani,0.592,75
2016-09-04,karen,0.588,80
2016-09-04,lavington,0.98,75
2016-09-04,langata,0.809,66
2016-09-04,gigiri,0.478,80
2016-09-04,parklands,0.5,70
2016-09-04,upperhill,0.442,70
2016-09-04,kileleshwa,0.561,75
2016-09-04,runda,0.532,80
2016-09-04,muthaiga,0.713,80
2016-09-04,south-b,0.472,66
2016-09-04,south-c,0.595,61
2016-09-04,ngong-road,0.467,70
2016-09-04,thika-road,0.499,61
2016-09-05,westlands,0.918,133
2016-09-05,kilimani,0.686,125
2016-09-05,karen,0.643,133
2016-09-05,lavington,0.98,125
2016-09-05,langata,0.98,109
2016-09-05,gigiri,0.478,133
2016-09-05,parklands,0.507,117
2016-09-05,upperhill,0.419,117
2016-09-05,kileleshwa,0.591,125
2016-09-05,runda,0.579,133
2016-09-05,muthaiga,0.86,133
2016-09-05,south-b,0.455,109
2016-09-05,south-c,0.676,101
2016-09-05,ngong-road,0.467,117
2016-09-05,thika-road,0.486,101
2016-09-06,westlands,0.629,76
2016-09-06,kilimani,0.488,71
2016-09-06,karen,0.487,76
2016-09-06,lavington,0.966,71
2016-09-06,langata,0.695,62
2016-09-06,gigiri,0.381,76
2016-09-06,parklands,0.403,67
2016-09-06,upperhill,0.346,67
2016-09-06,kileleshwa,0.462,71
2016-09-06,runda,0.431,76
2016-09-06,muthaiga,0.605,76
2016-09-06,south-b,0.376,62
2016-09-06,south-c,0.492,58
2016-09-06,ngong-road,0.37,67
2016-09-06,thika-road,0.403,58
2016-09-07,westlands,0.538,58
2016-09-07,kilimani,0.426,55
2016-09-07,karen,0.438,58
2016-09-07,lavington,0.797,55
2016-09-07,langata,0.59,48
2016-09-07,gigiri,0.351,58
2016-09-07,parklands,0.37,51
2016-09-07,upperhill,0.323,51
2016-09-07,kileleshwa,0.421,55
2016-09-07,runda,0.385,58
2016-09-07,muthaiga,0.525,58
2016-09-07,south-b,0.351,48
2016-09-07,south-c,0.435,44
2016-09-07,ngong-road,0.34,51
2016-09-07,thika-road,0.376,44
2016-09-08,westlands,0.736,97
2016-09-08,kilimani,0.561,91
2016-09-08,karen,0.545,97
2016-09-08,lavington,0.98,91
2016-09-08,langata,0.818,80
2016-09-08,gigiri,0.417,97
2016-09-08,parklands,0.441,85
2016-09-08,upperhill,0.373,85
2016-09-08,kileleshwa,0.51,91
2016-09-08,runda,0.486,97
2016-09-08,muthaiga,0.699,97
2016-09-08,south-b,0.405,80
2016-09-08,south-c,0.56,74
2016-09-08,ngong-road,0.406,85
2016-09-08,thika-road,0.433,74
2016-09-09,westlands,0.821,96
2016-09-09,kilimani,0.648,90
2016-09-09,karen,0.632,96
2016-09-09,lavington,0.98,90
2016-09-09,langata,0.902,79
2016-09-09,gigiri,0.505,96
2016-09-09,parklands,0.529,84
2016-09-09,upperhill,0.462,84
2016-09-09,kileleshwa,0.598,90
2016-09-09,runda,0.573,96
2016-09-09,muthaiga,0.784,96
2016-09-09,south-b,0.494,79
2016-09-09,south-c,0.647,73
2016-09-09,ngong-road,0.494,84
2016-09-09,thika-road,0.522,73
2016-09-10,westlands,0.78,88
2016-09-10,kilimani,0.62,83
2016-09-10,karen,0.61,88
2016-09-10,lavington,0.98,83
2016-09-10,langata,0.856,72
2016-09-10,gigiri,0.491,88
2016-09-10,parklands,0.515,77
2016-09-10,upperhill,0.452,77
2016-09-10,kileleshwa,0.579,83
2016-09-10,runda,0.553,88
2016-09-10,muthaiga,0.749,88
2016-09-10,south-b,0.483,72
2016-09-10,south-c,0.621,67
2016-09-10,ngong-road,0.481,77
2016-09-10,thika-road,0.51,67
2016-09-11,westlands,0.953,122
2016-09-11,kilimani,0.738,115
2016-09-11,karen,0.703,122
2016-09-11,lavington,0.98,115
2016-09-11,langata,0.98,100
2016-09-11,gigiri,0.549,122
2016-09-11,parklands,0.577,107
2016-09-11,upperhill,0.495,107
2016-09-11,kileleshwa,0.657,115
2016-09-11,runda,0.641,122
2016-09-11,muthaiga,0.901,122
2016-09-11,south-b,0.53,100
2016-09-11,south-c,0.731,93
2016-09-11,ngong-road,0.539,107
2016-09-11,thika-road,0.56,93
2016-09-12,westlands,0.868,123
2016-09-12,kilimani,0.651,116
2016-09-12,karen,0.615,123
2016-09-12,lavington,0.98,116
2016-09-12,langata,0.97,101
2016-09-12,gigiri,0.461,123
2016-09-12,parklands,0.489,108
2016-09-12,upperhill,0.407,108
2016-09-12,kileleshwa,0.569,116
2016-09-12,runda,0.553,123
2016-09-12,muthaiga,0.815,123
2016-09-12,south-b,0.441,101
2016-09-12,south-c,0.644,93
2016-09-12,ngong-road,0.45,108
2016-09-12,thika-road,0.471,93
2016-09-13,westlands,0.98,148
2016-09-13,kilimani,0.738,139
2016-09-13,karen,0.684,148
2016-09-13,lavington,0.98,139
2016-09-13,langata,0.98,121
2016-09-13,gigiri,0.503,148
2016-09-13,parklands,0.534,130
2016-09-13,upperhill,0.438,130
2016-09-13,kileleshwa,0.626,139
2016-09-13,runda,0.618,148
2016-09-13,muthaiga,0.927,148
2016-09-13,south-b,0.476,121
2016-09-13,south-c,0.724,112
2016-09-13,ngong-road,0.493,130
2016-09-13,thika-road,0.508,112
2016-09-14,westlands,0.705,91
2016-09-14,kilimani,0.54,86
2016-09-14,karen,0.528,91
2016-09-14,lavington,0.98,86
2016-09-14,langata,0.783,75
2016-09-14,gigiri,0.407,91
2016-09-14,parklands,0.43,80
2016-09-14,upperhill,0.366,80
2016-09-14,kileleshwa,0.496,86
2016-09-14,runda,0.47,91
2016-09-14,muthaiga,0.672,91
2016-09-14,south-b,0.397,75
2016-09-14,south-c,0.541,69
2016-09-14,ngong-road,0.396,80
2016-09-14,thika-road,0.425,69
2016-09-15,westlands,0.98,174
2016-09-15,kilimani,0.828,164
2016-09-15,karen,0.754,174
2016-09-15,lavington,0.98,164
2016-09-15,langata,0.98,143
2016-09-15,gigiri,0.547,174
2016-09-15,parklands,0.582,153
2016-09-15,upperhill,0.472,153
2016-09-15,kileleshwa,0.684,164
2016-09-15,runda,0.686,174
2016-09-15,muthaiga,0.98,174
2016-09-15,south-b,0.512,143
2016-09-15,south-c,0.808,132
2016-09-15,ngong-road,0.537,153
2016-09-15,thika-road,0.546,132
2016-09-16,westlands,0.932,118
2016-09-16,kilimani,0.724,111
2016-09-16,karen,0.692,118
2016-09-16,lavington,0.98,111
2016-09-16,langata,0.98,97
2016-09-16,gigiri,0.542,118
2016-09-16,parklands,0.57,104
2016-09-16,upperhill,0.49,104
2016-09-16,kileleshwa,0.647,111
2016-09-16,runda,0.63,118
2016-09-16,muthaiga,0.883,118
2016-09-16,south-b,0.524,97
2016-09-16,south-c,0.718,90
2016-09-16,ngong-road,0.532,104
2016-09-16,thika-road,0.554,90
2016-09-17,westlands,0.79,90
2016-09-17,kilimani,0.627,85
2016-09-17,karen,0.615,90
2016-09-17,lavington,0.98,85
2016-09-17,langata,0.867,74
2016-09-17,gigiri,0.495,90
2016-09-17,parklands,0.518,79
2016-09-17,upperhill,0.454,79
2016-09-17,kileleshwa,0.584,85
2016-09-17,runda,0.558,90
2016-09-17,muthaiga,0.758,90
2016-09-17,south-b,0.485,74
2016-09-17,south-c,0.628,68
2016-09-17,ngong-road,0.484,79
2016-09-17,thika-road,0.513,68
2016-09-18,westlands,0.98,130
2016-09-18,kilimani,0.765,122
2016-09-18,karen,0.725,130
2016-09-18,lavington,0.98,122
2016-09-18,langata,0.98,107
2016-09-18,gigiri,0.563,130
2016-09-18,parklands,0.591,114
2016-09-18,upperhill,0.505,114
2016-09-18,kileleshwa,0.675,122
2016-09-18,runda,0.662,130
2016-09-18,muthaiga,0.936,130
2016-09-18,south-b,0.541,107
2016-09-18,south-c,0.756,99
2016-09-18,ngong-road,0.552,114
2016-09-18,thika-road,0.572,99
2016-09-19,westlands,0.974,144
2016-09-19,kilimani,0.724,135
2016-09-19,karen,0.673,144
2016-09-19,lavington,0.98,135
2016-09-19,langata,0.98,118
2016-09-19,gigiri,0.497,144
2016-09-19,parklands,0.527,127
2016-09-19,upperhill,0.433,127
2016-09-19,kileleshwa,0.616,135
2016-09-19,runda,0.608,144
2016-09-19,muthaiga,0.909,144
2016-09-19,south-b,0.471,118
2016-09-19,south-c,0.711,109
2016-09-19,ngong-road,0.486,127
2016-09-19,thika-road,0.502,109
2016-09-20,westlands,0.853,120
2016-09-20,kilimani,0.641,113
2016-09-20,karen,0.607,120
2016-09-20,lavington,0.98,113
2016-09-20,langata,0.953,98
2016-09-20,gigiri,0.456,120
2016-09-20,parklands,0.483,106
2016-09-20,upperhill,0.403,106
2016-09-20,kileleshwa,0.562,113
2016-09-20,runda,0.546,120
2016-09-20,muthaiga,0.802,120
2016-09-20,south-b,0.437,98
2016-09-20,south-c,0.634,91
2016-09-20,ngong-road,0.445,106
2016-09-20,thika-road,0.467,91
2016-09-21,westlands,0.98,157
2016-09-21,kilimani,0.769,148
2016-09-21,karen,0.708,157
2016-09-21,lavington,0.98,148
2016-09-21,langata,0.98,129
2016-09-21,gigiri,0.519,157
2016-09-21,parklands,0.551,138
2016-09-21,upperhill,0.45,138
2016-09-21,kileleshwa,0.646,148
2016-09-21,runda,0.642,157
2016-09-21,muthaiga,0.967,157
2016-09-21,south-b,0.489,129
2016-09-21,south-c,0.753,119
2016-09-21,ngong-road,0.508,138
2016-09-21,thika-road,0.521,119
2016-09-22,westlands,0.832,116
2016-09-22,kilimani,0.627,109
2016-09-22,karen,0.596,116
2016-09-22,lavington,0.98,109
2016-09-22,langata,0.929,95
2016-09-22,gigiri,0.449,116
2016-09-22,parklands,0.476,102
2016-09-22,upperhill,0.398,102
2016-09-22,kileleshwa,0.553,109
2016-09-22,runda,0.535,116
2016-09-22,muthaiga,0.784,116
2016-09-22,south-b,0.432,95
2016-09-22,south-c,0.621,88
2016-09-22,ngong-road,0.438,102
2016-09-22,thika-road,0.461,88
2016-09-23,westlands,0.841,100
2016-09-23,kilimani,0.661,94
2016-09-23,karen,0.643,100
2016-09-23,lavington,0.98,94
2016-09-23,langata,0.926,82
2016-09-23,gigiri,0.512,100
2016-09-23,parklands,0.537,88
2016-09-23,upperhill,0.467,88
2016-09-23,kileleshwa,0.607,94
2016-09-23,runda,0.584,100
2016-09-23,muthaiga,0.802,100
2016-09-23,south-b,0.499,82
2016-09-23,south-c,0.66,76
2016-09-23,ngong-road,0.501,88
2016-09-23,thika-road,0.528,76
2016-09-24,westlands,0.638,60
2016-09-24,kilimani,0.523,56
2016-09-24,karen,0.534,60
2016-09-24,lavington,0.906,56
2016-09-24,langata,0.692,49
2016-09-24,gigiri,0.444,60
2016-09-24,parklands,0.464,53
2016-09-24,upperhill,0.416,53
2016-09-24,kileleshwa,0.516,56
2016-09-24,runda,0.48,60
2016-09-24,muthaiga,0.623,60
2016-09-24,south-b,0.444,49
2016-09-24,south-c,0.531,46
2016-09-24,ngong-road,0.433,53
2016-09-24,thika-road,0.469,46
2016-09-25,westlands,0.953,122
2016-09-25,kilimani,0.738,115
2016-09-25,karen,0.703,122
2016-09-25,lavington,0.98,115
2016-09-25,langata,0.98,100
2016-09-25,gigiri,0.549,122
2016-09-25,parklands,0.577,107
2016-09-25,upperhill,0.495,107
2016-09-25,kileleshwa,0.657,115
2016-09-25,runda,0.641,122
2016-09-25,muthaiga,0.901,122
2016-09-25,south-b,0.53,100
2016-09-25,south-c,0.731,93
2016-09-25,ngong-road,0.539,107
2016-09-25,thika-road,0.56,93
2016-09-26,westlands,0.98,167
2016-09-26,kilimani,0.803,157
2016-09-26,karen,0.735,167
2016-09-26,lavington,0.98,157
2016-09-26,langata,0.98,137
2016-09-26,gigiri,0.536,167
2016-09-26,parklands,0.569,147
2016-09-26,upperhill,0.463,147
2016-09-26,kileleshwa,0.669,157
2016-09-26,runda,0.667,167
2016-09-26,muthaiga,0.98,167
2016-09-26,south-b,0.503,137
2016-09-26,south-c,0.785,127
2016-09-26,ngong-road,0.525,147
2016-09-26,thika-road,0.536,127
2016-09-27,westlands,0.716,93
2016-09-27,kilimani,0.547,87
2016-09-27,karen,0.534,93
2016-09-27,lavington,0.98,87
2016-09-27,langata,0.795,76
2016-09-27,gigiri,0.41,93
2016-09-27,parklands,0.434,82
2016-09-27,upperhill,0.368,82
2016-09-27,kileleshwa,0.501,87
2016-09-27,runda,0.476,93
2016-09-27,muthaiga,0.681,93
2016-09-27,south-b,0.4,76
2016-09-27,south-c,0.547,71
2016-09-27,ngong-road,0.399,82
2016-09-27,thika-road,0.428,71
2016-09-28,westlands,0.751,100
2016-09-28,kilimani,0.571,94
2016-09-28,karen,0.553,100
2016-09-28,lavington,0.98,94
2016-09-28,langata,0.836,82
2016-09-28,gigiri,0.422,100
2016-09-28,parklands,0.447,88
2016-09-28,upperhill,0.377,88
2016-09-28,kileleshwa,0.517,94
2016-09-28,runda,0.494,100
2016-09-28,muthaiga,0.712,100
2016-09-28,south-b,0.409,82
2016-09-28,south-c,0.57,76
2016-09-28,ngong-road,0.411,88
2016-09-28,thika-road,0.438,76
2016-09-29,westlands,0.771,104
2016-09-29,kilimani,0.585,98
2016-09-29,karen,0.564,104
2016-09-29,lavington,0.98,98
2016-09-29,langata,0.859,85
2016-09-29,gigiri,0.429,104
2016-09-29,parklands,0.454,92
2016-09-29,upperhill,0.382,92
2016-09-29,kileleshwa,0.526,98
2016-09-29,runda,0.504,104
2016-09-29,muthaiga,0.73,104
2016-09-29,south-b,0.415,85
2016-09-29,south-c,0.583,79
2016-09-29,ngong-road,0.418,92
2016-09-29,thika-road,0.444,79
2016-09-30,westlands,0.98,136
2016-09-30,kilimani,0.786,128
2016-09-30,karen,0.741,136
2016-09-30,lavington,0.98,128
2016-09-30,langata,0.98,112
2016-09-30,gigiri,0.573,136
2016-09-30,parklands,0.602,120
2016-09-30,upperhill,0.513,120
2016-09-30,kileleshwa,0.688,128
2016-09-30,runda,0.677,136
2016-09-30,muthaiga,0.963,136
2016-09-30,south-b,0.549,112
2016-09-30,south-c,0.776,103
2016-09-30,ngong-road,0.562,120
2016-09-30,thika-road,0.581,103
2016-10-01,westlands,0.653,63
2016-10-01,kilimani,0.533,59
2016-10-01,karen,0.542,63
2016-10-01,lavington,0.934,59
2016-10-01,langata,0.709,52
2016-10-01,gigiri,0.449,63
2016-10-01,parklands,0.469,55
2016-10-01,upperhill,0.42,55
2016-10-01,kileleshwa,0.523,59
2016-10-01,runda,0.488,63
2016-10-01,muthaiga,0.637,63
2016-10-01,south-b,0.448,52
2016-10-01,south-c,0.541,48
2016-10-01,ngong-road,0.438,55
2016-10-01,thika-road,0.474,48
2016-10-02,westlands,0.887,109
2016-10-02,kilimani,0.693,102
2016-10-02,karen,0.667,109
2016-10-02,lavington,0.98,102
2016-10-02,langata,0.978,89
2016-10-02,gigiri,0.527,109
2016-10-02,parklands,0.553,96
2016-10-02,upperhill,0.479,96
2016-10-02,kileleshwa,0.627,102
2016-10-02,runda,0.607,109
2016-10-02,muthaiga,0.843,109
2016-10-02,south-b,0.512,89
2016-10-02,south-c,0.689,83
2016-10-02,ngong-road,0.516,96
2016-10-02,thika-road,0.541,83
2016-10-03,westlands,0.908,131
2016-10-03,kilimani,0.679,123
2016-10-03,karen,0.637,131
2016-10-03,lavington,0.98,123
2016-10-03,langata,0.98,107
2016-10-03,gigiri,0.474,131
2016-10-03,parklands,0.503,115
2016-10-03,upperhill,0.417,115
2016-10-03,kileleshwa,0.587,123
2016-10-03,runda,0.574,131
2016-10-03,muthaiga,0.851,131
2016-10-03,south-b,0.453,107
2016-10-03,south-c,0.669,100
2016-10-03,ngong-road,0.464,115
2016-10-03,thika-road,0.483,100
2016-10-04,westlands,0.736,97
2016-10-04,kilimani,0.561,91
2016-10-04,karen,0.545,97
2016-10-04,lavington,0.98,91
2016-10-04,langata,0.818,80
2016-10-04,gigiri,0.417,97
2016-10-04,parklands,0.441,85
2016-10-04,upperhill,0.373,85
2016-10-04,kileleshwa,0.51,91
2016-10-04,runda,0.486,97
2016-10-04,muthaiga,0.699,97
2016-10-04,south-b,0.405,80
2016-10-04,south-c,0.56,74
2016-10-04,ngong-road,0.406,85
2016-10-04,thika-road,0.433,74
2016-10-05,westlands,0.787,107
2016-10-05,kilimani,0.596,101
2016-10-05,karen,0.572,107
2016-10-05,lavington,0.98,101
2016-10-05,langata,0.877,88
2016-10-05,gigiri,0.434,107
2016-10-05,parklands,0.459,94
2016-10-05,upperhill,0.386,94
2016-10-05,kileleshwa,0.533,101
2016-10-05,runda,0.512,107
2016-10-05,muthaiga,0.744,107
2016-10-05,south-b,0.419,88
2016-10-05,south-c,0.592,81
2016-10-05,ngong-road,0.423,94
2016-10-05,thika-road,0.448,81
2016-10-06,westlands,0.98,174
2016-10-06,kilimani,0.828,164
2016-10-06,karen,0.754,174
2016-10-06,lavington,0.98,164
2016-10-06,langata,0.98,143
2016-10-06,gigiri,0.547,174
2016-10-06,parklands,0.582,153
2016-10-06,upperhill,0.472,153
2016-10-06,kileleshwa,0.684,164
2016-10-06,runda,0.686,174
2016-10-06,muthaiga,0.98,174
2016-10-06,south-b,0.512,143
2016-10-06,south-c,0.808,132
2016-10-06,ngong-road,0.537,153
2016-10-06,thika-road,0.546,132
2016-10-07,westlands,0.917,115
2016-10-07,kilimani,0.713,108
2016-10-07,karen,0.684,115
2016-10-07,lavington,0.98,108
2016-10-07,langata,0.98,94
2016-10-07,gigiri,0.537,115
2016-10-07,parklands,0.564,101
2016-10-07,upperhill,0.486,101
2016-10-07,kileleshwa,0.641,108
2016-10-07,runda,0.623,115
2016-10-07,muthaiga,0.869,115
2016-10-07,south-b,0.52,94
2016-10-07,south-c,0.708,87
2016-10-07,ngong-road,0.527,101
2016-10-07,thika-road,0.55,87
2016-10-08,westlands,0.679,68
2016-10-08,kilimani,0.551,64
2016-10-08,karen,0.556,68
2016-10-08,lavington,0.98,64
2016-10-08,langata,0.739,56
2016-10-08,gigiri,0.458,68
2016-10-08,parklands,0.478,60
2016-10-08,upperhill,0.426,60
2016-10-08,kileleshwa,0.534,64
2016-10-08,runda,0.501,68
2016-10-08,muthaiga,0.659,68
2016-10-08,south-b,0.455,56
2016-10-08,south-c,0.557,52
2016-10-08,ngong-road,0.447,60
2016-10-08,thika-road,0.481,52
2016-10-09,westlands,0.98,140
2016-10-09,kilimani,0.8,132
2016-10-09,karen,0.752,140
2016-10-09,lavington,0.98,132
2016-10-09,langata,0.98,115
2016-10-09,gigiri,0.58,140
2016-10-09,parklands,0.61,123
2016-10-09,upperhill,0.518,123
2016-10-09,kileleshwa,0.697,132
2016-10-09,runda,0.687,140
2016-10-09,muthaiga,0.98,140
2016-10-09,south-b,0.555,115
2016-10-09,south-c,0.788,106
2016-10-09,ngong-road,0.569,123
2016-10-09,thika-road,0.586,106
2016-10-10,westlands,0.979,145
2016-10-10,kilimani,0.727,136
2016-10-10,karen,0.675,145
2016-10-10,lavington,0.98,136
2016-10-10,langata,0.98,119
2016-10-10,gigiri,0.498,145
2016-10-10,parklands,0.529,128
2016-10-10,upperhill,0.435,128
2016-10-10,kileleshwa,0.619,136
2016-10-10,runda,0.61,145
2016-10-10,muthaiga,0.913,145
2016-10-10,south-b,0.472,119
2016-10-10,south-c,0.715,110
2016-10-10,ngong-road,0.488,128
2016-10-10,thika-road,0.504,110
2016-10-11,westlands,0.903,130
2016-10-11,kilimani,0.675,122
2016-10-11,karen,0.635,130
2016-10-11,lavington,0.98,122
2016-10-11,langata,0.98,107
2016-10-11,gigiri,0.473,130
2016-10-11,parklands,0.501,114
2016-10-11,upperhill,0.415,114
2016-10-11,kileleshwa,0.585,122
2016-10-11,runda,0.572,130
2016-10-11,muthaiga,0.846,130
2016-10-11,south-b,0.451,107
2016-10-11,south-c,0.666,99
2016-10-11,ngong-road,0.462,114
2016-10-11,thika-road,0.482,99
2016-10-12,westlands,0.98,148
2016-10-12,kilimani,0.738,139
2016-10-12,karen,0.684,148
2016-10-12,lavington,0.98,139
2016-10-12,langata,0.98,121
2016-10-12,gigiri,0.503,148
2016-10-12,parklands,0.534,130
2016-10-12,upperhill,0.438,130
2016-10-12,kileleshwa,0.626,139
2016-10-12,runda,0.618,148
2016-10-12,muthaiga,0.927,148
2016-10-12,south-b,0.476,121
2016-10-12,south-c,0.724,112
2016-10-12,ngong-road,0.493,130
2016-10-12,thika-road,0.508,112
2016-10-13,westlands,0.974,144
2016-10-13,kilimani,0.724,135
2016-10-13,karen,0.673,144
2016-10-13,lavington,0.98,135
2016-10-13,langata,0.98,118
2016-10-13,gigiri,0.497,144
2016-10-13,parklands,0.527,127
2016-10-13,upperhill,0.433,127
2016-10-13,kileleshwa,0.616,135
2016-10-13,runda,0.608,144
2016-10-13,muthaiga,0.909,144
2016-10-13,south-b,0.471,118
2016-10-13,south-c,0.711,109
2016-10-13,ngong-road,0.486,127
2016-10-13,thika-road,0.502,109
2016-10-14,westlands,0.98,146
2016-10-14,kilimani,0.821,137
2016-10-14,karen,0.768,146
2016-10-14,lavington,0.98,137
2016-10-14,langata,0.98,120
2016-10-14,gigiri,0.59,146
2016-10-14,parklands,0.621,128
2016-10-14,upperhill,0.526,128
2016-10-14,kileleshwa,0.711,137
2016-10-14,runda,0.703,146
2016-10-14,muthaiga,0.98,146
2016-10-14,south-b,0.563,120
2016-10-14,south-c,0.808,111
2016-10-14,ngong-road,0.579,128
2016-10-14,thika-road,0.595,111
2016-10-15,westlands,0.618,56
2016-10-15,kilimani,0.509,53
2016-10-15,karen,0.523,56
2016-10-15,lavington,0.869,53
2016-10-15,langata,0.668,46
2016-10-15,gigiri,0.437,56
2016-10-15,parklands,0.456,49
2016-10-15,upperhill,0.411,49
2016-10-15,kileleshwa,0.507,53
2016-10-15,runda,0.47,56
2016-10-15,muthaiga,0.606,56
2016-10-15,south-b,0.438,46
2016-10-15,south-c,0.518,43
2016-10-15,ngong-road,0.426,49
2016-10-15,thika-road,0.463,43
2016-10-16,westlands,0.98,147
2016-10-16,kilimani,0.824,138
2016-10-16,karen,0.771,147
2016-10-16,lavington,0.98,138
2016-10-16,langata,0.98,121
2016-10-16,gigiri,0.592,147
2016-10-16,parklands,0.622,129
2016-10-16,upperhill,0.527,129
2016-10-16,kileleshwa,0.713,138
2016-10-16,runda,0.706,147
2016-10-16,muthaiga,0.98,147
2016-10-16,south-b,0.565,121
2016-10-16,south-c,0.811,112
2016-10-16,ngong-road,0.581,129
2016-10-16,thika-road,0.597,112
2016-10-17,westlands,0.787,107
2016-10-17,kilimani,0.596,101
2016-10-17,karen,0.572,107
2016-10-17,lavington,0.98,101
2016-10-17,langata,0.877,88
2016-10-17,gigiri,0.434,107
2016-10-17,parklands,0.459,94
2016-10-17,upperhill,0.386,94
2016-10-17,kileleshwa,0.533,101
2016-10-17,runda,0.512,107
2016-10-17,muthaiga,0.744,107
2016-10-17,south-b,0.419,88
2016-10-17,south-c,0.592,81
2016-10-17,ngong-road,0.423,94
2016-10-17,thika-road,0.448,81
2016-10-18,westlands,0.726,95
2016-10-18,kilimani,0.554,89
2016-10-18,karen,0.539,95
2016-10-18,lavington,0.98,89
2016-10-18,langata,0.807,78
2016-10-18,gigiri,0.413,95
2016-10-18,parklands,0.438,84
2016-10-18,upperhill,0.371,84
2016-10-18,kileleshwa,0.505,89
2016-10-18,runda,0.481,95
2016-10-18,muthaiga,0.69,95
2016-10-18,south-b,0.402,78
2016-10-18,south-c,0.554,72
2016-10-18,ngong-road,0.403,84
2016-10-18,thika-road,0.43,72
2016-10-19,westlands,0.685,87
2016-10-19,kilimani,0.526,82
2016-10-19,karen,0.517,87
2016-10-19,lavington,0.98,82
2016-10-19,langata,0.76,71
2016-10-19,gigiri,0.4,87
2016-10-19,parklands,0.423,77
2016-10-19,upperhill,0.361,77
2016-10-19,kileleshwa,0.487,82
2016-10-19,runda,0.46,87
2016-10-19,muthaiga,0.654,87
2016-10-19,south-b,0.391,71
2016-10-19,south-c,0.528,66
2016-10-19,ngong-road,0.389,77
2016-10-19,thika-road,0.419,66
2016-10-20,westlands,0.98,152
2016-10-20,kilimani,0.751,143
2016-10-20,karen,0.694,152
2016-10-20,lavington,0.98,143
2016-10-20,langata,0.98,125
2016-10-20,gigiri,0.51,152
2016-10-20,parklands,0.542,134
2016-10-20,upperhill,0.444,134
2016-10-20,kileleshwa,0.635,143
2016-10-20,runda,0.629,152
2016-10-20,muthaiga,0.945,152
2016-10-20,south-b,0.482,125
2016-10-20,south-c,0.737,116
2016-10-20,ngong-road,0.5,134
2016-10-20,thika-road,0.514,116
2016-10-21,westlands,0.861,104
2016-10-21,kilimani,0.675,98
2016-10-21,karen,0.654,104
2016-10-21,lavington,0.98,98
2016-10-21,langata,0.949,85
2016-10-21,gigiri,0.519,104
2016-10-21,parklands,0.544,92
2016-10-21,upperhill,0.472,92
2016-10-21,kileleshwa,0.616,98
2016-10-21,runda,0.594,104
2016-10-21,muthaiga,0.82,104
2016-10-21,south-b,0.505,85
2016-10-21,south-c,0.673,79
2016-10-21,ngong-road,0.508,92
2016-10-21,thika-road,0.534,79
2016-10-22,westlands,0.704,73
2016-10-22,kilimani,0.568,69
2016-10-22,karen,0.569,73
2016-10-22,lavington,0.98,69
2016-10-22,langata,0.768,60
2016-10-22,gigiri,0.466,73
2016-10-22,parklands,0.487,64
2016-10-22,upperhill,0.433,64
2016-10-22,kileleshwa,0.545,69
2016-10-22,runda,0.514,73
2016-10-22,muthaiga,0.682,73
2016-10-22,south-b,0.462,60
2016-10-22,south-c,0.573,55
2016-10-22,ngong-road,0.455,64
2016-10-22,thika-road,0.488,55
2016-10-23,westlands,0.98,167
2016-10-23,kilimani,0.893,157
2016-10-23,karen,0.825,167
2016-10-23,lavington,0.98,157
2016-10-23,langata,0.98,137
2016-10-23,gigiri,0.626,167
2016-10-23,parklands,0.659,147
2016-10-23,upperhill,0.553,147
2016-10-23,kileleshwa,0.759,157
2016-10-23,runda,0.757,167
2016-10-23,muthaiga,0.98,167
2016-10-23,south-b,0.593,137
2016-10-23,south-c,0.875,127
2016-10-23,ngong-road,0.615,147
2016-10-23,thika-road,0.626,127
2016-10-24,westlands,0.751,100
2016-10-24,kilimani,0.571,94
2016-10-24,karen,0.553,100
2016-10-24,lavington,0.98,94
2016-10-24,langata,0.836,82
2016-10-24,gigiri,0.422,100
2016-10-24,parklands,0.447,88
2016-10-24,upperhill,0.377,88
2016-10-24,kileleshwa,0.517,94
2016-10-24,runda,0.494,100
2016-10-24,muthaiga,0.712,100
2016-10-24,south-b,0.409,82
2016-10-24,south-c,0.57,76
2016-10-24,ngong-road,0.411,88
2016-10-24,thika-road,0.438,76
2016-10-25,westlands,0.888,127
2016-10-25,kilimani,0.665,119
2016-10-25,karen,0.626,127
2016-10-25,lavington,0.98,119
2016-10-25,langata,0.98,104
2016-10-25,gigiri,0.468,127
2016-10-25,parklands,0.496,112
2016-10-25,upperhill,0.412,112
2016-10-25,kileleshwa,0.578,119
2016-10-25,runda,0.564,127
2016-10-25,muthaiga,0.833,127
2016-10-25,south-b,0.447,104
2016-10-25,south-c,0.657,97
2016-10-25,ngong-road,0.457,112
2016-10-25,thika-road,0.477,97
2016-10-26,westlands,0.781,106
2016-10-26,kilimani,0.592,100
2016-10-26,karen,0.569,106
2016-10-26,lavington,0.98,100
2016-10-26,langata,0.871,87
2016-10-26,gigiri,0.432,106
2016-10-26,parklands,0.458,93
2016-10-26,upperhill,0.385,93
2016-10-26,kileleshwa,0.53,100
2016-10-26,runda,0.509,106
2016-10-26,muthaiga,0.739,106
2016-10-26,south-b,0.418,87
2016-10-26,south-c,0.589,81
2016-10-26,ngong-road,0.421,93
2016-10-26,thika-road,0.447,81
2016-10-27,westlands,0.726,95
2016-10-27,kilimani,0.554,89
2016-10-27,karen,0.539,95
2016-10-27,lavington,0.98,89
2016-10-27,langata,0.807,78
2016-10-27,gigiri,0.413,95
2016-10-27,parklands,0.438,84
2016-10-27,upperhill,0.371,84
2016-10-27,kileleshwa,0.505,89
2016-10-27,runda,0.481,95
2016-10-27,muthaiga,0.69,95
2016-10-27,south-b,0.402,78
2016-10-27,south-c,0.554,72
2016-10-27,ngong-road,0.403,84
2016-10-27,thika-road,0.43,72
2016-10-28,westlands,0.98,151
2016-10-28,kilimani,0.838,142
2016-10-28,karen,0.782,151
2016-10-28,lavington,0.98,142
2016-10-28,langata,0.98,124
2016-10-28,gigiri,0.598,151
2016-10-28,parklands,0.63,133
2016-10-28,upperhill,0.532,133
2016-10-28,kileleshwa,0.722,142
2016-10-28,runda,0.716,151
2016-10-28,muthaiga,0.98,151
2016-10-28,south-b,0.57,124
2016-10-28,south-c,0.824,115
2016-10-28,ngong-road,0.588,133
2016-10-28,thika-road,0.602,115
2016-10-29,westlands,0.98,158
2016-10-29,kilimani,0.862,149
2016-10-29,karen,0.801,158
2016-10-29,lavington,0.98,149
2016-10-29,langata,0.98,130
2016-10-29,gigiri,0.61,158
2016-10-29,parklands,0.643,139
2016-10-29,upperhill,0.541,139
2016-10-29,kileleshwa,0.738,149
2016-10-29,runda,0.734,158
2016-10-29,muthaiga,0.98,158
2016-10-29,south-b,0.58,130
2016-10-29,south-c,0.846,120
2016-10-29,ngong-road,0.6,139
2016-10-29,thika-road,0.613,120
2016-10-30,westlands,0.98,130
2016-10-30,kilimani,0.765,122
2016-10-30,karen,0.725,130
2016-10-30,lavington,0.98,122
2016-10-30,langata,0.98,107
2016-10-30,gigiri,0.563,130
2016-10-30,parklands,0.591,114
2016-10-30,upperhill,0.505,114
2016-10-30,kileleshwa,0.675,122
2016-10-30,runda,0.662,130
2016-10-30,muthaiga,0.936,130
2016-10-30,south-b,0.541,107
2016-10-30,south-c,0.756,99
2016-10-30,ngong-road,0.552,114
2016-10-30,thika-road,0.572,99
2016-10-31,westlands,0.837,117
2016-10-31,kilimani,0.63,110
2016-10-31,karen,0.599,117
2016-10-31,lavington,0.98,110
2016-10-31,langata,0.935,96
2016-10-31,gigiri,0.451,117
2016-10-31,parklands,0.478,103
2016-10-31,upperhill,0.399,103
2016-10-31,kileleshwa,0.555,110
2016-10-31,runda,0.538,117
2016-10-31,muthaiga,0.788,117
2016-10-31,south-b,0.433,96
2016-10-31,south-c,0.624,89
2016-10-31,ngong-road,0.44,103
2016-10-31,thika-road,0.463,89
2016-11-01,westlands,0.665,83
2016-11-01,kilimani,0.513,78
2016-11-01,karen,0.506,83
2016-11-01,lavington,0.98,78
2016-11-01,langata,0.736,68
2016-11-01,gigiri,0.393,83
2016-11-01,parklands,0.416,73
2016-11-01,upperhill,0.355,73
2016-11-01,kileleshwa,0.478,78
2016-11-01,runda,0.45,83
2016-11-01,muthaiga,0.636,83
2016-11-01,south-b,0.386,68
2016-11-01,south-c,0.515,63
2016-11-01,ngong-road,0.382,73
2016-11-01,thika-road,0.413,63
2016-11-02,westlands,0.822,114
2016-11-02,kilimani,0.62,107
2016-11-02,karen,0.591,114
2016-11-02,lavington,0.98,107
2016-11-02,langata,0.918,93
2016-11-02,gigiri,0.446,114
2016-11-02,parklands,0.472,100
2016-11-02,upperhill,0.395,100
2016-11-02,kileleshwa,0.548,107
2016-11-02,runda,0.53,114
2016-11-02,muthaiga,0.775,114
2016-11-02,south-b,0.429,93
2016-11-02,south-c,0.615,87
2016-11-02,ngong-road,0.435,100
2016-11-02,thika-road,0.458,87
2016-11-03,westlands,0.705,91
2016-11-03,kilimani,0.54,86
2016-11-03,karen,0.528,91
2016-11-03,lavington,0.98,86
2016-11-03,langata,0.783,75
2016-11-03,gigiri,0.407,91
2016-11-03,parklands,0.43,80
2016-11-03,upperhill,0.366,80
2016-11-03,kileleshwa,0.496,86
2016-11-03,runda,0.47,91
2016-11-03,muthaiga,0.672,91
2016-11-03,south-b,0.397,75
2016-11-03,south-c,0.541,69
2016-11-03,ngong-road,0.396,80
2016-11-03,thika-road,0.425,69
2016-11-04,westlands,0.882,108
2016-11-04,kilimani,0.689,102
2016-11-04,karen,0.665,108
2016-11-04,lavington,0.98,102
2016-11-04,langata,0.973,89
2016-11-04,gigiri,0.525,108
2016-11-04,parklands,0.551,95
2016-11-04,upperhill,0.477,95
2016-11-04,kileleshwa,0.625,102
2016-11-04,runda,0.604,108
2016-11-04,muthaiga,0.838,108
2016-11-04,south-b,0.51,89
2016-11-04,south-c,0.685,82
2016-11-04,ngong-road,0.515,95
2016-11-04,thika-road,0.54,82
2016-11-05,westlands,0.861,104
2016-11-05,kilimani,0.675,98
2016-11-05,karen,0.654,104
2016-11-05,lavington,0.98,98
2016-11-05,langata,0.949,85
2016-11-05,gigiri,0.519,104
2016-11-05,parklands,0.544,92
2016-11-05,upperhill,0.472,92
2016-11-05,kileleshwa,0.616,98
2016-11-05,runda,0.594,104
2016-11-05,muthaiga,0.82,104
2016-11-05,south-b,0.505,85
2016-11-05,south-c,0.673,79
2016-11-05,ngong-road,0.508,92
2016-11-05,thika-road,0.534,79
2016-11-06,westlands,0.8,92
2016-11-06,kilimani,0.634,86
2016-11-06,karen,0.621,92
2016-11-06,lavington,0.98,86
2016-11-06,langata,0.879,75
2016-11-06,gigiri,0.498,92
2016-11-06,parklands,0.522,81
2016-11-06,upperhill,0.457,81
2016-11-06,kileleshwa,0.589,86
2016-11-06,runda,0.563,92
2016-11-06,muthaiga,0.767,92
2016-11-06,south-b,0.488,75
2016-11-06,south-c,0.634,70
2016-11-06,ngong-road,0.488,81
2016-11-06,thika-road,0.516,70
2016-11-07,westlands,0.908,131
2016-11-07,kilimani,0.679,123
2016-11-07,karen,0.637,131
2016-11-07,lavington,0.98,123
2016-11-07,langata,0.98,107
2016-11-07,gigiri,0.474,131
2016-11-07,parklands,0.503,115
2016-11-07,upperhill,0.417,115
2016-11-07,kileleshwa,0.587,123
2016-11-07,runda,0.574,131
2016-11-07,muthaiga,0.851,131
2016-11-07,south-b,0.453,107
2016-11-07,south-c,0.669,100
2016-11-07,ngong-road,0.464,115
2016-11-07,thika-road,0.483,100
2016-11-08,westlands,0.619,74
2016-11-08,kilimani,0.481,70
2016-11-08,karen,0.482,74
2016-11-08,lavington,0.947,70
2016-11-08,langata,0.684,61
2016-11-08,gigiri,0.378,74
2016-11-08,parklands,0.399,65
2016-11-08,upperhill,0.344,65
2016-11-08,kileleshwa,0.458,70
2016-11-08,runda,0.426,74
2016-11-08,muthaiga,0.596,74
2016-11-08,south-b,0.373,61
2016-11-08,south-c,0.486,56
2016-11-08,ngong-road,0.367,65
2016-11-08,thika-road,0.4,56
2016-11-09,westlands,0.563,63
2016-11-09,kilimani,0.443,59
2016-11-09,karen,0.452,63
2016-11-09,lavington,0.844,59
2016-11-09,langata,0.619,52
2016-11-09,gigiri,0.359,63
2016-11-09,parklands,0.379,55
2016-11-09,upperhill,0.33,55
2016-11-09,kileleshwa,0.433,59
2016-11-09,runda,0.398,63
2016-11-09,muthaiga,0.547,63
2016-11-09,south-b,0.358,52
2016-11-09,south-c,0.451,48
2016-11-09,ngong-road,0.348,55
2016-11-09,thika-road,0.384,48
2016-11-10,westlands,0.761,102
2016-11-10,kilimani,0.578,96
2016-11-10,karen,0.558,102
2016-11-10,lavington,0.98,96
2016-11-10,langata,0.848,84
2016-11-10,gigiri,0.425,102
2016-11-10,parklands,0.45,90
2016-11-10,upperhill,0.38,90
2016-11-10,kileleshwa,0.521,96
2016-11-10,runda,0.499,102
2016-11-10,muthaiga,0.721,102
2016-11-10,south-b,0.412,84
2016-11-10,south-c,0.576,78
2016-11-10,ngong-road,0.415,90
2016-11-10,thika-road,0.441,78
2016-11-11,westlands,0.98,143
2016-11-11,kilimani,0.81,134
2016-11-11,karen,0.76,143
2016-11-11,lavington,0.98,134
2016-11-11,langata,0.98,117
2016-11-11,gigiri,0.585,143
2016-11-11,parklands,0.615,126
2016-11-11,upperhill,0.522,126
2016-11-11,kileleshwa,0.704,134
2016-11-11,runda,0.695,143
2016-11-11,muthaiga,0.98,143
2016-11-11,south-b,0.559,117
2016-11-11,south-c,0.798,109
2016-11-11,ngong-road,0.574,126
2016-11-11,thika-road,0.591,109
2016-11-12,westlands,0.811,94
2016-11-12,kilimani,0.641,88
2016-11-12,karen,0.626,94
2016-11-12,lavington,0.98,88
2016-11-12,langata,0.891,77
2016-11-12,gigiri,0.502,94
2016-11-12,parklands,0.526,83
2016-11-12,upperhill,0.459,83
2016-11-12,kileleshwa,0.593,88
2016-11-12,runda,0.568,94
2016-11-12,muthaiga,0.775,94
2016-11-12,south-b,0.491,77
2016-11-12,south-c,0.64,71
2016-11-12,ngong-road,0.491,83
2016-11-12,thika-road,0.519,71
2016-11-13,westlands,0.836,99
2016-11-13,kilimani,0.658,93
2016-11-13,karen,0.64,99
2016-11-13,lavington,0.98,93
2016-11-13,langata,0.92,81
2016-11-13,gigiri,0.51,99
2016-11-13,parklands,0.535,87
2016-11-13,upperhill,0.466,87
2016-11-13,kileleshwa,0.604,93
2016-11-13,runda,0.581,99
2016-11-13,muthaiga,0.798,99
2016-11-13,south-b,0.498,81
2016-11-13,south-c,0.656,75
2016-11-13,ngong-road,0.499,87
2016-11-13,thika-road,0.526,75
2016-11-14,westlands,0.837,117
2016-11-14,kilimani,0.63,110
2016-11-14,karen,0.599,117
2016-11-14,lavington,0.98,110
2016-11-14,langata,0.935,96
2016-11-14,gigiri,0.451,117
2016-11-14,parklands,0.478,103
2016-11-14,upperhill,0.399,103
2016-11-14,kileleshwa,0.555,110
2016-11-14,runda,0.538,117
2016-11-14,muthaiga,0.788,117
2016-11-14,south-b,0.433,96
2016-11-14,south-c,0.624,89
2016-11-14,ngong-road,0.44,103
2016-11-14,thika-road,0.463,89
2016-11-15,westlands,0.655,81
2016-11-15,kilimani,0.506,76
2016-11-15,karen,0.501,81
2016-11-15,lavington,0.98,76
2016-11-15,langata,0.725,66
2016-11-15,gigiri,0.39,81
2016-11-15,parklands,0.412,71
2016-11-15,upperhill,0.353,71
2016-11-15,kileleshwa,0.474,76
2016-11-15,runda,0.444,81
2016-11-15,muthaiga,0.627,81
2016-11-15,south-b,0.383,66
2016-11-15,south-c,0.509,62
2016-11-15,ngong-road,0.379,71
2016-11-15,thika-road,0.41,62
2016-11-16,westlands,0.726,95
2016-11-16,kilimani,0.554,89
2016-11-16,karen,0.539,95
2016-11-16,lavington,0.98,89
2016-11-16,langata,0.807,78
2016-11-16,gigiri,0.413,95
2016-11-16,parklands,0.438,84
2016-11-16,upperhill,0.371,84
2016-11-16,kileleshwa,0.505,89
2016-11-16,runda,0.481,95
2016-11-16,muthaiga,0.69,95
2016-11-16,south-b,0.402,78
2016-11-16,south-c,0.554,72
2016-11-16,ngong-road,0.403,84
2016-11-16,thika-road,0.43,72
2016-11-17,westlands,0.756,101
2016-11-17,kilimani,0.575,95
2016-11-17,karen,0.555,101
2016-11-17,lavington,0.98,95
2016-11-17,langata,0.842,83
2016-11-17,gigiri,0.424,101
2016-11-17,parklands,0.448,89
2016-11-17,upperhill,0.378,89
2016-11-17,kileleshwa,0.519,95
2016-11-17,runda,0.496,101
2016-11-17,muthaiga,0.717,101
2016-11-17,south-b,0.411,83
2016-11-17,south-c,0.573,77
2016-11-17,ngong-road,0.413,89
2016-11-17,thika-road,0.439,77
2016-11-18,westlands,0.98,134
2016-11-18,kilimani,0.779,126
2016-11-18,karen,0.735,134
2016-11-18,lavington,0.98,126
2016-11-18,langata,0.98,110
2016-11-18,gigiri,0.57,134
2016-11-18,parklands,0.599,118
2016-11-18,upperhill,0.511,118
2016-11-18,kileleshwa,0.684,126
2016-11-18,runda,0.672,134
2016-11-18,muthaiga,0.954,134
2016-11-18,south-b,0.547,110
2016-11-18,south-c,0.769,102
2016-11-18,ngong-road,0.559,118
2016-11-18,thika-road,0.578,102
2016-11-19,westlands,0.851,102
2016-11-19,kilimani,0.668,96
2016-11-19,karen,0.648,102
2016-11-19,lavington,0.98,96
2016-11-19,langata,0.938,84
2016-11-19,gigiri,0.515,102
2016-11-19,parklands,0.54,90
2016-11-19,upperhill,0.47,90
2016-11-19,kileleshwa,0.611,96
2016-11-19,runda,0.589,102
2016-11-19,muthaiga,0.811,102
2016-11-19,south-b,0.502,84
2016-11-19,south-c,0.666,78
2016-11-19,ngong-road,0.505,90
2016-11-19,thika-road,0.531,78
2016-11-20,westlands,0.628,58
2016-11-20,kilimani,0.516,55
2016-11-20,karen,0.528,58
2016-11-20,lavington,0.887,55
2016-11-20,langata,0.68,48
2016-11-20,gigiri,0.441,58
2016-11-20,parklands,0.46,51
2016-11-20,upperhill,0.413,51
2016-11-20,kileleshwa,0.511,55
2016-11-20,runda,0.475,58
2016-11-20,muthaiga,0.615,58
2016-11-20,south-b,0.441,48
2016-11-20,south-c,0.525,44
2016-11-20,ngong-road,0.43,51
2016-11-20,thika-road,0.466,44
2016-11-21,westlands,0.98,149
2016-11-21,kilimani,0.741,140
2016-11-21,karen,0.686,149
2016-11-21,lavington,0.98,140
2016-11-21,langata,0.98,122
2016-11-21,gigiri,0.505,149
2016-11-21,parklands,0.536,131
2016-11-21,upperhill,0.44,131
2016-11-21,kileleshwa,0.628,140
2016-11-21,runda,0.621,149
2016-11-21,muthaiga,0.931,149
2016-11-21,south-b,0.478,122
2016-11-21,south-c,0.727,113
2016-11-21,ngong-road,0.494,131
2016-11-21,thika-road,0.51,113
2016-11-22,westlands,0.528,56
2016-11-22,kilimani,0.419,53
2016-11-22,karen,0.433,56
2016-11-22,lavington,0.779,53
2016-11-22,langata,0.578,46
2016-11-22,gigiri,0.347,56
2016-11-22,parklands,0.366,49
2016-11-22,upperhill,0.321,49
2016-11-22,kileleshwa,0.417,53
2016-11-22,runda,0.38,56
2016-11-22,muthaiga,0.516,56
2016-11-22,south-b,0.348,46
2016-11-22,south-c,0.428,43
2016-11-22,ngong-road,0.336,49
2016-11-22,thika-road,0.373,43
2016-11-23,westlands,0.665,83
2016-11-23,kilimani,0.513,78
2016-11-23,karen,0.506,83
2016-11-23,lavington,0.98,78
2016-11-23,langata,0.736,68
2016-11-23,gigiri,0.393,83
2016-11-23,parklands,0.416,73
2016-11-23,upperhill,0.355,73
2016-11-23,kileleshwa,0.478,78
2016-11-23,runda,0.45,83
2016-11-23,muthaiga,0.636,83
2016-11-23,south-b,0.386,68
2016-11-23,south-c,0.515,63
2016-11-23,ngong-road,0.382,73
2016-11-23,thika-road,0.413,63
2016-11-24,westlands,0.655,81
2016-11-24,kilimani,0.506,76
2016-11-24,karen,0.501,81
2016-11-24,lavington,0.98,76
2016-11-24,langata,0.725,66
2016-11-24,gigiri,0.39,81
2016-11-24,parklands,0.412,71
2016-11-24,upperhill,0.353,71
2016-11-24,kileleshwa,0.474,76
2016-11-24,runda,0.444,81
2016-11-24,muthaiga,0.627,81
2016-11-24,south-b,0.383,66
2016-11-24,south-c,0.509,62
2016-11-24,ngong-road,0.379,71
2016-11-24,thika-road,0.41,62
2016-11-25,westlands,0.968,125
2016-11-25,kilimani,0.748,118
2016-11-25,karen,0.711,125
2016-11-25,lavington,0.98,118
2016-11-25,langata,0.98,103
2016-11-25,gigiri,0.554,125
2016-11-25,parklands,0.582,110
2016-11-25,upperhill,0.499,110
2016-11-25,kileleshwa,0.663,118
2016-11-25,runda,0.649,125
2016-11-25,muthaiga,0.914,125
2016-11-25,south-b,0.534,103
2016-11-25,south-c,0.74,95
2016-11-25,ngong-road,0.544,110
2016-11-25,thika-road,0.564,95
2016-11-26,westlands,0.76,84
2016-11-26,kilimani,0.606,79
2016-11-26,karen,0.599,84
2016-11-26,lavington,0.98,79
2016-11-26,langata,0.832,69
2016-11-26,gigiri,0.485,84
2016-11-26,parklands,0.507,74
2016-11-26,upperhill,0.447,74
2016-11-26,kileleshwa,0.57,79
2016-11-26,runda,0.542,84
2016-11-26,muthaiga,0.731,84
2016-11-26,south-b,0.477,69
2016-11-26,south-c,0.608,64
2016-11-26,ngong-road,0.474,74
2016-11-26,thika-road,0.504,64
2016-11-27,westlands,0.577,48
2016-11-27,kilimani,0.481,45
2016-11-27,karen,0.501,48
2016-11-27,lavington,0.794,45
2016-11-27,langata,0.621,39
2016-11-27,gigiri,0.424,48
2016-11-27,parklands,0.442,42
2016-11-27,upperhill,0.401,42
2016-11-27,kileleshwa,0.489,45
2016-11-27,runda,0.449,48
2016-11-27,muthaiga,0.57,48
2016-11-27,south-b,0.427,39
2016-11-27,south-c,0.492,36
2016-11-27,ngong-road,0.413,42
2016-11-27,thika-road,0.452,36
2016-11-28,westlands,0.68,86
2016-11-28,kilimani,0.523,81
2016-11-28,karen,0.515,86
2016-11-28,lavington,0.98,81
2016-11-28,langata,0.754,71
2016-11-28,gigiri,0.398,86
2016-11-28,parklands,0.421,76
2016-11-28,upperhill,0.359,76
2016-11-28,kileleshwa,0.485,81
2016-11-28,runda,0.457,86
2016-11-28,muthaiga,0.65,86
2016-11-28,south-b,0.39,71
2016-11-28,south-c,0.525,65
2016-11-28,ngong-road,0.387,76
2016-11-28,thika-road,0.417,65
2016-11-29,westlands,0.609,72
2016-11-29,kilimani,0.475,68
2016-11-29,karen,0.476,72
2016-11-29,lavington,0.929,68
2016-11-29,langata,0.672,59
2016-11-29,gigiri,0.374,72
2016-11-29,parklands,0.396,63
2016-11-29,upperhill,0.341,63
2016-11-29,kileleshwa,0.453,68
2016-11-29,runda,0.421,72
2016-11-29,muthaiga,0.587,72
2016-11-29,south-b,0.37,59
2016-11-29,south-c,0.48,55
2016-11-29,ngong-road,0.364,63
2016-11-29,thika-road,0.397,55
2016-11-30,westlands,0.487,48
2016-11-30,kilimani,0.391,45
2016-11-30,karen,0.411,48
2016-11-30,lavington,0.704,45
2016-11-30,langata,0.531,39
2016-11-30,gigiri,0.334,48
2016-11-30,parklands,0.352,42
2016-11-30,upperhill,0.311,42
2016-11-30,kileleshwa,0.399,45
2016-11-30,runda,0.359,48
2016-11-30,muthaiga,0.48,48
2016-11-30,south-b,0.337,39
2016-11-30,south-c,0.402,36
2016-11-30,ngong-road,0.323,42
2016-11-30,thika-road,0.362,36
2016-12-01,westlands,0.629,76
2016-12-01,kilimani,0.488,71
2016-12-01,karen,0.487,76
2016-12-01,lavington,0.966,71
2016-12-01,langata,0.695,62
2016-12-01,gigiri,0.381,76
2016-12-01,parklands,0.403,67
2016-12-01,upperhill,0.346,67
2016-12-01,kileleshwa,0.462,71
2016-12-01,runda,0.431,76
2016-12-01,muthaiga,0.605,76
2016-12-01,south-b,0.376,62
2016-12-01,south-c,0.492,58
2016-12-01,ngong-road,0.37,67
2016-12-01,thika-road,0.403,58
2016-12-02,westlands,0.937,119
2016-12-02,kilimani,0.727,112
2016-12-02,karen,0.695,119
2016-12-02,lavington,0.98,112
2016-12-02,langata,0.98,98
2016-12-02,gigiri,0.544,119
2016-12-02,parklands,0.571,105
2016-12-02,upperhill,0.491,105
2016-12-02,kileleshwa,0.65,112
2016-12-02,runda,0.633,119
2016-12-02,muthaiga,0.887,119
2016-12-02,south-b,0.526,98
2016-12-02,south-c,0.721,90
2016-12-02,ngong-road,0.533,105
2016-12-02,thika-road,0.556,90
2016-12-03,westlands,0.937,119
2016-12-03,kilimani,0.727,112
2016-12-03,karen,0.695,119
2016-12-03,lavington,0.98,112
2016-12-03,langata,0.98,98
2016-12-03,gigiri,0.544,119
2016-12-03,parklands,0.571,105
2016-12-03,upperhill,0.491,105
2016-12-03,kileleshwa,0.65,112
2016-12-03,runda,0.633,119
2016-12-03,muthaiga,0.887,119
2016-12-03,south-b,0.526,98
2016-12-03,south-c,0.721,90
2016-12-03,ngong-road,0.533,105
2016-12-03,thika-road,0.556,90
2016-12-04,westlands,0.618,56
2016-12-04,kilimani,0.509,53
2016-12-04,karen,0.523,56
2016-12-04,lavington,0.869,53
2016-12-04,langata,0.668,46
2016-12-04,gigiri,0.437,56
2016-12-04,parklands,0.456,49
2016-12-04,upperhill,0.411,49
2016-12-04,kileleshwa,0.507,53
2016-12-04,runda,0.47,56
2016-12-04,muthaiga,0.606,56
2016-12-04,south-b,0.438,46
2016-12-04,south-c,0.518,43
2016-12-04,ngong-road,0.426,49
2016-12-04,thika-road,0.463,43
2016-12-05,westlands,0.807,111
2016-12-05,kilimani,0.61,104
2016-12-05,karen,0.583,111
2016-12-05,lavington,0.98,104
2016-12-05,langata,0.9,91
2016-12-05,gigiri,0.441,111
2016-12-05,parklands,0.467,98
2016-12-05,upperhill,0.391,98
2016-12-05,kileleshwa,0.542,104
2016-12-05,runda,0.522,111
2016-12-05,muthaiga,0.761,111
2016-12-05,south-b,0.425,91
2016-12-05,south-c,0.605,84
2016-12-05,ngong-road,0.43,98
2016-12-05,thika-road,0.454,84
2016-12-06,westlands,0.523,55
2016-12-06,kilimani,0.416,52
2016-12-06,karen,0.43,55
2016-12-06,lavington,0.769,52
2016-12-06,langata,0.572,45
2016-12-06,gigiri,0.345,55
2016-12-06,parklands,0.365,48
2016-12-06,upperhill,0.32,48
2016-12-06,kileleshwa,0.415,52
2016-12-06,runda,0.377,55
2016-12-06,muthaiga,0.511,55
2016-12-06,south-b,0.347,45
2016-12-06,south-c,0.425,42
2016-12-06,ngong-road,0.335,48
2016-12-06,thika-road,0.372,42
2016-12-07,westlands,0.609,72
2016-12-07,kilimani,0.475,68
2016-12-07,karen,0.476,72
2016-12-07,lavington,0.929,68
2016-12-07,langata,0.672,59
2016-12-07,gigiri,0.374,72
2016-12-07,parklands,0.396,63
2016-12-07,upperhill,0.341,63
2016-12-07,kileleshwa,0.453,68
2016-12-07,runda,0.421,72
2016-12-07,muthaiga,0.587,72
2016-12-07,south-b,0.37,59
2016-12-07,south-c,0.48,55
2016-12-07,ngong-road,0.364,63
2016-12-07,thika-road,0.397,55
2016-12-08,westlands,0.98,154
2016-12-08,kilimani,0.758,145
2016-12-08,karen,0.7,154
2016-12-08,lavington,0.98,145
2016-12-08,langata,0.98,126
2016-12-08,gigiri,0.513,154
2016-12-08,parklands,0.545,136
2016-12-08,upperhill,0.446,136
2016-12-08,kileleshwa,0.639,145
2016-12-08,runda,0.634,154
2016-12-08,muthaiga,0.954,154
2016-12-08,south-b,0.485,126
2016-12-08,south-c,0.743,117
2016-12-08,ngong-road,0.503,136
2016-12-08,thika-road,0.517,117
2016-12-09,westlands,0.684,69
2016-12-09,kilimani,0.554,65
2016-12-09,karen,0.558,69
2016-12-09,lavington,0.98,65
2016-12-09,langata,0.744,57
2016-12-09,gigiri,0.459,69
2016-12-09,parklands,0.48,61
2016-12-09,upperhill,0.428,61
2016-12-09,kileleshwa,0.536,65
2016-12-09,runda,0.503,69
2016-12-09,muthaiga,0.664,69
2016-12-09,south-b,0.456,57
2016-12-09,south-c,0.56,52
2016-12-09,ngong-road,0.448,61
2016-12-09,thika-road,0.482,52
2016-12-10,westlands,0.694,71
2016-12-10,kilimani,0.561,67
2016-12-10,karen,0.564,71
2016-12-10,lavington,0.98,67
2016-12-10,langata,0.756,58
2016-12-10,gigiri,0.463,71
2016-12-10,parklands,0.484,62
2016-12-10,upperhill,0.43,62
2016-12-10,kileleshwa,0.541,67
2016-12-10,runda,0.508,71
2016-12-10,muthaiga,0.673,71
2016-12-10,south-b,0.459,58
2016-12-10,south-c,0.566,54
2016-12-10,ngong-road,0.452,62
2016-12-10,thika-road,0.485,54
2016-12-11,westlands,0.491,31
2016-12-11,kilimani,0.423,29
2016-12-11,karen,0.455,31
2016-12-11,lavington,0.634,29
2016-12-11,langata,0.522,25
2016-12-11,gigiri,0.395,31
2016-12-11,parklands,0.411,27
2016-12-11,upperhill,0.379,27
2016-12-11,kileleshwa,0.45,29
2016-12-11,runda,0.405,31
2016-12-11,muthaiga,0.494,31
2016-12-11,south-b,0.403,25
2016-12-11,south-c,0.438,24
2016-12-11,ngong-road,0.384,27
2016-12-11,thika-road,0.427,24
2016-12-12,westlands,0.523,55
2016-12-12,kilimani,0.416,52
2016-12-12,karen,0.43,55
2016-12-12,lavington,0.769,52
2016-12-12,langata,0.572,45
2016-12-12,gigiri,0.345,55
2016-12-12,parklands,0.365,48
2016-12-12,upperhill,0.32,48
2016-12-12,kileleshwa,0.415,52
2016-12-12,runda,0.377,55
2016-12-12,muthaiga,0.511,55
2016-12-12,south-b,0.347,45
2016-12-12,south-c,0.425,42
2016-12-12,ngong-road,0.335,48
2016-12-12,thika-road,0.372,42
2016-12-13,westlands,0.574,65
2016-12-13,kilimani,0.45,61
2016-12-13,karen,0.457,65
2016-12-13,lavington,0.863,61
2016-12-13,langata,0.631,53
2016-12-13,gigiri,0.362,65
2016-12-13,parklands,0.383,57
2016-12-13,upperhill,0.332,57
2016-12-13,kileleshwa,0.437,61
2016-12-13,runda,0.403,65
2016-12-13,muthaiga,0.556,65
2016-12-13,south-b,0.361,53
2016-12-13,south-c,0.457,49
2016-12-13,ngong-road,0.352,57
2016-12-13,thika-road,0.387,49
2016-12-14,westlands,0.579,66
2016-12-14,kilimani,0.454,62
2016-12-14,karen,0.46,66
2016-12-14,lavington,0.872,62
2016-12-14,langata,0.637,54
2016-12-14,gigiri,0.364,66
2016-12-14,parklands,0.385,58
2016-12-14,upperhill,0.334,58
2016-12-14,kileleshwa,0.44,62
2016-12-14,runda,0.405,66
2016-12-14,muthaiga,0.56,66
2016-12-14,south-b,0.362,54
2016-12-14,south-c,0.46,50
2016-12-14,ngong-road,0.353,58
2016-12-14,thika-road,0.388,50
2016-12-15,westlands,0.497,50
2016-12-15,kilimani,0.398,47
2016-12-15,karen,0.416,50
2016-12-15,lavington,0.722,47
2016-12-15,langata,0.543,41
2016-12-15,gigiri,0.337,50
2016-12-15,parklands,0.355,44
2016-12-15,upperhill,0.313,44
2016-12-15,kileleshwa,0.403,47
2016-12-15,runda,0.364,50
2016-12-15,muthaiga,0.489,50
2016-12-15,south-b,0.34,41
2016-12-15,south-c,0.409,38
2016-12-15,ngong-road,0.326,44
2016-12-15,thika-road,0.365,38
2016-12-16,westlands,0.745,81
2016-12-16,kilimani,0.596,76
2016-12-16,karen,0.591,81
2016-12-16,lavington,0.98,76
2016-12-16,langata,0.815,66
2016-12-16,gigiri,0.48,81
2016-12-16,parklands,0.502,71
2016-12-16,upperhill,0.443,71
2016-12-16,kileleshwa,0.564,76
2016-12-16,runda,0.534,81
2016-12-16,muthaiga,0.717,81
2016-12-16,south-b,0.473,66
2016-12-16,south-c,0.599,62
2016-12-16,ngong-road,0.469,71
2016-12-16,thika-road,0.5,62
2016-12-17,westlands,0.75,82
2016-12-17,kilimani,0.599,77
2016-12-17,karen,0.594,82
2016-12-17,lavington,0.98,77
2016-12-17,langata,0.82,67
2016-12-17,gigiri,0.481,82
2016-12-17,parklands,0.504,72
2016-12-17,upperhill,0.444,72
2016-12-17,kileleshwa,0.566,77
2016-12-17,runda,0.537,82
2016-12-17,muthaiga,0.722,82
2016-12-17,south-b,0.474,67
2016-12-17,south-c,0.602,62
2016-12-17,ngong-road,0.471,72
2016-12-17,thika-road,0.501,62
2016-12-18,westlands,0.598,52
2016-12-18,kilimani,0.495,49
2016-12-18,karen,0.512,52
2016-12-18,lavington,0.831,49
2016-12-18,langata,0.645,43
2016-12-18,gigiri,0.43,52
2016-12-18,parklands,0.449,46
2016-12-18,upperhill,0.406,46
2016-12-18,kileleshwa,0.498,49
2016-12-18,runda,0.459,52
2016-12-18,muthaiga,0.588,52
2016-12-18,south-b,0.433,43
2016-12-18,south-c,0.505,40
2016-12-18,ngong-road,0.42,46
2016-12-18,thika-road,0.458,40
2016-12-19,westlands,0.609,72
2016-12-19,kilimani,0.475,68
2016-12-19,karen,0.476,72
2016-12-19,lavington,0.929,68
2016-12-19,langata,0.672,59
2016-12-19,gigiri,0.374,72
2016-12-19,parklands,0.396,63
2016-12-19,upperhill,0.341,63
2016-12-19,kileleshwa,0.453,68
2016-12-19,runda,0.421,72
2016-12-19,muthaiga,0.587,72
2016-12-19,south-b,0.37,59
2016-12-19,south-c,0.48,55
2016-12-19,ngong-road,0.364,63
2016-12-19,thika-road,0.397,55
2016-12-20,westlands,0.513,53
2016-12-20,kilimani,0.409,50
2016-12-20,karen,0.425,53
2016-12-20,lavington,0.75,50
2016-12-20,langata,0.561,43
2016-12-20,gigiri,0.342,53
2016-12-20,parklands,0.361,47
2016-12-20,upperhill,0.317,47
2016-12-20,kileleshwa,0.41,50
2016-12-20,runda,0.372,53
2016-12-20,muthaiga,0.502,53
2016-12-20,south-b,0.344,43
2016-12-20,south-c,0.418,40
2016-12-20,ngong-road,0.331,47
2016-12-20,thika-road,0.369,40
2016-12-21,westlands,0.563,63
2016-12-21,kilimani,0.443,59
2016-12-21,karen,0.452,63
2016-12-21,lavington,0.844,59
2016-12-21,langata,0.619,52
2016-12-21,gigiri,0.359,63
2016-12-21,parklands,0.379,55
2016-12-21,upperhill,0.33,55
2016-12-21,kileleshwa,0.433,59
2016-12-21,runda,0.398,63
2016-12-21,muthaiga,0.547,63
2016-12-21,south-b,0.358,52
2016-12-21,south-c,0.451,48
2016-12-21,ngong-road,0.348,55
2016-12-21,thika-road,0.384,48
2016-12-22,westlands,0.594,69
2016-12-22,kilimani,0.464,65
2016-12-22,karen,0.468,69
2016-12-22,lavington,0.901,65
2016-12-22,langata,0.654,57
2016-12-22,gigiri,0.369,69
2016-12-22,parklands,0.39,61
2016-12-22,upperhill,0.338,61
2016-12-22,kileleshwa,0.446,65
2016-12-22,runda,0.413,69
2016-12-22,muthaiga,0.574,69
2016-12-22,south-b,0.366,57
2016-12-22,south-c,0.47,52
2016-12-22,ngong-road,0.358,61
2016-12-22,thika-road,0.392,52
2016-12-23,westlands,0.729,78
2016-12-23,kilimani,0.585,73
2016-12-23,karen,0.583,78
2016-12-23,lavington,0.98,73
2016-12-23,langata,0.797,64
2016-12-23,gigiri,0.474,78
2016-12-23,parklands,0.496,69
2016-12-23,upperhill,0.439,69
2016-12-23,kileleshwa,0.557,73
2016-12-23,runda,0.527,78
2016-12-23,muthaiga,0.704,78
2016-12-23,south-b,0.469,64
2016-12-23,south-c,0.589,59
2016-12-23,ngong-road,0.464,69
2016-12-23,thika-road,0.496,59
2016-12-24,westlands,0.77,86
2016-12-24,kilimani,0.613,81
2016-12-24,karen,0.605,86
2016-12-24,lavington,0.98,81
2016-12-24,langata,0.844,71
2016-12-24,gigiri,0.488,86
2016-12-24,parklands,0.511,76
2016-12-24,upperhill,0.449,76
2016-12-24,kileleshwa,0.575,81
2016-12-24,runda,0.547,86
2016-12-24,muthaiga,0.74,86
2016-12-24,south-b,0.48,71
2016-12-24,south-c,0.615,65
2016-12-24,ngong-road,0.477,76
2016-12-24,thika-road,0.507,65
2016-12-25,westlands,0.608,54
2016-12-25,kilimani,0.502,51
2016-12-25,karen,0.517,54
2016-12-25,lavington,0.85,51
2016-12-25,langata,0.657,44
2016-12-25,gigiri,0.434,54
2016-12-25,parklands,0.453,48
2016-12-25,upperhill,0.408,48
2016-12-25,kileleshwa,0.502,51
2016-12-25,runda,0.464,54
2016-12-25,muthaiga,0.597,54
2016-12-25,south-b,0.435,44
2016-12-25,south-c,0.512,41
2016-12-25,ngong-road,0.423,48
2016-12-25,thika-road,0.46,41
2016-12-26,westlands,0.604,71
2016-12-26,kilimani,0.471,67
2016-12-26,karen,0.474,71
2016-12-26,lavington,0.919,67
2016-12-26,langata,0.666,58
2016-12-26,gigiri,0.373,71
2016-12-26,parklands,0.394,62
2016-12-26,upperhill,0.34,62
2016-12-26,kileleshwa,0.451,67
2016-12-26,runda,0.418,71
2016-12-26,muthaiga,0.583,71
2016-12-26,south-b,0.369,58
2016-12-26,south-c,0.476,54
2016-12-26,ngong-road,0.362,62
2016-12-26,thika-road,0.395,54
2016-12-27,westlands,0.98,154
2016-12-27,kilimani,0.758,145
2016-12-27,karen,0.7,154
2016-12-27,lavington,0.98,145
2016-12-27,langata,0.98,126
2016-12-27,gigiri,0.513,154
2016-12-27,parklands,0.545,136
2016-12-27,upperhill,0.446,136
2016-12-27,kileleshwa,0.639,145
2016-12-27,runda,0.634,154
2016-12-27,muthaiga,0.954,154
2016-12-27,south-b,0.485,126
2016-12-27,south-c,0.743,117
2016-12-27,ngong-road,0.503,136
2016-12-27,thika-road,0.517,117
2016-12-28,westlands,0.675,85
2016-12-28,kilimani,0.52,80
2016-12-28,karen,0.512,85
2016-12-28,lavington,0.98,80
2016-12-28,langata,0.748,70
2016-12-28,gigiri,0.396,85
2016-12-28,parklands,0.419,75
2016-12-28,upperhill,0.358,75
2016-12-28,kileleshwa,0.483,80
2016-12-28,runda,0.455,85
2016-12-28,muthaiga,0.645,85
2016-12-28,south-b,0.388,70
2016-12-28,south-c,0.521,65
2016-12-28,ngong-road,0.386,75
2016-12-28,thika-road,0.416,65
2016-12-29,westlands,0.726,95
2016-12-29,kilimani,0.554,89
2016-12-29,karen,0.539,95
2016-12-29,lavington,0.98,89
2016-12-29,langata,0.807,78
2016-12-29,gigiri,0.413,95
2016-12-29,parklands,0.438,84
2016-12-29,upperhill,0.371,84
2016-12-29,kileleshwa,0.505,89
2016-12-29,runda,0.481,95
2016-12-29,muthaiga,0.69,95
2016-12-29,south-b,0.402,78
2016-12-29,south-c,0.554,72
2016-12-29,ngong-road,0.403,84
2016-12-29,thika-road,0.43,72
2016-12-30,westlands,0.98,149
2016-12-30,kilimani,0.831,140
2016-12-30,karen,0.776,149
2016-12-30,lavington,0.98,140
2016-12-30,langata,0.98,122
2016-12-30,gigiri,0.595,149
2016-12-30,parklands,0.626,131
2016-12-30,upperhill,0.53,131
2016-12-30,kileleshwa,0.718,140
2016-12-30,runda,0.711,149
2016-12-30,muthaiga,0.98,149
2016-12-30,south-b,0.568,122
2016-12-30,south-c,0.817,113
2016-12-30,ngong-road,0.584,131
2016-12-30,thika-road,0.6,113
2016-12-31,westlands,0.582,49
2016-12-31,kilimani,0.485,46
2016-12-31,karen,0.504,49
2016-12-31,lavington,0.803,46
2016-12-31,langata,0.627,40
2016-12-31,gigiri,0.425,49
2016-12-31,parklands,0.444,43
2016-12-31,upperhill,0.402,43
2016-12-31,kileleshwa,0.491,46
2016-12-31,runda,0.451,49
2016-12-31,muthaiga,0.574,49
2016-12-31,south-b,0.428,40
2016-12-31,south-c,0.496,37
2016-12-31,ngong-road,0.414,43
2016-12-31,thika-road,0.453,37
2017-01-01,westlands,0.735,79
2017-01-01,kilimani,0.589,74
2017-01-01,karen,0.586,79
2017-01-01,lavington,0.98,74
2017-01-01,langata,0.803,65
2017-01-01,gigiri,0.476,79
2017-01-01,parklands,0.498,70
2017-01-01,upperhill,0.44,70
2017-01-01,kileleshwa,0.559,74
2017-01-01,runda,0.529,79
2017-01-01,muthaiga,0.708,79
2017-01-01,south-b,0.47,65
2017-01-01,south-c,0.592,60
2017-01-01,ngong-road,0.465,70
2017-01-01,thika-road,0.497,60
2017-01-02,westlands,0.842,118
2017-01-02,kilimani,0.634,111
2017-01-02,karen,0.602,118
2017-01-02,lavington,0.98,111
2017-01-02,langata,0.941,97
2017-01-02,gigiri,0.452,118
2017-01-02,parklands,0.48,104
2017-01-02,upperhill,0.4,104
2017-01-02,kileleshwa,0.557,111
2017-01-02,runda,0.54,118
2017-01-02,muthaiga,0.793,118
2017-01-02,south-b,0.434,97
2017-01-02,south-c,0.628,90
2017-01-02,ngong-road,0.442,104
2017-01-02,thika-road,0.464,90
2017-01-03,westlands,0.655,81
2017-01-03,kilimani,0.506,76
2017-01-03,karen,0.501,81
2017-01-03,lavington,0.98,76
2017-01-03,langata,0.725,66
2017-01-03,gigiri,0.39,81
2017-01-03,parklands,0.412,71
2017-01-03,upperhill,0.353,71
2017-01-03,kileleshwa,0.474,76
2017-01-03,runda,0.444,81
2017-01-03,muthaiga,0.627,81
2017-01-03,south-b,0.383,66
2017-01-03,south-c,0.509,62
2017-01-03,ngong-road,0.379,71
2017-01-03,thika-road,0.41,62
2017-01-04,westlands,0.568,64
2017-01-04,kilimani,0.447,60
2017-01-04,karen,0.455,64
2017-01-04,lavington,0.854,60
2017-01-04,langata,0.625,52
2017-01-04,gigiri,0.361,64
2017-01-04,parklands,0.381,56
2017-01-04,upperhill,0.331,56
2017-01-04,kileleshwa,0.435,60
2017-01-04,runda,0.4,64
2017-01-04,muthaiga,0.551,64
2017-01-04,south-b,0.359,52
2017-01-04,south-c,0.454,49
2017-01-04,ngong-road,0.35,56
2017-01-04,thika-road,0.385,49
2017-01-05,westlands,0.548,60
2017-01-05,kilimani,0.433,56
2017-01-05,karen,0.444,60
2017-01-05,lavington,0.816,56
2017-01-05,langata,0.602,49
2017-01-05,gigiri,0.354,60
2017-01-05,parklands,0.374,53
2017-01-05,upperhill,0.326,53
2017-01-05,kileleshwa,0.426,56
2017-01-05,runda,0.39,60
2017-01-05,muthaiga,0.533,60
2017-01-05,south-b,0.354,49
2017-01-05,south-c,0.441,46
2017-01-05,ngong-road,0.343,53
2017-01-05,thika-road,0.379,46
2017-01-06,westlands,0.704,73
2017-01-06,kilimani,0.568,69
2017-01-06,karen,0.569,73
2017-01-06,lavington,0.98,69
2017-01-06,langata,0.768,60
2017-01-06,gigiri,0.466,73
2017-01-06,parklands,0.487,64
2017-01-06,upperhill,0.433,64
2017-01-06,kileleshwa,0.545,69
2017-01-06,runda,0.514,73
2017-01-06,muthaiga,0.682,73
2017-01-06,south-b,0.462,60
2017-01-06,south-c,0.573,55
2017-01-06,ngong-road,0.455,64
2017-01-06,thika-road,0.488,55
2017-01-07,westlands,0.674,67
2017-01-07,kilimani,0.547,63
2017-01-07,karen,0.553,67
2017-01-07,lavington,0.972,63
2017-01-07,langata,0.733,55
2017-01-07,gigiri,0.456,67
2017-01-07,parklands,0.476,59
2017-01-07,upperhill,0.425,59
2017-01-07,kileleshwa,0.532,63
2017-01-07,runda,0.498,67
2017-01-07,muthaiga,0.655,67
2017-01-07,south-b,0.453,55
2017-01-07,south-c,0.554,51
2017-01-07,ngong-road,0.445,59
2017-01-07,thika-road,0.48,51
2017-01-08,westlands,0.638,60
2017-01-08,kilimani,0.523,56
2017-01-08,karen,0.534,60
2017-01-08,lavington,0.906,56
2017-01-08,langata,0.692,49
2017-01-08,gigiri,0.444,60
2017-01-08,parklands,0.464,53
2017-01-08,upperhill,0.416,53
2017-01-08,kileleshwa,0.516,56
2017-01-08,runda,0.48,60
2017-01-08,muthaiga,0.623,60
2017-01-08,south-b,0.444,49
2017-01-08,south-c,0.531,46
2017-01-08,ngong-road,0.433,53
2017-01-08,thika-road,0.469,46
2017-01-09,westlands,0.558,62
2017-01-09,kilimani,0.44,58
2017-01-09,karen,0.449,62
2017-01-09,lavington,0.835,58
2017-01-09,langata,0.613,51
2017-01-09,gigiri,0.357,62
2017-01-09,parklands,0.377,55
2017-01-09,upperhill,0.329,55
2017-01-09,kileleshwa,0.43,58
2017-01-09,runda,0.395,62
2017-01-09,muthaiga,0.542,62
2017-01-09,south-b,0.356,51
2017-01-09,south-c,0.447,47
2017-01-09,ngong-road,0.347,55
2017-01-09,thika-road,0.382,47
2017-01-10,westlands,0.67,84
2017-01-10,kilimani,0.516,79
2017-01-10,karen,0.509,84
2017-01-10,lavington,0.98,79
2017-01-10,langata,0.742,69
2017-01-10,gigiri,0.395,84
2017-01-10,parklands,0.417,74
2017-01-10,upperhill,0.357,74
2017-01-10,kileleshwa,0.48,79
2017-01-10,runda,0.452,84
2017-01-10,muthaiga,0.641,84
2017-01-10,south-b,0.387,69
2017-01-10,south-c,0.518,64
2017-01-10,ngong-road,0.384,74
2017-01-10,thika-road,0.414,64
2017-01-11,westlands,0.477,46
2017-01-11,kilimani,0.385,43
2017-01-11,karen,0.406,46
2017-01-11,lavington,0.685,43
2017-01-11,langata,0.52,38
2017-01-11,gigiri,0.33,46
2017-01-11,parklands,0.348,40
2017-01-11,upperhill,0.308,40
2017-01-11,kileleshwa,0.394,43
2017-01-11,runda,0.354,46
2017-01-11,muthaiga,0.471,46
2017-01-11,south-b,0.334,38
2017-01-11,south-c,0.396,35
2017-01-11,ngong-road,0.319,40
2017-01-11,thika-road,0.359,35
2017-01-12,westlands,0.705,91
2017-01-12,kilimani,0.54,86
2017-01-12,karen,0.528,91
2017-01-12,lavington,0.98,86
2017-01-12,langata,0.783,75
2017-01-12,gigiri,0.407,91
2017-01-12,parklands,0.43,80
2017-01-12,upperhill,0.366,80
2017-01-12,kileleshwa,0.496,86
2017-01-12,runda,0.47,91
2017-01-12,muthaiga,0.672,91
2017-01-12,south-b,0.397,75
2017-01-12,south-c,0.541,69
2017-01-12,ngong-road,0.396,80
2017-01-12,thika-road,0.425,69
2017-01-13,westlands,0.633,59
2017-01-13,kilimani,0.52,55
2017-01-13,karen,0.531,59
2017-01-13,lavington,0.897,55
2017-01-13,langata,0.686,48
2017-01-13,gigiri,0.442,59
2017-01-13,parklands,0.462,52
2017-01-13,upperhill,0.415,52
2017-01-13,kileleshwa,0.514,55
2017-01-13,runda,0.477,59
2017-01-13,muthaiga,0.619,59
2017-01-13,south-b,0.442,48
2017-01-13,south-c,0.528,45
2017-01-13,ngong-road,0.431,52
2017-01-13,thika-road,0.468,45
2017-01-14,westlands,0.836,99
2017-01-14,kilimani,0.658,93
2017-01-14,karen,0.64,99
2017-01-14,lavington,0.98,93
2017-01-14,langata,0.92,81
2017-01-14,gigiri,0.51,99
2017-01-14,parklands,0.535,87
2017-01-14,upperhill,0.466,87
2017-01-14,kileleshwa,0.604,93
2017-01-14,runda,0.581,99
2017-01-14,muthaiga,0.798,99
2017-01-14,south-b,0.498,81
2017-01-14,south-c,0.656,75
2017-01-14,ngong-road,0.499,87
2017-01-14,thika-road,0.526,75
2017-01-15,westlands,0.577,48
2017-01-15,kilimani,0.481,45
2017-01-15,karen,0.501,48
2017-01-15,lavington,0.794,45
2017-01-15,langata,0.621,39
2017-01-15,gigiri,0.424,48
2017-01-15,parklands,0.442,42
2017-01-15,upperhill,0.401,42
2017-01-15,kileleshwa,0.489,45
2017-01-15,runda,0.449,48
2017-01-15,muthaiga,0.57,48
2017-01-15,south-b,0.427,39
2017-01-15,south-c,0.492,36
2017-01-15,ngong-road,0.413,42
2017-01-15,thika-road,0.452,36
2017-01-16,westlands,0.98,154
2017-01-16,kilimani,0.758,145
2017-01-16,karen,0.7,154
2017-01-16,lavington,0.98,145
2017-01-16,langata,0.98,126
2017-01-16,gigiri,0.513,154
2017-01-16,parklands,0.545,136
2017-01-16,upperhill,0.446,136
2017-01-16,kileleshwa,0.639,145
2017-01-16,runda,0.634,154
2017-01-16,muthaiga,0.954,154
2017-01-16,south-b,0.485,126
2017-01-16,south-c,0.743,117
2017-01-16,ngong-road,0.503,136
2017-01-16,thika-road,0.517,117
2017-01-17,westlands,0.543,59
2017-01-17,kilimani,0.43,55
2017-01-17,karen,0.441,59
2017-01-17,lavington,0.807,55
2017-01-17,langata,0.596,48
2017-01-17,gigiri,0.352,59
2017-01-17,parklands,0.372,52
2017-01-17,upperhill,0.325,52
2017-01-17,kileleshwa,0.424,55
2017-01-17,runda,0.387,59
2017-01-17,muthaiga,0.529,59
2017-01-17,south-b,0.352,48
2017-01-17,south-c,0.438,45
2017-01-17,ngong-road,0.341,52
2017-01-17,thika-road,0.378,45
2017-01-18,westlands,0.924,134
2017-01-18,kilimani,0.689,126
2017-01-18,karen,0.645,134
2017-01-18,lavington,0.98,126
2017-01-18,langata,0.98,110
2017-01-18,gigiri,0.48,134
2017-01-18,parklands,0.509,118
2017-01-18,upperhill,0.421,118
2017-01-18,kileleshwa,0.594,126
2017-01-18,runda,0.582,134
2017-01-18,muthaiga,0.864,134
2017-01-18,south-b,0.457,110
2017-01-18,south-c,0.679,102
2017-01-18,ngong-road,0.469,118
2017-01-18,thika-road,0.488,102
2017-01-19,westlands,0.69,88
2017-01-19,kilimani,0.53,83
2017-01-19,karen,0.52,88
2017-01-19,lavington,0.98,83
2017-01-19,langata,0.766,72
2017-01-19,gigiri,0.401,88
2017-01-19,parklands,0.425,77
2017-01-19,upperhill,0.362,77
2017-01-19,kileleshwa,0.489,83
2017-01-19,runda,0.463,88
2017-01-19,muthaiga,0.659,88
2017-01-19,south-b,0.393,72
2017-01-19,south-c,0.531,67
2017-01-19,ngong-road,0.391,77
2017-01-19,thika-road,0.42,67
2017-01-20,westlands,0.603,53
2017-01-20,kilimani,0.499,50
2017-01-20,karen,0.515,53
2017-01-20,lavington,0.84,50
2017-01-20,langata,0.651,43
2017-01-20,gigiri,0.432,53
2017-01-20,parklands,0.451,47
2017-01-20,upperhill,0.407,47
2017-01-20,kileleshwa,0.5,50
2017-01-20,runda,0.462,53
2017-01-20,muthaiga,0.592,53
2017-01-20,south-b,0.434,43
2017-01-20,south-c,0.508,40
2017-01-20,ngong-road,0.421,47
2017-01-20,thika-road,0.459,40
2017-01-21,westlands,0.729,78
2017-01-21,kilimani,0.585,73
2017-01-21,karen,0.583,78
2017-01-21,lavington,0.98,73
2017-01-21,langata,0.797,64
2017-01-21,gigiri,0.474,78
2017-01-21,parklands,0.496,69
2017-01-21,upperhill,0.439,69
2017-01-21,kileleshwa,0.557,73
2017-01-21,runda,0.527,78
2017-01-21,muthaiga,0.704,78
2017-01-21,south-b,0.469,64
2017-01-21,south-c,0.589,59
2017-01-21,ngong-road,0.464,69
2017-01-21,thika-road,0.496,59
2017-01-22,westlands,0.684,69
2017-01-22,kilimani,0.554,65
2017-01-22,karen,0.558,69
2017-01-22,lavington,0.98,65
2017-01-22,langata,0.744,57
2017-01-22,gigiri,0.459,69
2017-01-22,parklands,0.48,61
2017-01-22,upperhill,0.428,61
2017-01-22,kileleshwa,0.536,65
2017-01-22,runda,0.503,69
2017-01-22,muthaiga,0.664,69
2017-01-22,south-b,0.456,57
2017-01-22,south-c,0.56,52
2017-01-22,ngong-road,0.448,61
2017-01-22,thika-road,0.482,52
2017-01-23,westlands,0.589,68
2017-01-23,kilimani,0.461,64
2017-01-23,karen,0.466,68
2017-01-23,lavington,0.891,64
2017-01-23,langata,0.649,56
2017-01-23,gigiri,0.368,68
2017-01-23,parklands,0.388,60
2017-01-23,upperhill,0.336,60
2017-01-23,kileleshwa,0.444,64
2017-01-23,runda,0.411,68
2017-01-23,muthaiga,0.569,68
2017-01-23,south-b,0.365,56
2017-01-23,south-c,0.467,52
2017-01-23,ngong-road,0.357,60
2017-01-23,thika-road,0.391,52
2017-01-24,westlands,0.579,66
2017-01-24,kilimani,0.454,62
2017-01-24,karen,0.46,66
2017-01-24,lavington,0.872,62
2017-01-24,langata,0.637,54
2017-01-24,gigiri,0.364,66
2017-01-24,parklands,0.385,58
2017-01-24,upperhill,0.334,58
2017-01-24,kileleshwa,0.44,62
2017-01-24,runda,0.405,66
2017-01-24,muthaiga,0.56,66
2017-01-24,south-b,0.362,54
2017-01-24,south-c,0.46,50
2017-01-24,ngong-road,0.353,58
2017-01-24,thika-road,0.388,50
2017-01-25,westlands,0.71,92
2017-01-25,kilimani,0.544,86
2017-01-25,karen,0.531,92
2017-01-25,lavington,0.98,86
2017-01-25,langata,0.789,75
2017-01-25,gigiri,0.408,92
2017-01-25,parklands,0.432,81
2017-01-25,upperhill,0.367,81
2017-01-25,kileleshwa,0.499,86
2017-01-25,runda,0.473,92
2017-01-25,muthaiga,0.677,92
2017-01-25,south-b,0.398,75
2017-01-25,south-c,0.544,70
2017-01-25,ngong-road,0.398,81
2017-01-25,thika-road,0.426,70
2017-01-26,westlands,0.66,82
2017-01-26,kilimani,0.509,77
2017-01-26,karen,0.504,82
2017-01-26,lavington,0.98,77
2017-01-26,langata,0.73,67
2017-01-26,gigiri,0.391,82
2017-01-26,parklands,0.414,72
2017-01-26,upperhill,0.354,72
2017-01-26,kileleshwa,0.476,77
2017-01-26,runda,0.447,82
2017-01-26,muthaiga,0.632,82
2017-01-26,south-b,0.384,67
2017-01-26,south-c,0.512,62
2017-01-26,ngong-road,0.381,72
2017-01-26,thika-road,0.411,62
2017-01-27,westlands,0.927,117
2017-01-27,kilimani,0.72,110
2017-01-27,karen,0.689,117
2017-01-27,lavington,0.98,110
2017-01-27,langata,0.98,96
2017-01-27,gigiri,0.541,117
2017-01-27,parklands,0.568,103
2017-01-27,upperhill,0.489,103
2017-01-27,kileleshwa,0.645,110
2017-01-27,runda,0.628,117
2017-01-27,muthaiga,0.878,117
2017-01-27,south-b,0.523,96
2017-01-27,south-c,0.714,89
2017-01-27,ngong-road,0.53,103
2017-01-27,thika-road,0.553,89
2017-01-28,westlands,0.719,76
2017-01-28,kilimani,0.578,71
2017-01-28,karen,0.577,76
2017-01-28,lavington,0.98,71
2017-01-28,langata,0.785,62
2017-01-28,gigiri,0.471,76
2017-01-28,parklands,0.493,67
2017-01-28,upperhill,0.436,67
2017-01-28,kileleshwa,0.552,71
2017-01-28,runda,0.521,76
2017-01-28,muthaiga,0.695,76
2017-01-28,south-b,0.466,62
2017-01-28,south-c,0.582,58
2017-01-28,ngong-road,0.46,67
2017-01-28,thika-road,0.493,58
2017-01-29,westlands,0.618,56
2017-01-29,kilimani,0.509,53
2017-01-29,karen,0.523,56
2017-01-29,lavington,0.869,53
2017-01-29,langata,0.668,46
2017-01-29,gigiri,0.437,56
2017-01-29,parklands,0.456,49
2017-01-29,upperhill,0.411,49
2017-01-29,kileleshwa,0.507,53
2017-01-29,runda,0.47,56
2017-01-29,muthaiga,0.606,56
2017-01-29,south-b,0.438,46
2017-01-29,south-c,0.518,43
2017-01-29,ngong-road,0.426,49
2017-01-29,thika-road,0.463,43
2017-01-30,westlands,0.675,85
2017-01-30,kilimani,0.52,80
2017-01-30,karen,0.512,85
2017-01-30,lavington,0.98,80
2017-01-30,langata,0.748,70
2017-01-30,gigiri,0.396,85
2017-01-30,parklands,0.419,75
2017-01-30,upperhill,0.358,75
2017-01-30,kileleshwa,0.483,80
2017-01-30,runda,0.455,85
2017-01-30,muthaiga,0.645,85
2017-01-30,south-b,0.388,70
2017-01-30,south-c,0.521,65
2017-01-30,ngong-road,0.386,75
2017-01-30,thika-road,0.416,65
2017-01-31,westlands,0.563,63
2017-01-31,kilimani,0.443,59
2017-01-31,karen,0.452,63
2017-01-31,lavington,0.844,59
2017-01-31,langata,0.619,52
2017-01-31,gigiri,0.359,63
2017-01-31,parklands,0.379,55
2017-01-31,upperhill,0.33,55
2017-01-31,kileleshwa,0.433,59
2017-01-31,runda,0.398,63
2017-01-31,muthaiga,0.547,63
2017-01-31,south-b,0.358,52
2017-01-31,south-c,0.451,48
2017-01-31,ngong-road,0.348,55
2017-01-31,thika-road,0.384,48
2017-02-01,westlands,0.533,57
2017-02-01,kilimani,0.423,54
2017-02-01,karen,0.436,57
2017-02-01,lavington,0.788,54
2017-02-01,langata,0.584,47
2017-02-01,gigiri,0.349,57
2017-02-01,parklands,0.368,50
2017-02-01,upperhill,0.322,50
2017-02-01,kileleshwa,0.419,54
2017-02-01,runda,0.382,57
2017-02-01,muthaiga,0.52,57
2017-02-01,south-b,0.35,47
2017-02-01,south-c,0.431,43
2017-02-01,ngong-road,0.338,50
2017-02-01,thika-road,0.375,43
2017-02-02,westlands,0.705,91
2017-02-02,kilimani,0.54,86
2017-02-02,karen,0.528,91
2017-02-02,lavington,0.98,86
2017-02-02,langata,0.783,75
2017-02-02,gigiri,0.407,91
2017-02-02,parklands,0.43,80
2017-02-02,upperhill,0.366,80
2017-02-02,kileleshwa,0.496,86
2017-02-02,runda,0.47,91
2017-02-02,muthaiga,0.672,91
2017-02-02,south-b,0.397,75
2017-02-02,south-c,0.541,69
2017-02-02,ngong-road,0.396,80
2017-02-02,thika-road,0.425,69
2017-02-03,westlands,0.765,85
2017-02-03,kilimani,0.61,80
2017-02-03,karen,0.602,85
2017-02-03,lavington,0.98,80
2017-02-03,langata,0.838,70
2017-02-03,gigiri,0.486,85
2017-02-03,parklands,0.509,75
2017-02-03,upperhill,0.448,75
2017-02-03,kileleshwa,0.573,80
2017-02-03,runda,0.545,85
2017-02-03,muthaiga,0.735,85
2017-02-03,south-b,0.478,70
2017-02-03,south-c,0.611,65
2017-02-03,ngong-road,0.476,75
2017-02-03,thika-road,0.506,65
2017-02-04,westlands,0.937,119
2017-02-04,kilimani,0.727,112
2017-02-04,karen,0.695,119
2017-02-04,lavington,0.98,112
2017-02-04,langata,0.98,98
2017-02-04,gigiri,0.544,119
2017-02-04,parklands,0.571,105
2017-02-04,upperhill,0.491,105
2017-02-04,kileleshwa,0.65,112
2017-02-04,runda,0.633,119
2017-02-04,muthaiga,0.887,119
2017-02-04,south-b,0.526,98
2017-02-04,south-c,0.721,90
2017-02-04,ngong-road,0.533,105
2017-02-04,thika-road,0.556,90
2017-02-05,westlands,0.699,72
2017-02-05,kilimani,0.565,68
2017-02-05,karen,0.566,72
2017-02-05,lavington,0.98,68
2017-02-05,langata,0.762,59
2017-02-05,gigiri,0.464,72
2017-02-05,parklands,0.486,63
2017-02-05,upperhill,0.431,63
2017-02-05,kileleshwa,0.543,68
2017-02-05,runda,0.511,72
2017-02-05,muthaiga,0.677,72
2017-02-05,south-b,0.46,59
2017-02-05,south-c,0.57,55
2017-02-05,ngong-road,0.454,63
2017-02-05,thika-road,0.487,55
2017-02-06,westlands,0.665,83
2017-02-06,kilimani,0.513,78
2017-02-06,karen,0.506,83
2017-02-06,lavington,0.98,78
2017-02-06,langata,0.736,68
2017-02-06,gigiri,0.393,83
2017-02-06,parklands,0.416,73
2017-02-06,upperhill,0.355,73
2017-02-06,kileleshwa,0.478,78
2017-02-06,runda,0.45,83
2017-02-06,muthaiga,0.636,83
2017-02-06,south-b,0.386,68
2017-02-06,south-c,0.515,63
2017-02-06,ngong-road,0.382,73
2017-02-06,thika-road,0.413,63
2017-02-07,westlands,0.548,60
2017-02-07,kilimani,0.433,56
2017-02-07,karen,0.444,60
2017-02-07,lavington,0.816,56
2017-02-07,langata,0.602,49
2017-02-07,gigiri,0.354,60
2017-02-07,parklands,0.374,53
2017-02-07,upperhill,0.326,53
2017-02-07,kileleshwa,0.426,56
2017-02-07,runda,0.39,60
2017-02-07,muthaiga,0.533,60
2017-02-07,south-b,0.354,49
2017-02-07,south-c,0.441,46
2017-02-07,ngong-road,0.343,53
2017-02-07,thika-road,0.379,46
2017-02-08,westlands,0.568,64
2017-02-08,kilimani,0.447,60
2017-02-08,karen,0.455,64
2017-02-08,lavington,0.854,60
2017-02-08,langata,0.625,52
2017-02-08,gigiri,0.361,64
2017-02-08,parklands,0.381,56
2017-02-08,upperhill,0.331,56
2017-02-08,kileleshwa,0.435,60
2017-02-08,runda,0.4,64
2017-02-08,muthaiga,0.551,64
2017-02-08,south-b,0.359,52
2017-02-08,south-c,0.454,49
2017-02-08,ngong-road,0.35,56
2017-02-08,thika-road,0.385,49
2017-02-09,westlands,0.751,100
2017-02-09,kilimani,0.571,94
2017-02-09,karen,0.553,100
2017-02-09,lavington,0.98,94
2017-02-09,langata,0.836,82
2017-02-09,gigiri,0.422,100
2017-02-09,parklands,0.447,88
2017-02-09,upperhill,0.377,88
2017-02-09,kileleshwa,0.517,94
2017-02-09,runda,0.494,100
2017-02-09,muthaiga,0.712,100
2017-02-09,south-b,0.409,82
2017-02-09,south-c,0.57,76
2017-02-09,ngong-road,0.411,88
2017-02-09,thika-road,0.438,76
2017-02-10,westlands,0.871,106
2017-02-10,kilimani,0.682,100
2017-02-10,karen,0.659,106
2017-02-10,lavington,0.98,100
2017-02-10,langata,0.961,87
2017-02-10,gigiri,0.522,106
2017-02-10,parklands,0.548,93
2017-02-10,upperhill,0.475,93
2017-02-10,kileleshwa,0.62,100
2017-02-10,runda,0.599,106
2017-02-10,muthaiga,0.829,106
2017-02-10,south-b,0.508,87
2017-02-10,south-c,0.679,81
2017-02-10,ngong-road,0.511,93
2017-02-10,thika-road,0.537,81
2017-02-11,westlands,0.78,88
2017-02-11,kilimani,0.62,83
2017-02-11,karen,0.61,88
2017-02-11,lavington,0.98,83
2017-02-11,langata,0.856,72
2017-02-11,gigiri,0.491,88
2017-02-11,parklands,0.515,77
2017-02-11,upperhill,0.452,77
2017-02-11,kileleshwa,0.579,83
2017-02-11,runda,0.553,88
2017-02-11,muthaiga,0.749,88
2017-02-11,south-b,0.483,72
2017-02-11,south-c,0.621,67
2017-02-11,ngong-road,0.481,77
2017-02-11,thika-road,0.51,67
2017-02-12,westlands,0.856,103
2017-02-12,kilimani,0.672,97
2017-02-12,karen,0.651,103
2017-02-12,lavington,0.98,97
2017-02-12,langata,0.943,84
2017-02-12,gigiri,0.517,103
2017-02-12,parklands,0.542,91
2017-02-12,upperhill,0.471,91
2017-02-12,kileleshwa,0.613,97
2017-02-12,runda,0.591,103
2017-02-12,muthaiga,0.816,103
2017-02-12,south-b,0.504,84
2017-02-12,south-c,0.669,78
2017-02-12,ngong-road,0.506,91
2017-02-12,thika-road,0.532,78
2017-02-13,westlands,0.98,147
2017-02-13,kilimani,0.734,138
2017-02-13,karen,0.681,147
2017-02-13,lavington,0.98,138
2017-02-13,langata,0.98,121
2017-02-13,gigiri,0.502,147
2017-02-13,parklands,0.532,129
2017-02-13,upperhill,0.437,129
2017-02-13,kileleshwa,0.623,138
2017-02-13,runda,0.616,147
2017-02-13,muthaiga,0.922,147
2017-02-13,south-b,0.475,121
2017-02-13,south-c,0.721,112
2017-02-13,ngong-road,0.491,129
2017-02-13,thika-road,0.507,112
2017-02-14,westlands,0.746,99
2017-02-14,kilimani,0.568,93
2017-02-14,karen,0.55,99
2017-02-14,lavington,0.98,93
2017-02-14,langata,0.83,81
2017-02-14,gigiri,0.42,99
2017-02-14,parklands,0.445,87
2017-02-14,upperhill,0.376,87
2017-02-14,kileleshwa,0.514,93
2017-02-14,runda,0.491,99
2017-02-14,muthaiga,0.708,99
2017-02-14,south-b,0.408,81
2017-02-14,south-c,0.566,75
2017-02-14,ngong-road,0.409,87
2017-02-14,thika-road,0.436,75
2017-02-15,westlands,0.863,122
2017-02-15,kilimani,0.648,115
2017-02-15,karen,0.613,122
2017-02-15,lavington,0.98,115
2017-02-15,langata,0.965,100
2017-02-15,gigiri,0.459,122
2017-02-15,parklands,0.487,107
2017-02-15,upperhill,0.405,107
2017-02-15,kileleshwa,0.567,115
2017-02-15,runda,0.551,122
2017-02-15,muthaiga,0.811,122
2017-02-15,south-b,0.44,100
2017-02-15,south-c,0.641,93
2017-02-15,ngong-road,0.449,107
2017-02-15,thika-road,0.47,93
2017-02-16,westlands,0.655,81
2017-02-16,kilimani,0.506,76
2017-02-16,karen,0.501,81
2017-02-16,lavington,0.98,76
2017-02-16,langata,0.725,66
2017-02-16,gigiri,0.39,81
2017-02-16,parklands,0.412,71
2017-02-16,upperhill,0.353,71
2017-02-16,kileleshwa,0.474,76
2017-02-16,runda,0.444,81
2017-02-16,muthaiga,0.627,81
2017-02-16,south-b,0.383,66
2017-02-16,south-c,0.509,62
2017-02-16,ngong-road,0.379,71
2017-02-16,thika-road,0.41,62
2017-02-17,westlands,0.978,127
2017-02-17,kilimani,0.755,119
2017-02-17,karen,0.716,127
2017-02-17,lavington,0.98,119
2017-02-17,langata,0.98,104
2017-02-17,gigiri,0.558,127
2017-02-17,parklands,0.586,112
2017-02-17,upperhill,0.502,112
2017-02-17,kileleshwa,0.668,119
2017-02-17,runda,0.654,127
2017-02-17,muthaiga,0.923,127
2017-02-17,south-b,0.537,104
2017-02-17,south-c,0.747,97
2017-02-17,ngong-road,0.547,112
2017-02-17,thika-road,0.567,97
2017-02-18,westlands,0.79,90
2017-02-18,kilimani,0.627,85
2017-02-18,karen,0.615,90
2017-02-18,lavington,0.98,85
2017-02-18,langata,0.867,74
2017-02-18,gigiri,0.495,90
2017-02-18,parklands,0.518,79
2017-02-18,upperhill,0.454,79
2017-02-18,kileleshwa,0.584,85
2017-02-18,runda,0.558,90
2017-02-18,muthaiga,0.758,90
2017-02-18,south-b,0.485,74
2017-02-18,south-c,0.628,68
2017-02-18,ngong-road,0.484,79
2017-02-18,thika-road,0.513,68
2017-02-19,westlands,0.846,101
2017-02-19,kilimani,0.665,95
2017-02-19,karen,0.645,101
2017-02-19,lavington,0.98,95
2017-02-19,langata,0.932,83
2017-02-19,gigiri,0.514,101
2017-02-19,parklands,0.538,89
2017-02-19,upperhill,0.468,89
2017-02-19,kileleshwa,0.609,95
2017-02-19,runda,0.586,101
2017-02-19,muthaiga,0.807,101
2017-02-19,south-b,0.501,83
2017-02-19,south-c,0.663,77
2017-02-19,ngong-road,0.503,89
2017-02-19,thika-road,0.529,77
2017-02-20,westlands,0.812,112
2017-02-20,kilimani,0.613,105
2017-02-20,karen,0.585,112
2017-02-20,lavington,0.98,105
2017-02-20,langata,0.906,92
2017-02-20,gigiri,0.442,112
2017-02-20,parklands,0.469,99
2017-02-20,upperhill,0.392,99
2017-02-20,kileleshwa,0.544,105
2017-02-20,runda,0.525,112
2017-02-20,muthaiga,0.766,112
2017-02-20,south-b,0.426,92
2017-02-20,south-c,0.608,85
2017-02-20,ngong-road,0.432,99
2017-02-20,thika-road,0.455,85
2017-02-21,westlands,0.665,83
2017-02-21,kilimani,0.513,78
2017-02-21,karen,0.506,83
2017-02-21,lavington,0.98,78
2017-02-21,langata,0.736,68
2017-02-21,gigiri,0.393,83
2017-02-21,parklands,0.416,73
2017-02-21,upperhill,0.355,73
2017-02-21,kileleshwa,0.478,78
2017-02-21,runda,0.45,83
2017-02-21,muthaiga,0.636,83
2017-02-21,south-b,0.386,68
2017-02-21,south-c,0.515,63
2017-02-21,ngong-road,0.382,73
2017-02-21,thika-road,0.413,63
2017-02-22,westlands,0.929,135
2017-02-22,kilimani,0.693,127
2017-02-22,karen,0.648,135
2017-02-22,lavington,0.98,127
2017-02-22,langata,0.98,111
2017-02-22,gigiri,0.481,135
2017-02-22,parklands,0.511,119
2017-02-22,upperhill,0.422,119
2017-02-22,kileleshwa,0.596,127
2017-02-22,runda,0.584,135
2017-02-22,muthaiga,0.869,135
2017-02-22,south-b,0.458,111
2017-02-22,south-c,0.682,103
2017-02-22,ngong-road,0.471,119
2017-02-22,thika-road,0.489,103
2017-02-23,westlands,0.751,100
2017-02-23,kilimani,0.571,94
2017-02-23,karen,0.553,100
2017-02-23,lavington,0.98,94
2017-02-23,langata,0.836,82
2017-02-23,gigiri,0.422,100
2017-02-23,parklands,0.447,88
2017-02-23,upperhill,0.377,88
2017-02-23,kileleshwa,0.517,94
2017-02-23,runda,0.494,100
2017-02-23,muthaiga,0.712,100
2017-02-23,south-b,0.409,82
2017-02-23,south-c,0.57,76
2017-02-23,ngong-road,0.411,88
2017-02-23,thika-road,0.438,76
2017-02-24,westlands,0.831,98
2017-02-24,kilimani,0.655,92
2017-02-24,karen,0.637,98
2017-02-24,lavington,0.98,92
2017-02-24,langata,0.914,80
2017-02-24,gigiri,0.508,98
2017-02-24,parklands,0.533,86
2017-02-24,upperhill,0.465,86
2017-02-24,kileleshwa,0.602,92
2017-02-24,runda,0.578,98
2017-02-24,muthaiga,0.793,98
2017-02-24,south-b,0.497,80
2017-02-24,south-c,0.653,74
2017-02-24,ngong-road,0.498,86
2017-02-24,thika-road,0.525,74
2017-02-25,westlands,0.98,189
2017-02-25,kilimani,0.969,178
2017-02-25,karen,0.885,189
2017-02-25,lavington,0.98,178
2017-02-25,langata,0.98,155
2017-02-25,gigiri,0.663,189
2017-02-25,parklands,0.699,166
2017-02-25,upperhill,0.581,166
2017-02-25,kileleshwa,0.808,178
2017-02-25,runda,0.815,189
2017-02-25,muthaiga,0.98,189
2017-02-25,south-b,0.623,155
2017-02-25,south-c,0.946,144
2017-02-25,ngong-road,0.652,166
2017-02-25,thika-road,0.658,144
2017-02-26,westlands,0.98,138
2017-02-26,kilimani,0.793,130
2017-02-26,karen,0.746,138
2017-02-26,lavington,0.98,130
2017-02-26,langata,0.98,113
2017-02-26,gigiri,0.576,138
2017-02-26,parklands,0.606,121
2017-02-26,upperhill,0.516,121
2017-02-26,kileleshwa,0.693,130
2017-02-26,runda,0.682,138
2017-02-26,muthaiga,0.972,138
2017-02-26,south-b,0.552,113
2017-02-26,south-c,0.782,105
2017-02-26,ngong-road,0.566,121
2017-02-26,thika-road,0.583,105
2017-02-27,westlands,0.761,102
2017-02-27,kilimani,0.578,96
2017-02-27,karen,0.558,102
2017-02-27,lavington,0.98,96
2017-02-27,langata,0.848,84
2017-02-27,gigiri,0.425,102
2017-02-27,parklands,0.45,90
2017-02-27,upperhill,0.38,90
2017-02-27,kileleshwa,0.521,96
2017-02-27,runda,0.499,102
2017-02-27,muthaiga,0.721,102
2017-02-27,south-b,0.412,84
2017-02-27,south-c,0.576,78
2017-02-27,ngong-road,0.415,90
2017-02-27,thika-road,0.441,78
2017-02-28,westlands,0.579,66
2017-02-28,kilimani,0.454,62
2017-02-28,karen,0.46,66
2017-02-28,lavington,0.872,62
2017-02-28,langata,0.637,54
2017-02-28,gigiri,0.364,66
2017-02-28,parklands,0.385,58
2017-02-28,upperhill,0.334,58
2017-02-28,kileleshwa,0.44,62
2017-02-28,runda,0.405,66
2017-02-28,muthaiga,0.56,66
2017-02-28,south-b,0.362,54
2017-02-28,south-c,0.46,50
2017-02-28,ngong-road,0.353,58
2017-02-28,thika-road,0.388,50
2017-03-01,westlands,0.771,104
2017-03-01,kilimani,0.585,98
2017-03-01,karen,0.564,104
2017-03-01,lavington,0.98,98
2017-03-01,langata,0.859,85
2017-03-01,gigiri,0.429,104
2017-03-01,parklands,0.454,92
2017-03-01,upperhill,0.382,92
2017-03-01,kileleshwa,0.526,98
2017-03-01,runda,0.504,104
2017-03-01,muthaiga,0.73,104
2017-03-01,south-b,0.415,85
2017-03-01,south-c,0.583,79
2017-03-01,ngong-road,0.418,92
2017-03-01,thika-road,0.444,79
2017-03-02,westlands,0.98,179
2017-03-02,kilimani,0.845,168
2017-03-02,karen,0.768,179
2017-03-02,lavington,0.98,168
2017-03-02,langata,0.98,147
2017-03-02,gigiri,0.556,179
2017-03-02,parklands,0.591,158
2017-03-02,upperhill,0.478,158
2017-03-02,kileleshwa,0.696,168
2017-03-02,runda,0.699,179
2017-03-02,muthaiga,0.98,179
2017-03-02,south-b,0.519,147
2017-03-02,south-c,0.824,136
2017-03-02,ngong-road,0.545,158
2017-03-02,thika-road,0.553,136
2017-03-03,westlands,0.821,96
2017-03-03,kilimani,0.648,90
2017-03-03,karen,0.632,96
2017-03-03,lavington,0.98,90
2017-03-03,langata,0.902,79
2017-03-03,gigiri,0.505,96
2017-03-03,parklands,0.529,84
2017-03-03,upperhill,0.462,84
2017-03-03,kileleshwa,0.598,90
2017-03-03,runda,0.573,96
2017-03-03,muthaiga,0.784,96
2017-03-03,south-b,0.494,79
2017-03-03,south-c,0.647,73
2017-03-03,ngong-road,0.494,84
2017-03-03,thika-road,0.522,73
2017-03-04,westlands,0.628,58
2017-03-04,kilimani,0.516,55
2017-03-04,karen,0.528,58
2017-03-04,lavington,0.887,55
2017-03-04,langata,0.68,48
2017-03-04,gigiri,0.441,58
2017-03-04,parklands,0.46,51
2017-03-04,upperhill,0.413,51
2017-03-04,kileleshwa,0.511,55
2017-03-04,runda,0.475,58
2017-03-04,muthaiga,0.615,58
2017-03-04,south-b,0.441,48
2017-03-04,south-c,0.525,44
2017-03-04,ngong-road,0.43,51
2017-03-04,thika-road,0.466,44
2017-03-05,westlands,0.98,129
2017-03-05,kilimani,0.762,121
2017-03-05,karen,0.722,129
2017-03-05,lavington,0.98,121
2017-03-05,langata,0.98,106
2017-03-05,gigiri,0.561,129
2017-03-05,parklands,0.59,114
2017-03-05,upperhill,0.504,114
2017-03-05,kileleshwa,0.672,121
2017-03-05,runda,0.659,129
2017-03-05,muthaiga,0.932,129
2017-03-05,south-b,0.54,106
2017-03-05,south-c,0.753,98
2017-03-05,ngong-road,0.55,114
2017-03-05,thika-road,0.57,98
2017-03-06,westlands,0.878,125
2017-03-06,kilimani,0.658,118
2017-03-06,karen,0.621,125
2017-03-06,lavington,0.98,118
2017-03-06,langata,0.98,103
2017-03-06,gigiri,0.464,125
2017-03-06,parklands,0.492,110
2017-03-06,upperhill,0.409,110
2017-03-06,kileleshwa,0.573,118
2017-03-06,runda,0.559,125
2017-03-06,muthaiga,0.824,125
2017-03-06,south-b,0.444,103
2017-03-06,south-c,0.65,95
2017-03-06,ngong-road,0.454,110
2017-03-06,thika-road,0.474,95
2017-03-07,westlands,0.736,97
2017-03-07,kilimani,0.561,91
2017-03-07,karen,0.545,97
2017-03-07,lavington,0.98,91
2017-03-07,langata,0.818,80
2017-03-07,gigiri,0.417,97
2017-03-07,parklands,0.441,85
2017-03-07,upperhill,0.373,85
2017-03-07,kileleshwa,0.51,91
2017-03-07,runda,0.486,97
2017-03-07,muthaiga,0.699,97
2017-03-07,south-b,0.405,80
2017-03-07,south-c,0.56,74
2017-03-07,ngong-road,0.406,85
2017-03-07,thika-road,0.433,74
2017-03-08,westlands,0.599,70
2017-03-08,kilimani,0.468,66
2017-03-08,karen,0.471,70
2017-03-08,lavington,0.91,66
2017-03-08,langata,0.66,57
2017-03-08,gigiri,0.371,70
2017-03-08,parklands,0.392,62
2017-03-08,upperhill,0.339,62
2017-03-08,kileleshwa,0.449,66
2017-03-08,runda,0.416,70
2017-03-08,muthaiga,0.578,70
2017-03-08,south-b,0.368,57
2017-03-08,south-c,0.473,53
2017-03-08,ngong-road,0.36,62
2017-03-08,thika-road,0.394,53
2017-03-09,westlands,0.812,112
2017-03-09,kilimani,0.613,105
2017-03-09,karen,0.585,112
2017-03-09,lavington,0.98,105
2017-03-09,langata,0.906,92
2017-03-09,gigiri,0.442,112
2017-03-09,parklands,0.469,99
2017-03-09,upperhill,0.392,99
2017-03-09,kileleshwa,0.544,105
2017-03-09,runda,0.525,112
2017-03-09,muthaiga,0.766,112
2017-03-09,south-b,0.426,92
2017-03-09,south-c,0.608,85
2017-03-09,ngong-road,0.432,99
2017-03-09,thika-road,0.455,85
2017-03-10,westlands,0.98,131
2017-03-10,kilimani,0.769,123
2017-03-10,karen,0.727,131
2017-03-10,lavington,0.98,123
2017-03-10,langata,0.98,107
2017-03-10,gigiri,0.564,131
2017-03-10,parklands,0.593,115
2017-03-10,upperhill,0.507,115
2017-03-10,kileleshwa,0.677,123
2017-03-10,runda,0.664,131
2017-03-10,muthaiga,0.941,131
2017-03-10,south-b,0.543,107
2017-03-10,south-c,0.759,100
2017-03-10,ngong-road,0.554,115
2017-03-10,thika-road,0.573,100
2017-03-11,westlands,0.856,103
2017-03-11,kilimani,0.672,97
2017-03-11,karen,0.651,103
2017-03-11,lavington,0.98,97
2017-03-11,langata,0.943,84
2017-03-11,gigiri,0.517,103
2017-03-11,parklands,0.542,91
2017-03-11,upperhill,0.471,91
2017-03-11,kileleshwa,0.613,97
2017-03-11,runda,0.591,103
2017-03-11,muthaiga,0.816,103
2017-03-11,south-b,0.504,84
2017-03-11,south-c,0.669,78
2017-03-11,ngong-road,0.506,91
2017-03-11,thika-road,0.532,78
2017-03-12,westlands,0.74,80
2017-03-12,kilimani,0.592,75
2017-03-12,karen,0.588,80
2017-03-12,lavington,0.98,75
2017-03-12,langata,0.809,66
2017-03-12,gigiri,0.478,80
2017-03-12,parklands,0.5,70
2017-03-12,upperhill,0.442,70
2017-03-12,kileleshwa,0.561,75
2017-03-12,runda,0.532,80
2017-03-12,muthaiga,0.713,80
2017-03-12,south-b,0.472,66
2017-03-12,south-c,0.595,61
2017-03-12,ngong-road,0.467,70
2017-03-12,thika-road,0.499,61
2017-03-13,westlands,0.913,132
2017-03-13,kilimani,0.682,124
2017-03-13,karen,0.64,132
2017-03-13,lavington,0.98,124
2017-03-13,langata,0.98,108
2017-03-13,gigiri,0.476,132
2017-03-13,parklands,0.505,116
2017-03-13,upperhill,0.418,116
2017-03-13,kileleshwa,0.589,124
2017-03-13,runda,0.577,132
2017-03-13,muthaiga,0.855,132
2017-03-13,south-b,0.454,108
2017-03-13,south-c,0.673,100
2017-03-13,ngong-road,0.466,116
2017-03-13,thika-road,0.485,100
2017-03-14,westlands,0.797,109
2017-03-14,kilimani,0.603,102
2017-03-14,karen,0.577,109
2017-03-14,lavington,0.98,102
2017-03-14,langata,0.888,89
2017-03-14,gigiri,0.437,109
2017-03-14,parklands,0.463,96
2017-03-14,upperhill,0.389,96
2017-03-14,kileleshwa,0.537,102
2017-03-14,runda,0.517,109
2017-03-14,muthaiga,0.753,109
2017-03-14,south-b,0.422,89
2017-03-14,south-c,0.599,83
2017-03-14,ngong-road,0.426,96
2017-03-14,thika-road,0.451,83
2017-03-15,westlands,0.797,109
2017-03-15,kilimani,0.603,102
2017-03-15,karen,0.577,109
2017-03-15,lavington,0.98,102
2017-03-15,langata,0.888,89
2017-03-15,gigiri,0.437,109
2017-03-15,parklands,0.463,96
2017-03-15,upperhill,0.389,96
2017-03-15,kileleshwa,0.537,102
2017-03-15,runda,0.517,109
2017-03-15,muthaiga,0.753,109
2017-03-15,south-b,0.422,89
2017-03-15,south-c,0.599,83
2017-03-15,ngong-road,0.426,96
2017-03-15,thika-road,0.451,83
2017-03-16,westlands,0.853,120
2017-03-16,kilimani,0.641,113
2017-03-16,karen,0.607,120
2017-03-16,lavington,0.98,113
2017-03-16,langata,0.953,98
2017-03-16,gigiri,0.456,120
2017-03-16,parklands,0.483,106
2017-03-16,upperhill,0.403,106
2017-03-16,kileleshwa,0.562,113
2017-03-16,runda,0.546,120
2017-03-16,muthaiga,0.802,120
2017-03-16,south-b,0.437,98
2017-03-16,south-c,0.634,91
2017-03-16,ngong-road,0.445,106
2017-03-16,thika-road,0.467,91
2017-03-17,westlands,0.821,96
2017-03-17,kilimani,0.648,90
2017-03-17,karen,0.632,96
2017-03-17,lavington,0.98,90
2017-03-17,langata,0.902,79
2017-03-17,gigiri,0.505,96
2017-03-17,parklands,0.529,84
2017-03-17,upperhill,0.462,84
2017-03-17,kileleshwa,0.598,90
2017-03-17,runda,0.573,96
2017-03-17,muthaiga,0.784,96
2017-03-17,south-b,0.494,79
2017-03-17,south-c,0.647,73
2017-03-17,ngong-road,0.494,84
2017-03-17,thika-road,0.522,73
2017-03-18,westlands,0.785,89
2017-03-18,kilimani,0.623,84
2017-03-18,karen,0.613,89
2017-03-18,lavington,0.98,84
2017-03-18,langata,0.861,73
2017-03-18,gigiri,0.493,89
2017-03-18,parklands,0.517,78
2017-03-18,upperhill,0.453,78
2017-03-18,kileleshwa,0.582,84
2017-03-18,runda,0.555,89
2017-03-18,muthaiga,0.753,89
2017-03-18,south-b,0.484,73
2017-03-18,south-c,0.624,68
2017-03-18,ngong-road,0.482,78
2017-03-18,thika-road,0.512,68
2017-03-19,westlands,0.937,119
2017-03-19,kilimani,0.727,112
2017-03-19,karen,0.695,119
2017-03-19,lavington,0.98,112
2017-03-19,langata,0.98,98
2017-03-19,gigiri,0.544,119
2017-03-19,parklands,0.571,105
2017-03-19,upperhill,0.491,105
2017-03-19,kileleshwa,0.65,112
2017-03-19,runda,0.633,119
2017-03-19,muthaiga,0.887,119
2017-03-19,south-b,0.526,98
2017-03-19,south-c,0.721,90
2017-03-19,ngong-road,0.533,105
2017-03-19,thika-road,0.556,90
2017-03-20,westlands,0.929,135
2017-03-20,kilimani,0.693,127
2017-03-20,karen,0.648,135
2017-03-20,lavington,0.98,127
2017-03-20,langata,0.98,111
2017-03-20,gigiri,0.481,135
2017-03-20,parklands,0.511,119
2017-03-20,upperhill,0.422,119
2017-03-20,kileleshwa,0.596,127
2017-03-20,runda,0.584,135
2017-03-20,muthaiga,0.869,135
2017-03-20,south-b,0.458,111
2017-03-20,south-c,0.682,103
2017-03-20,ngong-road,0.471,119
2017-03-20,thika-road,0.489,103
2017-03-21,westlands,0.609,72
2017-03-21,kilimani,0.475,68
2017-03-21,karen,0.476,72
2017-03-21,lavington,0.929,68
2017-03-21,langata,0.672,59
2017-03-21,gigiri,0.374,72
2017-03-21,parklands,0.396,63
2017-03-21,upperhill,0.341,63
2017-03-21,kileleshwa,0.453,68
2017-03-21,runda,0.421,72
2017-03-21,muthaiga,0.587,72
2017-03-21,south-b,0.37,59
2017-03-21,south-c,0.48,55
2017-03-21,ngong-road,0.364,63
2017-03-21,thika-road,0.397,55
2017-03-22,westlands,0.558,62
2017-03-22,kilimani,0.44,58
2017-03-22,karen,0.449,62
2017-03-22,lavington,0.835,58
2017-03-22,langata,0.613,51
2017-03-22,gigiri,0.357,62
2017-03-22,parklands,0.377,55
2017-03-22,upperhill,0.329,55
2017-03-22,kileleshwa,0.43,58
2017-03-22,runda,0.395,62
2017-03-22,muthaiga,0.542,62
2017-03-22,south-b,0.356,51
2017-03-22,south-c,0.447,47
2017-03-22,ngong-road,0.347,55
2017-03-22,thika-road,0.382,47
2017-03-23,westlands,0.7,90
2017-03-23,kilimani,0.537,85
2017-03-23,karen,0.525,90
2017-03-23,lavington,0.98,85
2017-03-23,langata,0.777,74
2017-03-23,gigiri,0.405,90
2017-03-23,parklands,0.428,79
2017-03-23,upperhill,0.364,79
2017-03-23,kileleshwa,0.494,85
2017-03-23,runda,0.468,90
2017-03-23,muthaiga,0.668,90
2017-03-23,south-b,0.395,74
2017-03-23,south-c,0.538,68
2017-03-23,ngong-road,0.394,79
2017-03-23,thika-road,0.423,68
2017-03-24,westlands,0.98,131
2017-03-24,kilimani,0.769,123
2017-03-24,karen,0.727,131
2017-03-24,lavington,0.98,123
2017-03-24,langata,0.98,107
2017-03-24,gigiri,0.564,131
2017-03-24,parklands,0.593,115
2017-03-24,upperhill,0.507,115
2017-03-24,kileleshwa,0.677,123
2017-03-24,runda,0.664,131
2017-03-24,muthaiga,0.941,131
2017-03-24,south-b,0.543,107
2017-03-24,south-c,0.759,100
2017-03-24,ngong-road,0.554,115
2017-03-24,thika-road,0.573,100
2017-03-25,westlands,0.8,92
2017-03-25,kilimani,0.634,86
2017-03-25,karen,0.621,92
2017-03-25,lavington,0.98,86
2017-03-25,langata,0.879,75
2017-03-25,gigiri,0.498,92
2017-03-25,parklands,0.522,81
2017-03-25,upperhill,0.457,81
2017-03-25,kileleshwa,0.589,86
2017-03-25,runda,0.563,92
2017-03-25,muthaiga,0.767,92
2017-03-25,south-b,0.488,75
2017-03-25,south-c,0.634,70
2017-03-25,ngong-road,0.488,81
2017-03-25,thika-road,0.516,70
2017-03-26,westlands,0.806,93
2017-03-26,kilimani,0.637,87
2017-03-26,karen,0.624,93
2017-03-26,lavington,0.98,87
2017-03-26,langata,0.885,76
2017-03-26,gigiri,0.5,93
2017-03-26,parklands,0.524,82
2017-03-26,upperhill,0.458,82
2017-03-26,kileleshwa,0.591,87
2017-03-26,runda,0.566,93
2017-03-26,muthaiga,0.771,93
2017-03-26,south-b,0.49,76
2017-03-26,south-c,0.637,71
2017-03-26,ngong-road,0.489,82
2017-03-26,thika-road,0.518,71
2017-03-27,westlands,0.822,114
2017-03-27,kilimani,0.62,107
2017-03-27,karen,0.591,114
2017-03-27,lavington,0.98,107
2017-03-27,langata,0.918,93
2017-03-27,gigiri,0.446,114
2017-03-27,parklands,0.472,100
2017-03-27,upperhill,0.395,100
2017-03-27,kileleshwa,0.548,107
2017-03-27,runda,0.53,114
2017-03-27,muthaiga,0.775,114
2017-03-27,south-b,0.429,93
2017-03-27,south-c,0.615,87
2017-03-27,ngong-road,0.435,100
2017-03-27,thika-road,0.458,87
2017-03-28,westlands,0.584,67
2017-03-28,kilimani,0.457,63
2017-03-28,karen,0.463,67
2017-03-28,lavington,0.882,63
2017-03-28,langata,0.643,55
2017-03-28,gigiri,0.366,67
2017-03-28,parklands,0.386,59
2017-03-28,upperhill,0.335,59
2017-03-28,kileleshwa,0.442,63
2017-03-28,runda,0.408,67
2017-03-28,muthaiga,0.565,67
2017-03-28,south-b,0.363,55
2017-03-28,south-c,0.464,51
2017-03-28,ngong-road,0.355,59
2017-03-28,thika-road,0.39,51
2017-03-29,westlands,0.903,130
2017-03-29,kilimani,0.675,122
2017-03-29,karen,0.635,130
2017-03-29,lavington,0.98,122
2017-03-29,langata,0.98,107
2017-03-29,gigiri,0.473,130
2017-03-29,parklands,0.501,114
2017-03-29,upperhill,0.415,114
2017-03-29,kileleshwa,0.585,122
2017-03-29,runda,0.572,130
2017-03-29,muthaiga,0.846,130
2017-03-29,south-b,0.451,107
2017-03-29,south-c,0.666,99
2017-03-29,ngong-road,0.462,114
2017-03-29,thika-road,0.482,99
2017-03-30,westlands,0.873,124
2017-03-30,kilimani,0.655,117
2017-03-30,karen,0.618,124
2017-03-30,lavington,0.98,117
2017-03-30,langata,0.976,102
2017-03-30,gigiri,0.463,124
2017-03-30,parklands,0.49,109
2017-03-30,upperhill,0.408,109
2017-03-30,kileleshwa,0.571,117
2017-03-30,runda,0.556,124
2017-03-30,muthaiga,0.82,124
2017-03-30,south-b,0.443,102
2017-03-30,south-c,0.647,94
2017-03-30,ngong-road,0.452,109
2017-03-30,thika-road,0.473,94
2017-03-31,westlands,0.98,130
2017-03-31,kilimani,0.765,122
2017-03-31,karen,0.725,130
2017-03-31,lavington,0.98,122
2017-03-31,langata,0.98,107
2017-03-31,gigiri,0.563,130
2017-03-31,parklands,0.591,114
2017-03-31,upperhill,0.505,114
2017-03-31,kileleshwa,0.675,122
2017-03-31,runda,0.662,130
2017-03-31,muthaiga,0.936,130
2017-03-31,south-b,0.541,107
2017-03-31,south-c,0.756,99
2017-03-31,ngong-road,0.552,114
2017-03-31,thika-road,0.572,99
2017-04-01,westlands,0.77,86
2017-04-01,kilimani,0.613,81
2017-04-01,karen,0.605,86
2017-04-01,lavington,0.98,81
2017-04-01,langata,0.844,71
2017-04-01,gigiri,0.488,86
2017-04-01,parklands,0.511,76
2017-04-01,upperhill,0.449,76
2017-04-01,kileleshwa,0.575,81
2017-04-01,runda,0.547,86
2017-04-01,muthaiga,0.74,86
2017-04-01,south-b,0.48,71
2017-04-01,south-c,0.615,65
2017-04-01,ngong-road,0.477,76
2017-04-01,thika-road,0.507,65
2017-04-02,westlands,0.714,75
2017-04-02,kilimani,0.575,71
2017-04-02,karen,0.575,75
2017-04-02,lavington,0.98,71
2017-04-02,langata,0.779,61
2017-04-02,gigiri,0.469,75
2017-04-02,parklands,0.491,66
2017-04-02,upperhill,0.435,66
2017-04-02,kileleshwa,0.55,71
2017-04-02,runda,0.519,75
2017-04-02,muthaiga,0.691,75
2017-04-02,south-b,0.465,61
2017-04-02,south-c,0.579,57
2017-04-02,ngong-road,0.459,66
2017-04-02,thika-road,0.491,57
2017-04-03,westlands,0.954,140
2017-04-03,kilimani,0.71,132
2017-04-03,karen,0.662,140
2017-04-03,lavington,0.98,132
2017-04-03,langata,0.98,115
2017-04-03,gigiri,0.49,140
2017-04-03,parklands,0.52,123
2017-04-03,upperhill,0.428,123
2017-04-03,kileleshwa,0.607,132
2017-04-03,runda,0.597,140
2017-04-03,muthaiga,0.891,140
2017-04-03,south-b,0.465,115
2017-04-03,south-c,0.698,106
2017-04-03,ngong-road,0.479,123
2017-04-03,thika-road,0.496,106
2017-04-04,westlands,0.553,61
2017-04-04,kilimani,0.436,57
2017-04-04,karen,0.446,61
2017-04-04,lavington,0.826,57
2017-04-04,langata,0.608,50
2017-04-04,gigiri,0.356,61
2017-04-04,parklands,0.375,54
2017-04-04,upperhill,0.327,54
2017-04-04,kileleshwa,0.428,57
2017-04-04,runda,0.392,61
2017-04-04,muthaiga,0.538,61
2017-04-04,south-b,0.355,50
2017-04-04,south-c,0.444,46
2017-04-04,ngong-road,0.345,54
2017-04-04,thika-road,0.381,46
2017-04-05,westlands,0.98,159
2017-04-05,kilimani,0.776,149
2017-04-05,karen,0.714,159
2017-04-05,lavington,0.98,149
2017-04-05,langata,0.98,130
2017-04-05,gigiri,0.522,159
2017-04-05,parklands,0.554,140
2017-04-05,upperhill,0.453,140
2017-04-05,kileleshwa,0.65,149
2017-04-05,runda,0.647,159
2017-04-05,muthaiga,0.976,159
2017-04-05,south-b,0.491,130
2017-04-05,south-c,0.76,121
2017-04-05,ngong-road,0.511,140
2017-04-05,thika-road,0.524,121
2017-04-06,westlands,0.716,93
2017-04-06,kilimani,0.547,87
2017-04-06,karen,0.534,93
2017-04-06,lavington,0.98,87
2017-04-06,langata,0.795,76
2017-04-06,gigiri,0.41,93
2017-04-06,parklands,0.434,82
2017-04-06,upperhill,0.368,82
2017-04-06,kileleshwa,0.501,87
2017-04-06,runda,0.476,93
2017-04-06,muthaiga,0.681,93
2017-04-06,south-b,0.4,76
2017-04-06,south-c,0.547,71
2017-04-06,ngong-road,0.399,82
2017-04-06,thika-road,0.428,71
2017-04-07,westlands,0.745,81
2017-04-07,kilimani,0.596,76
2017-04-07,karen,0.591,81
2017-04-07,lavington,0.98,76
2017-04-07,langata,0.815,66
2017-04-07,gigiri,0.48,81
2017-04-07,parklands,0.502,71
2017-04-07,upperhill,0.443,71
2017-04-07,kileleshwa,0.564,76
2017-04-07,runda,0.534,81
2017-04-07,muthaiga,0.717,81
2017-04-07,south-b,0.473,66
2017-04-07,south-c,0.599,62
2017-04-07,ngong-road,0.469,71
2017-04-07,thika-road,0.5,62
2017-04-08,westlands,0.897,111
2017-04-08,kilimani,0.7,104
2017-04-08,karen,0.673,111
2017-04-08,lavington,0.98,104
2017-04-08,langata,0.98,91
2017-04-08,gigiri,0.531,111
2017-04-08,parklands,0.557,98
2017-04-08,upperhill,0.481,98
2017-04-08,kileleshwa,0.632,104
2017-04-08,runda,0.612,111
2017-04-08,muthaiga,0.851,111
2017-04-08,south-b,0.515,91
2017-04-08,south-c,0.695,84
2017-04-08,ngong-road,0.52,98
2017-04-08,thika-road,0.544,84
2017-04-09,westlands,0.98,139
2017-04-09,kilimani,0.796,131
2017-04-09,karen,0.749,139
2017-04-09,lavington,0.98,131
2017-04-09,langata,0.98,114
2017-04-09,gigiri,0.578,139
2017-04-09,parklands,0.608,122
2017-04-09,upperhill,0.517,122
2017-04-09,kileleshwa,0.695,131
2017-04-09,runda,0.685,139
2017-04-09,muthaiga,0.977,139
2017-04-09,south-b,0.554,114
2017-04-09,south-c,0.785,106
2017-04-09,ngong-road,0.567,122
2017-04-09,thika-road,0.585,106
2017-04-10,westlands,0.837,117
2017-04-10,kilimani,0.63,110
2017-04-10,karen,0.599,117
2017-04-10,lavington,0.98,110
2017-04-10,langata,0.935,96
2017-04-10,gigiri,0.451,117
2017-04-10,parklands,0.478,103
2017-04-10,upperhill,0.399,103
2017-04-10,kileleshwa,0.555,110
2017-04-10,runda,0.538,117
2017-04-10,muthaiga,0.788,117
2017-04-10,south-b,0.433,96
2017-04-10,south-c,0.624,89
2017-04-10,ngong-road,0.44,103
2017-04-10,thika-road,0.463,89
2017-04-11,westlands,0.761,102
2017-04-11,kilimani,0.578,96
2017-04-11,karen,0.558,102
2017-04-11,lavington,0.98,96
2017-04-11,langata,0.848,84
2017-04-11,gigiri,0.425,102
2017-04-11,parklands,0.45,90
2017-04-11,upperhill,0.38,90
2017-04-11,kileleshwa,0.521,96
2017-04-11,runda,0.499,102
2017-04-11,muthaiga,0.721,102
2017-04-11,south-b,0.412,84
2017-04-11,south-c,0.576,78
2017-04-11,ngong-road,0.415,90
2017-04-11,thika-road,0.441,78
2017-04-12,westlands,0.68,86
2017-04-12,kilimani,0.523,81
2017-04-12,karen,0.515,86
2017-04-12,lavington,0.98,81
2017-04-12,langata,0.754,71
2017-04-12,gigiri,0.398,86
2017-04-12,parklands,0.421,76
2017-04-12,upperhill,0.359,76
2017-04-12,kileleshwa,0.485,81
2017-04-12,runda,0.457,86
2017-04-12,muthaiga,0.65,86
2017-04-12,south-b,0.39,71
2017-04-12,south-c,0.525,65
2017-04-12,ngong-road,0.387,76
2017-04-12,thika-road,0.417,65
2017-04-13,westlands,0.893,128
2017-04-13,kilimani,0.668,120
2017-04-13,karen,0.629,128
2017-04-13,lavington,0.98,120
2017-04-13,langata,0.98,105
2017-04-13,gigiri,0.469,128
2017-04-13,parklands,0.498,113
2017-04-13,upperhill,0.413,113
2017-04-13,kileleshwa,0.58,120
2017-04-13,runda,0.566,128
2017-04-13,muthaiga,0.837,128
2017-04-13,south-b,0.448,105
2017-04-13,south-c,0.66,97
2017-04-13,ngong-road,0.459,113
2017-04-13,thika-road,0.479,97
2017-04-14,westlands,0.948,121
2017-04-14,kilimani,0.734,114
2017-04-14,karen,0.7,121
2017-04-14,lavington,0.98,114
2017-04-14,langata,0.98,99
2017-04-14,gigiri,0.547,121
2017-04-14,parklands,0.575,106
2017-04-14,upperhill,0.494,106
2017-04-14,kileleshwa,0.654,114
2017-04-14,runda,0.638,121
2017-04-14,muthaiga,0.896,121
2017-04-14,south-b,0.529,99
2017-04-14,south-c,0.727,92
2017-04-14,ngong-road,0.537,106
2017-04-14,thika-road,0.559,92
2017-04-15,westlands,0.841,100
2017-04-15,kilimani,0.661,94
2017-04-15,karen,0.643,100
2017-04-15,lavington,0.98,94
2017-04-15,langata,0.926,82
2017-04-15,gigiri,0.512,100
2017-04-15,parklands,0.537,88
2017-04-15,upperhill,0.467,88
2017-04-15,kileleshwa,0.607,94
2017-04-15,runda,0.584,100
2017-04-15,muthaiga,0.802,100
2017-04-15,south-b,0.499,82
2017-04-15,south-c,0.66,76
2017-04-15,ngong-road,0.501,88
2017-04-15,thika-road,0.528,76
2017-04-16,westlands,0.765,85
2017-04-16,kilimani,0.61,80
2017-04-16,karen,0.602,85
2017-04-16,lavington,0.98,80
2017-04-16,langata,0.838,70
2017-04-16,gigiri,0.486,85
2017-04-16,parklands,0.509,75
2017-04-16,upperhill,0.448,75
2017-04-16,kileleshwa,0.573,80
2017-04-16,runda,0.545,85
2017-04-16,muthaiga,0.735,85
2017-04-16,south-b,0.478,70
2017-04-16,south-c,0.611,65
2017-04-16,ngong-road,0.476,75
2017-04-16,thika-road,0.506,65
2017-04-17,westlands,0.837,117
2017-04-17,kilimani,0.63,110
2017-04-17,karen,0.599,117
2017-04-17,lavington,0.98,110
2017-04-17,langata,0.935,96
2017-04-17,gigiri,0.451,117
2017-04-17,parklands,0.478,103
2017-04-17,upperhill,0.399,103
2017-04-17,kileleshwa,0.555,110
2017-04-17,runda,0.538,117
2017-04-17,muthaiga,0.788,117
2017-04-17,south-b,0.433,96
2017-04-17,south-c,0.624,89
2017-04-17,ngong-road,0.44,103
2017-04-17,thika-road,0.463,89
2017-04-18,westlands,0.695,89
2017-04-18,kilimani,0.533,84
2017-04-18,karen,0.523,89
2017-04-18,lavington,0.98,84
2017-04-18,langata,0.771,73
2017-04-18,gigiri,0.403,89
2017-04-18,parklands,0.427,78
2017-04-18,upperhill,0.363,78
2017-04-18,kileleshwa,0.492,84
2017-04-18,runda,0.465,89
2017-04-18,muthaiga,0.663,89
2017-04-18,south-b,0.394,73
2017-04-18,south-c,0.534,68
2017-04-18,ngong-road,0.392,78
2017-04-18,thika-road,0.422,68
2017-04-19,westlands,0.822,114
2017-04-19,kilimani,0.62,107
2017-04-19,karen,0.591,114
2017-04-19,lavington,0.98,107
2017-04-19,langata,0.918,93
2017-04-19,gigiri,0.446,114
2017-04-19,parklands,0.472,100
2017-04-19,upperhill,0.395,100
2017-04-19,kileleshwa,0.548,107
2017-04-19,runda,0.53,114
2017-04-19,muthaiga,0.775,114
2017-04-19,south-b,0.429,93
2017-04-19,south-c,0.615,87
2017-04-19,ngong-road,0.435,100
2017-04-19,thika-road,0.458,87
2017-04-20,westlands,0.746,99
2017-04-20,kilimani,0.568,93
2017-04-20,karen,0.55,99
2017-04-20,lavington,0.98,93
2017-04-20,langata,0.83,81
2017-04-20,gigiri,0.42,99
2017-04-20,parklands,0.445,87
2017-04-20,upperhill,0.376,87
2017-04-20,kileleshwa,0.514,93
2017-04-20,runda,0.491,99
2017-04-20,muthaiga,0.708,99
2017-04-20,south-b,0.408,81
2017-04-20,south-c,0.566,75
2017-04-20,ngong-road,0.409,87
2017-04-20,thika-road,0.436,75
2017-04-21,westlands,0.836,99
2017-04-21,kilimani,0.658,93
2017-04-21,karen,0.64,99
2017-04-21,lavington,0.98,93
2017-04-21,langata,0.92,81
2017-04-21,gigiri,0.51,99
2017-04-21,parklands,0.535,87
2017-04-21,upperhill,0.466,87
2017-04-21,kileleshwa,0.604,93
2017-04-21,runda,0.581,99
2017-04-21,muthaiga,0.798,99
2017-04-21,south-b,0.498,81
2017-04-21,south-c,0.656,75
2017-04-21,ngong-road,0.499,87
2017-04-21,thika-road,0.526,75
2017-04-22,westlands,0.866,105
2017-04-22,kilimani,0.679,99
2017-04-22,karen,0.656,105
2017-04-22,lavington,0.98,99
2017-04-22,langata,0.955,86
2017-04-22,gigiri,0.52,105
2017-04-22,parklands,0.546,92
2017-04-22,upperhill,0.474,92
2017-04-22,kileleshwa,0.618,99
2017-04-22,runda,0.597,105
2017-04-22,muthaiga,0.825,105
2017-04-22,south-b,0.506,86
2017-04-22,south-c,0.676,80
2017-04-22,ngong-road,0.51,92
2017-04-22,thika-road,0.535,80
2017-04-23,westlands,0.887,109
2017-04-23,kilimani,0.693,102
2017-04-23,karen,0.667,109
2017-04-23,lavington,0.98,102
2017-04-23,langata,0.978,89
2017-04-23,gigiri,0.527,109
2017-04-23,parklands,0.553,96
2017-04-23,upperhill,0.479,96
2017-04-23,kileleshwa,0.627,102
2017-04-23,runda,0.607,109
2017-04-23,muthaiga,0.843,109
2017-04-23,south-b,0.512,89
2017-04-23,south-c,0.689,83
2017-04-23,ngong-road,0.516,96
2017-04-23,thika-road,0.541,83
2017-04-24,westlands,0.731,96
2017-04-24,kilimani,0.558,90
2017-04-24,karen,0.542,96
2017-04-24,lavington,0.98,90
2017-04-24,langata,0.812,79
2017-04-24,gigiri,0.415,96
2017-04-24,parklands,0.439,84
2017-04-24,upperhill,0.372,84
2017-04-24,kileleshwa,0.508,90
2017-04-24,runda,0.483,96
2017-04-24,muthaiga,0.694,96
2017-04-24,south-b,0.404,79
2017-04-24,south-c,0.557,73
2017-04-24,ngong-road,0.404,84
2017-04-24,thika-road,0.432,73
2017-04-25,westlands,0.629,76
2017-04-25,kilimani,0.488,71
2017-04-25,karen,0.487,76
2017-04-25,lavington,0.966,71
2017-04-25,langata,0.695,62
2017-04-25,gigiri,0.381,76
2017-04-25,parklands,0.403,67
2017-04-25,upperhill,0.346,67
2017-04-25,kileleshwa,0.462,71
2017-04-25,runda,0.431,76
2017-04-25,muthaiga,0.605,76
2017-04-25,south-b,0.376,62
2017-04-25,south-c,0.492,58
2017-04-25,ngong-road,0.37,67
2017-04-25,thika-road,0.403,58
2017-04-26,westlands,0.624,75
2017-04-26,kilimani,0.485,71
2017-04-26,karen,0.485,75
2017-04-26,lavington,0.957,71
2017-04-26,langata,0.689,61
2017-04-26,gigiri,0.379,75
2017-04-26,parklands,0.401,66
2017-04-26,upperhill,0.345,66
2017-04-26,kileleshwa,0.46,71
2017-04-26,runda,0.429,75
2017-04-26,muthaiga,0.601,75
2017-04-26,south-b,0.375,61
2017-04-26,south-c,0.489,57
2017-04-26,ngong-road,0.369,66
2017-04-26,thika-road,0.401,57
2017-04-27,westlands,0.781,106
2017-04-27,kilimani,0.592,100
2017-04-27,karen,0.569,106
2017-04-27,lavington,0.98,100
2017-04-27,langata,0.871,87
2017-04-27,gigiri,0.432,106
2017-04-27,parklands,0.458,93
2017-04-27,upperhill,0.385,93
2017-04-27,kileleshwa,0.53,100
2017-04-27,runda,0.509,106
2017-04-27,muthaiga,0.739,106
2017-04-27,south-b,0.418,87
2017-04-27,south-c,0.589,81
2017-04-27,ngong-road,0.421,93
2017-04-27,thika-road,0.447,81
2017-04-28,westlands,0.98,161
2017-04-28,kilimani,0.873,151
2017-04-28,karen,0.809,161
2017-04-28,lavington,0.98,151
2017-04-28,langata,0.98,132
2017-04-28,gigiri,0.615,161
2017-04-28,parklands,0.648,142
2017-04-28,upperhill,0.545,142
2017-04-28,kileleshwa,0.745,151
2017-04-28,runda,0.742,161
2017-04-28,muthaiga,0.98,161
2017-04-28,south-b,0.584,132
2017-04-28,south-c,0.856,122
2017-04-28,ngong-road,0.605,142
2017-04-28,thika-road,0.617,122
2017-04-29,westlands,0.98,169
2017-04-29,kilimani,0.9,159
2017-04-29,karen,0.831,169
2017-04-29,lavington,0.98,159
2017-04-29,langata,0.98,139
2017-04-29,gigiri,0.629,169
2017-04-29,parklands,0.663,149
2017-04-29,upperhill,0.555,149
2017-04-29,kileleshwa,0.763,159
2017-04-29,runda,0.763,169
2017-04-29,muthaiga,0.98,169
2017-04-29,south-b,0.595,139
2017-04-29,south-c,0.882,128
2017-04-29,ngong-road,0.618,149
2017-04-29,thika-road,0.629,128
2017-04-30,westlands,0.836,99
2017-04-30,kilimani,0.658,93
2017-04-30,karen,0.64,99
2017-04-30,lavington,0.98,93
2017-04-30,langata,0.92,81
2017-04-30,gigiri,0.51,99
2017-04-30,parklands,0.535,87
2017-04-30,upperhill,0.466,87
2017-04-30,kileleshwa,0.604,93
2017-04-30,runda,0.581,99
2017-04-30,muthaiga,0.798,99
2017-04-30,south-b,0.498,81
2017-04-30,south-c,0.656,75
2017-04-30,ngong-road,0.499,87
2017-04-30,thika-road,0.526,75
2017-05-01,westlands,0.837,117
2017-05-01,kilimani,0.63,110
2017-05-01,karen,0.599,117
2017-05-01,lavington,0.98,110
2017-05-01,langata,0.935,96
2017-05-01,gigiri,0.451,117
2017-05-01,parklands,0.478,103
2017-05-01,upperhill,0.399,103
2017-05-01,kileleshwa,0.555,110
2017-05-01,runda,0.538,117
2017-05-01,muthaiga,0.788,117
2017-05-01,south-b,0.433,96
2017-05-01,south-c,0.624,89
2017-05-01,ngong-road,0.44,103
2017-05-01,thika-road,0.463,89
2017-05-02,westlands,0.913,132
2017-05-02,kilimani,0.682,124
2017-05-02,karen,0.64,132
2017-05-02,lavington,0.98,124
2017-05-02,langata,0.98,108
2017-05-02,gigiri,0.476,132
2017-05-02,parklands,0.505,116
2017-05-02,upperhill,0.418,116
2017-05-02,kileleshwa,0.589,124
2017-05-02,runda,0.577,132
2017-05-02,muthaiga,0.855,132
2017-05-02,south-b,0.454,108
2017-05-02,south-c,0.673,100
2017-05-02,ngong-road,0.466,116
2017-05-02,thika-road,0.485,100
2017-05-03,westlands,0.71,92
2017-05-03,kilimani,0.544,86
2017-05-03,karen,0.531,92
2017-05-03,lavington,0.98,86
2017-05-03,langata,0.789,75
2017-05-03,gigiri,0.408,92
2017-05-03,parklands,0.432,81
2017-05-03,upperhill,0.367,81
2017-05-03,kileleshwa,0.499,86
2017-05-03,runda,0.473,92
2017-05-03,muthaiga,0.677,92
2017-05-03,south-b,0.398,75
2017-05-03,south-c,0.544,70
2017-05-03,ngong-road,0.398,81
2017-05-03,thika-road,0.426,70
2017-05-04,westlands,0.792,108
2017-05-04,kilimani,0.599,102
2017-05-04,karen,0.575,108
2017-05-04,lavington,0.98,102
2017-05-04,langata,0.883,89
2017-05-04,gigiri,0.435,108
2017-05-04,parklands,0.461,95
2017-05-04,upperhill,0.387,95
2017-05-04,kileleshwa,0.535,102
2017-05-04,runda,0.514,108
2017-05-04,muthaiga,0.748,108
2017-05-04,south-b,0.42,89
2017-05-04,south-c,0.595,82
2017-05-04,ngong-road,0.425,95
2017-05-04,thika-road,0.45,82
2017-05-05,westlands,0.98,135
2017-05-05,kilimani,0.783,127
2017-05-05,karen,0.738,135
2017-05-05,lavington,0.98,127
2017-05-05,langata,0.98,111
2017-05-05,gigiri,0.571,135
2017-05-05,parklands,0.601,119
2017-05-05,upperhill,0.512,119
2017-05-05,kileleshwa,0.686,127
2017-05-05,runda,0.674,135
2017-05-05,muthaiga,0.959,135
2017-05-05,south-b,0.548,111
2017-05-05,south-c,0.772,103
2017-05-05,ngong-road,0.561,119
2017-05-05,thika-road,0.579,103
2017-05-06,westlands,0.877,107
2017-05-06,kilimani,0.686,101
2017-05-06,karen,0.662,107
2017-05-06,lavington,0.98,101
2017-05-06,langata,0.967,88
2017-05-06,gigiri,0.524,107
2017-05-06,parklands,0.549,94
2017-05-06,upperhill,0.476,94
2017-05-06,kileleshwa,0.623,101
2017-05-06,runda,0.602,107
2017-05-06,muthaiga,0.834,107
2017-05-06,south-b,0.509,88
2017-05-06,south-c,0.682,81
2017-05-06,ngong-road,0.513,94
2017-05-06,thika-road,0.538,81
2017-05-07,westlands,0.78,88
2017-05-07,kilimani,0.62,83
2017-05-07,karen,0.61,88
2017-05-07,lavington,0.98,83
2017-05-07,langata,0.856,72
2017-05-07,gigiri,0.491,88
2017-05-07,parklands,0.515,77
2017-05-07,upperhill,0.452,77
2017-05-07,kileleshwa,0.579,83
2017-05-07,runda,0.553,88
2017-05-07,muthaiga,0.749,88
2017-05-07,south-b,0.483,72
2017-05-07,south-c,0.621,67
2017-05-07,ngong-road,0.481,77
2017-05-07,thika-road,0.51,67
2017-05-08,westlands,0.939,137
2017-05-08,kilimani,0.7,129
2017-05-08,karen,0.654,137
2017-05-08,lavington,0.98,129
2017-05-08,langata,0.98,112
2017-05-08,gigiri,0.485,137
2017-05-08,parklands,0.514,121
2017-05-08,upperhill,0.424,121
2017-05-08,kileleshwa,0.601,129
2017-05-08,runda,0.59,137
2017-05-08,muthaiga,0.878,137
2017-05-08,south-b,0.461,112
2017-05-08,south-c,0.689,104
2017-05-08,ngong-road,0.474,121
2017-05-08,thika-road,0.492,104
2017-05-09,westlands,0.969,143
2017-05-09,kilimani,0.72,134
2017-05-09,karen,0.67,143
2017-05-09,lavington,0.98,134
2017-05-09,langata,0.98,117
2017-05-09,gigiri,0.495,143
2017-05-09,parklands,0.525,126
2017-05-09,upperhill,0.432,126
2017-05-09,kileleshwa,0.614,134
2017-05-09,runda,0.605,143
2017-05-09,muthaiga,0.904,143
2017-05-09,south-b,0.469,117
2017-05-09,south-c,0.708,109
2017-05-09,ngong-road,0.484,126
2017-05-09,thika-road,0.501,109
2017-05-10,westlands,0.675,85
2017-05-10,kilimani,0.52,80
2017-05-10,karen,0.512,85
2017-05-10,lavington,0.98,80
2017-05-10,langata,0.748,70
2017-05-10,gigiri,0.396,85
2017-05-10,parklands,0.419,75
2017-05-10,upperhill,0.358,75
2017-05-10,kileleshwa,0.483,80
2017-05-10,runda,0.455,85
2017-05-10,muthaiga,0.645,85
2017-05-10,south-b,0.388,70
2017-05-10,south-c,0.521,65
2017-05-10,ngong-road,0.386,75
2017-05-10,thika-road,0.416,65
2017-05-11,westlands,0.888,127
2017-05-11,kilimani,0.665,119
2017-05-11,karen,0.626,127
2017-05-11,lavington,0.98,119
2017-05-11,langata,0.98,104
2017-05-11,gigiri,0.468,127
2017-05-11,parklands,0.496,112
2017-05-11,upperhill,0.412,112
2017-05-11,kileleshwa,0.578,119
2017-05-11,runda,0.564,127
2017-05-11,muthaiga,0.833,127
2017-05-11,south-b,0.447,104
2017-05-11,south-c,0.657,97
2017-05-11,ngong-road,0.457,112
2017-05-11,thika-road,0.477,97
2017-05-12,westlands,0.821,96
2017-05-12,kilimani,0.648,90
2017-05-12,karen,0.632,96
2017-05-12,lavington,0.98,90
2017-05-12,langata,0.902,79
2017-05-12,gigiri,0.505,96
2017-05-12,parklands,0.529,84
2017-05-12,upperhill,0.462,84
2017-05-12,kileleshwa,0.598,90
2017-05-12,runda,0.573,96
2017-05-12,muthaiga,0.784,96
2017-05-12,south-b,0.494,79
2017-05-12,south-c,0.647,73
2017-05-12,ngong-road,0.494,84
2017-05-12,thika-road,0.522,73
2017-05-13,westlands,0.871,106
2017-05-13,kilimani,0.682,100
2017-05-13,karen,0.659,106
2017-05-13,lavington,0.98,100
2017-05-13,langata,0.961,87
2017-05-13,gigiri,0.522,106
2017-05-13,parklands,0.548,93
2017-05-13,upperhill,0.475,93
2017-05-13,kileleshwa,0.62,100
2017-05-13,runda,0.599,106
2017-05-13,muthaiga,0.829,106
2017-05-13,south-b,0.508,87
2017-05-13,south-c,0.679,81
2017-05-13,ngong-road,0.511,93
2017-05-13,thika-road,0.537,81
2017-05-14,westlands,0.98,130
2017-05-14,kilimani,0.765,122
2017-05-14,karen,0.725,130
2017-05-14,lavington,0.98,122
2017-05-14,langata,0.98,107
2017-05-14,gigiri,0.563,130
2017-05-14,parklands,0.591,114
2017-05-14,upperhill,0.505,114
2017-05-14,kileleshwa,0.675,122
2017-05-14,runda,0.662,130
2017-05-14,muthaiga,0.936,130
2017-05-14,south-b,0.541,107
2017-05-14,south-c,0.756,99
2017-05-14,ngong-road,0.552,114
2017-05-14,thika-road,0.572,99
2017-05-15,westlands,0.863,122
2017-05-15,kilimani,0.648,115
2017-05-15,karen,0.613,122
2017-05-15,lavington,0.98,115
2017-05-15,langata,0.965,100
2017-05-15,gigiri,0.459,122
2017-05-15,parklands,0.487,107
2017-05-15,upperhill,0.405,107
2017-05-15,kileleshwa,0.567,115
2017-05-15,runda,0.551,122
2017-05-15,muthaiga,0.811,122
2017-05-15,south-b,0.44,100
2017-05-15,south-c,0.641,93
2017-05-15,ngong-road,0.449,107
2017-05-15,thika-road,0.47,93
2017-05-16,westlands,0.71,92
2017-05-16,kilimani,0.544,86
2017-05-16,karen,0.531,92
2017-05-16,lavington,0.98,86
2017-05-16,langata,0.789,75
2017-05-16,gigiri,0.408,92
2017-05-16,parklands,0.432,81
2017-05-16,upperhill,0.367,81
2017-05-16,kileleshwa,0.499,86
2017-05-16,runda,0.473,92
2017-05-16,muthaiga,0.677,92
2017-05-16,south-b,0.398,75
2017-05-16,south-c,0.544,70
2017-05-16,ngong-road,0.398,81
2017-05-16,thika-road,0.426,70
2017-05-17,westlands,0.807,111
2017-05-17,kilimani,0.61,104
2017-05-17,karen,0.583,111
2017-05-17,lavington,0.98,104
2017-05-17,langata,0.9,91
2017-05-17,gigiri,0.441,111
2017-05-17,parklands,0.467,98
2017-05-17,upperhill,0.391,98
2017-05-17,kileleshwa,0.542,104
2017-05-17,runda,0.522,111
2017-05-17,muthaiga,0.761,111
2017-05-17,south-b,0.425,91
2017-05-17,south-c,0.605,84
2017-05-17,ngong-road,0.43,98
2017-05-17,thika-road,0.454,84
2017-05-18,westlands,0.842,118
2017-05-18,kilimani,0.634,111
2017-05-18,karen,0.602,118
2017-05-18,lavington,0.98,111
2017-05-18,langata,0.941,97
2017-05-18,gigiri,0.452,118
2017-05-18,parklands,0.48,104
2017-05-18,upperhill,0.4,104
2017-05-18,kileleshwa,0.557,111
2017-05-18,runda,0.54,118
2017-05-18,muthaiga,0.793,118
2017-05-18,south-b,0.434,97
2017-05-18,south-c,0.628,90
2017-05-18,ngong-road,0.442,104
2017-05-18,thika-road,0.464,90
2017-05-19,westlands,0.795,91
2017-05-19,kilimani,0.63,86
2017-05-19,karen,0.618,91
2017-05-19,lavington,0.98,86
2017-05-19,langata,0.873,75
2017-05-19,gigiri,0.497,91
2017-05-19,parklands,0.52,80
2017-05-19,upperhill,0.456,80
2017-05-19,kileleshwa,0.586,86
2017-05-19,runda,0.56,91
2017-05-19,muthaiga,0.762,91
2017-05-19,south-b,0.487,75
2017-05-19,south-c,0.631,69
2017-05-19,ngong-road,0.486,80
2017-05-19,thika-road,0.515,69
2017-05-20,westlands,0.907,113
2017-05-20,kilimani,0.706,106
2017-05-20,karen,0.678,113
2017-05-20,lavington,0.98,106
2017-05-20,langata,0.98,93
2017-05-20,gigiri,0.534,113
2017-05-20,parklands,0.56,99
2017-05-20,upperhill,0.484,99
2017-05-20,kileleshwa,0.636,106
2017-05-20,runda,0.617,113
2017-05-20,muthaiga,0.86,113
2017-05-20,south-b,0.517,93
2017-05-20,south-c,0.702,86
2017-05-20,ngong-road,0.523,99
2017-05-20,thika-road,0.547,86
2017-05-21,westlands,0.856,103
2017-05-21,kilimani,0.672,97
2017-05-21,karen,0.651,103
2017-05-21,lavington,0.98,97
2017-05-21,langata,0.943,84
2017-05-21,gigiri,0.517,103
2017-05-21,parklands,0.542,91
2017-05-21,upperhill,0.471,91
2017-05-21,kileleshwa,0.613,97
2017-05-21,runda,0.591,103
2017-05-21,muthaiga,0.816,103
2017-05-21,south-b,0.504,84
2017-05-21,south-c,0.669,78
2017-05-21,ngong-road,0.506,91
2017-05-21,thika-road,0.532,78
2017-05-22,westlands,0.888,127
2017-05-22,kilimani,0.665,119
2017-05-22,karen,0.626,127
2017-05-22,lavington,0.98,119
2017-05-22,langata,0.98,104
2017-05-22,gigiri,0.468,127
2017-05-22,parklands,0.496,112
2017-05-22,upperhill,0.412,112
2017-05-22,kileleshwa,0.578,119
2017-05-22,runda,0.564,127
2017-05-22,muthaiga,0.833,127
2017-05-22,south-b,0.447,104
2017-05-22,south-c,0.657,97
2017-05-22,ngong-road,0.457,112
2017-05-22,thika-road,0.477,97
2017-05-23,westlands,0.832,116
2017-05-23,kilimani,0.627,109
2017-05-23,karen,0.596,116
2017-05-23,lavington,0.98,109
2017-05-23,langata,0.929,95
2017-05-23,gigiri,0.449,116
2017-05-23,parklands,0.476,102
2017-05-23,upperhill,0.398,102
2017-05-23,kileleshwa,0.553,109
2017-05-23,runda,0.535,116
2017-05-23,muthaiga,0.784,116
2017-05-23,south-b,0.432,95
2017-05-23,south-c,0.621,88
2017-05-23,ngong-road,0.438,102
2017-05-23,thika-road,0.461,88
2017-05-24,westlands,0.98,156
2017-05-24,kilimani,0.765,147
2017-05-24,karen,0.705,156
2017-05-24,lavington,0.98,147
2017-05-24,langata,0.98,128
2017-05-24,gigiri,0.517,156
2017-05-24,parklands,0.549,137
2017-05-24,upperhill,0.449,137
2017-05-24,kileleshwa,0.644,147
2017-05-24,runda,0.639,156
2017-05-24,muthaiga,0.963,156
2017-05-24,south-b,0.487,128
2017-05-24,south-c,0.75,119
2017-05-24,ngong-road,0.506,137
2017-05-24,thika-road,0.52,119
2017-05-25,westlands,0.98,190
2017-05-25,kilimani,0.883,179
2017-05-25,karen,0.798,190
2017-05-25,lavington,0.98,179
2017-05-25,langata,0.98,156
2017-05-25,gigiri,0.575,190
2017-05-25,parklands,0.611,167
2017-05-25,upperhill,0.492,167
2017-05-25,kileleshwa,0.721,179
2017-05-25,runda,0.727,190
2017-05-25,muthaiga,0.98,190
2017-05-25,south-b,0.535,156
2017-05-25,south-c,0.859,144
2017-05-25,ngong-road,0.564,167
2017-05-25,thika-road,0.57,144
2017-05-26,westlands,0.836,99
2017-05-26,kilimani,0.658,93
2017-05-26,karen,0.64,99
2017-05-26,lavington,0.98,93
2017-05-26,langata,0.92,81
2017-05-26,gigiri,0.51,99
2017-05-26,parklands,0.535,87
2017-05-26,upperhill,0.466,87
2017-05-26,kileleshwa,0.604,93
2017-05-26,runda,0.581,99
2017-05-26,muthaiga,0.798,99
2017-05-26,south-b,0.498,81
2017-05-26,south-c,0.656,75
2017-05-26,ngong-road,0.499,87
2017-05-26,thika-road,0.526,75
2017-05-27,westlands,0.709,74
2017-05-27,kilimani,0.571,70
2017-05-27,karen,0.572,74
2017-05-27,lavington,0.98,70
2017-05-27,langata,0.774,61
2017-05-27,gigiri,0.468,74
2017-05-27,parklands,0.489,65
2017-05-27,upperhill,0.434,65
2017-05-27,kileleshwa,0.548,70
2017-05-27,runda,0.516,74
2017-05-27,muthaiga,0.686,74
2017-05-27,south-b,0.463,61
2017-05-27,south-c,0.576,56
2017-05-27,ngong-road,0.457,65
2017-05-27,thika-road,0.49,56
2017-05-28,westlands,0.98,137
2017-05-28,kilimani,0.79,129
2017-05-28,karen,0.744,137
2017-05-28,lavington,0.98,129
2017-05-28,langata,0.98,112
2017-05-28,gigiri,0.575,137
2017-05-28,parklands,0.604,121
2017-05-28,upperhill,0.514,121
2017-05-28,kileleshwa,0.691,129
2017-05-28,runda,0.68,137
2017-05-28,muthaiga,0.968,137
2017-05-28,south-b,0.551,112
2017-05-28,south-c,0.779,104
2017-05-28,ngong-road,0.564,121
2017-05-28,thika-road,0.582,104
2017-05-29,westlands,0.827,115
2017-05-29,kilimani,0.623,108
2017-05-29,karen,0.594,115
2017-05-29,lavington,0.98,108
2017-05-29,langata,0.924,94
2017-05-29,gigiri,0.447,115
2017-05-29,parklands,0.474,101
2017-05-29,upperhill,0.396,101
2017-05-29,kileleshwa,0.551,108
2017-05-29,runda,0.533,115
2017-05-29,muthaiga,0.779,115
2017-05-29,south-b,0.43,94
2017-05-29,south-c,0.618,87
2017-05-29,ngong-road,0.437,101
2017-05-29,thika-road,0.46,87
2017-05-30,westlands,0.7,90
2017-05-30,kilimani,0.537,85
2017-05-30,karen,0.525,90
2017-05-30,lavington,0.98,85
2017-05-30,langata,0.777,74
2017-05-30,gigiri,0.405,90
2017-05-30,parklands,0.428,79
2017-05-30,upperhill,0.364,79
2017-05-30,kileleshwa,0.494,85
2017-05-30,runda,0.468,90
2017-05-30,muthaiga,0.668,90
2017-05-30,south-b,0.395,74
2017-05-30,south-c,0.538,68
2017-05-30,ngong-road,0.394,79
2017-05-30,thika-road,0.423,68
2017-05-31,westlands,0.721,94
2017-05-31,kilimani,0.551,88
2017-05-31,karen,0.536,94
2017-05-31,lavington,0.98,88
2017-05-31,langata,0.801,77
2017-05-31,gigiri,0.412,94
2017-05-31,parklands,0.436,83
2017-05-31,upperhill,0.369,83
2017-05-31,kileleshwa,0.503,88
2017-05-31,runda,0.478,94
2017-05-31,muthaiga,0.685,94
2017-05-31,south-b,0.401,77
2017-05-31,south-c,0.55,71
2017-05-31,ngong-road,0.401,83
2017-05-31,thika-road,0.429,71
2017-06-01,westlands,0.888,127
2017-06-01,kilimani,0.665,119
2017-06-01,karen,0.626,127
2017-06-01,lavington,0.98,119
2017-06-01,langata,0.98,104
2017-06-01,gigiri,0.468,127
2017-06-01,parklands,0.496,112
2017-06-01,upperhill,0.412,112
2017-06-01,kileleshwa,0.578,119
2017-06-01,runda,0.564,127
2017-06-01,muthaiga,0.833,127
2017-06-01,south-b,0.447,104
2017-06-01,south-c,0.657,97
2017-06-01,ngong-road,0.457,112
2017-06-01,thika-road,0.477,97
2017-06-02,westlands,0.98,137
2017-06-02,kilimani,0.79,129
2017-06-02,karen,0.744,137
2017-06-02,lavington,0.98,129
2017-06-02,langata,0.98,112
2017-06-02,gigiri,0.575,137
2017-06-02,parklands,0.604,121
2017-06-02,upperhill,0.514,121
2017-06-02,kileleshwa,0.691,129
2017-06-02,runda,0.68,137
2017-06-02,muthaiga,0.968,137
2017-06-02,south-b,0.551,112
2017-06-02,south-c,0.779,104
2017-06-02,ngong-road,0.564,121
2017-06-02,thika-road,0.582,104
2017-06-03,westlands,0.948,121
2017-06-03,kilimani,0.734,114
2017-06-03,karen,0.7,121
2017-06-03,lavington,0.98,114
2017-06-03,langata,0.98,99
2017-06-03,gigiri,0.547,121
2017-06-03,parklands,0.575,106
2017-06-03,upperhill,0.494,106
2017-06-03,kileleshwa,0.654,114
2017-06-03,runda,0.638,121
2017-06-03,muthaiga,0.896,121
2017-06-03,south-b,0.529,99
2017-06-03,south-c,0.727,92
2017-06-03,ngong-road,0.537,106
2017-06-03,thika-road,0.559,92
2017-06-04,westlands,0.821,96
2017-06-04,kilimani,0.648,90
2017-06-04,karen,0.632,96
2017-06-04,lavington,0.98,90
2017-06-04,langata,0.902,79
2017-06-04,gigiri,0.505,96
2017-06-04,parklands,0.529,84
2017-06-04,upperhill,0.462,84
2017-06-04,kileleshwa,0.598,90
2017-06-04,runda,0.573,96
2017-06-04,muthaiga,0.784,96
2017-06-04,south-b,0.494,79
2017-06-04,south-c,0.647,73
2017-06-04,ngong-road,0.494,84
2017-06-04,thika-road,0.522,73
2017-06-05,westlands,0.827,115
2017-06-05,kilimani,0.623,108
2017-06-05,karen,0.594,115
2017-06-05,lavington,0.98,108
2017-06-05,langata,0.924,94
2017-06-05,gigiri,0.447,115
2017-06-05,parklands,0.474,101
2017-06-05,upperhill,0.396,101
2017-06-05,kileleshwa,0.551,108
2017-06-05,runda,0.533,115
2017-06-05,muthaiga,0.779,115
2017-06-05,south-b,0.43,94
2017-06-05,south-c,0.618,87
2017-06-05,ngong-road,0.437,101
2017-06-05,thika-road,0.46,87
2017-06-06,westlands,0.716,93
2017-06-06,kilimani,0.547,87
2017-06-06,karen,0.534,93
2017-06-06,lavington,0.98,87
2017-06-06,langata,0.795,76
2017-06-06,gigiri,0.41,93
2017-06-06,parklands,0.434,82
2017-06-06,upperhill,0.368,82
2017-06-06,kileleshwa,0.501,87
2017-06-06,runda,0.476,93
2017-06-06,muthaiga,0.681,93
2017-06-06,south-b,0.4,76
2017-06-06,south-c,0.547,71
2017-06-06,ngong-road,0.399,82
2017-06-06,thika-road,0.428,71
2017-06-07,westlands,0.675,85
2017-06-07,kilimani,0.52,80
2017-06-07,karen,0.512,85
2017-06-07,lavington,0.98,80
2017-06-07,langata,0.748,70
2017-06-07,gigiri,0.396,85
2017-06-07,parklands,0.419,75
2017-06-07,upperhill,0.358,75
2017-06-07,kileleshwa,0.483,80
2017-06-07,runda,0.455,85
2017-06-07,muthaiga,0.645,85
2017-06-07,south-b,0.388,70
2017-06-07,south-c,0.521,65
2017-06-07,ngong-road,0.386,75
2017-06-07,thika-road,0.416,65
2017-06-08,westlands,0.853,120
2017-06-08,kilimani,0.641,113
2017-06-08,karen,0.607,120
2017-06-08,lavington,0.98,113
2017-06-08,langata,0.953,98
2017-06-08,gigiri,0.456,120
2017-06-08,parklands,0.483,106
2017-06-08,upperhill,0.403,106
2017-06-08,kileleshwa,0.562,113
2017-06-08,runda,0.546,120
2017-06-08,muthaiga,0.802,120
2017-06-08,south-b,0.437,98
2017-06-08,south-c,0.634,91
2017-06-08,ngong-road,0.445,106
2017-06-08,thika-road,0.467,91
2017-06-09,westlands,0.973,126
2017-06-09,kilimani,0.751,118
2017-06-09,karen,0.714,126
2017-06-09,lavington,0.98,118
2017-06-09,langata,0.98,103
2017-06-09,gigiri,0.556,126
2017-06-09,parklands,0.584,111
2017-06-09,upperhill,0.5,111
2017-06-09,kileleshwa,0.666,118
2017-06-09,runda,0.651,126
2017-06-09,muthaiga,0.918,126
2017-06-09,south-b,0.536,103
2017-06-09,south-c,0.743,96
2017-06-09,ngong-road,0.545,111
2017-06-09,thika-road,0.566,96
2017-06-10,westlands,0.821,96
2017-06-10,kilimani,0.648,90
2017-06-10,karen,0.632,96
2017-06-10,lavington,0.98,90
2017-06-10,langata,0.902,79
2017-06-10,gigiri,0.505,96
2017-06-10,parklands,0.529,84
2017-06-10,upperhill,0.462,84
2017-06-10,kileleshwa,0.598,90
2017-06-10,runda,0.573,96
2017-06-10,muthaiga,0.784,96
2017-06-10,south-b,0.494,79
2017-06-10,south-c,0.647,73
2017-06-10,ngong-road,0.494,84
2017-06-10,thika-road,0.522,73
2017-06-11,westlands,0.98,131
2017-06-11,kilimani,0.769,123
2017-06-11,karen,0.727,131
2017-06-11,lavington,0.98,123
2017-06-11,langata,0.98,107
2017-06-11,gigiri,0.564,131
2017-06-11,parklands,0.593,115
2017-06-11,upperhill,0.507,115
2017-06-11,kileleshwa,0.677,123
2017-06-11,runda,0.664,131
2017-06-11,muthaiga,0.941,131
2017-06-11,south-b,0.543,107
2017-06-11,south-c,0.759,100
2017-06-11,ngong-road,0.554,115
2017-06-11,thika-road,0.573,100
2017-06-12,westlands,0.787,107
2017-06-12,kilimani,0.596,101
2017-06-12,karen,0.572,107
2017-06-12,lavington,0.98,101
2017-06-12,langata,0.877,88
2017-06-12,gigiri,0.434,107
2017-06-12,parklands,0.459,94
2017-06-12,upperhill,0.386,94
2017-06-12,kileleshwa,0.533,101
2017-06-12,runda,0.512,107
2017-06-12,muthaiga,0.744,107
2017-06-12,south-b,0.419,88
2017-06-12,south-c,0.592,81
2017-06-12,ngong-road,0.423,94
2017-06-12,thika-road,0.448,81
2017-06-13,westlands,0.67,84
2017-06-13,kilimani,0.516,79
2017-06-13,karen,0.509,84
2017-06-13,lavington,0.98,79
2017-06-13,langata,0.742,69
2017-06-13,gigiri,0.395,84
2017-06-13,parklands,0.417,74
2017-06-13,upperhill,0.357,74
2017-06-13,kileleshwa,0.48,79
2017-06-13,runda,0.452,84
2017-06-13,muthaiga,0.641,84
2017-06-13,south-b,0.387,69
2017-06-13,south-c,0.518,64
2017-06-13,ngong-road,0.384,74
2017-06-13,thika-road,0.414,64
2017-06-14,westlands,0.716,93
2017-06-14,kilimani,0.547,87
2017-06-14,karen,0.534,93
2017-06-14,lavington,0.98,87
2017-06-14,langata,0.795,76
2017-06-14,gigiri,0.41,93
2017-06-14,parklands,0.434,82
2017-06-14,upperhill,0.368,82
2017-06-14,kileleshwa,0.501,87
2017-06-14,runda,0.476,93
2017-06-14,muthaiga,0.681,93
2017-06-14,south-b,0.4,76
2017-06-14,south-c,0.547,71
2017-06-14,ngong-road,0.399,82
2017-06-14,thika-road,0.428,71
2017-06-15,westlands,0.853,120
2017-06-15,kilimani,0.641,113
2017-06-15,karen,0.607,120
2017-06-15,lavington,0.98,113
2017-06-15,langata,0.953,98
2017-06-15,gigiri,0.456,120
2017-06-15,parklands,0.483,106
2017-06-15,upperhill,0.403,106
2017-06-15,kileleshwa,0.562,113
2017-06-15,runda,0.546,120
2017-06-15,muthaiga,0.802,120
2017-06-15,south-b,0.437,98
2017-06-15,south-c,0.634,91
2017-06-15,ngong-road,0.445,106
2017-06-15,thika-road,0.467,91
2017-06-16,westlands,0.806,93
2017-06-16,kilimani,0.637,87
2017-06-16,karen,0.624,93
2017-06-16,lavington,0.98,87
2017-06-16,langata,0.885,76
2017-06-16,gigiri,0.5,93
2017-06-16,parklands,0.524,82
2017-06-16,upperhill,0.458,82
2017-06-16,kileleshwa,0.591,87
2017-06-16,runda,0.566,93
2017-06-16,muthaiga,0.771,93
2017-06-16,south-b,0.49,76
2017-06-16,south-c,0.637,71
2017-06-16,ngong-road,0.489,82
2017-06-16,thika-road,0.518,71
2017-06-17,westlands,0.882,108
2017-06-17,kilimani,0.689,102
2017-06-17,karen,0.665,108
2017-06-17,lavington,0.98,102
2017-06-17,langata,0.973,89
2017-06-17,gigiri,0.525,108
2017-06-17,parklands,0.551,95
2017-06-17,upperhill,0.477,95
2017-06-17,kileleshwa,0.625,102
2017-06-17,runda,0.604,108
2017-06-17,muthaiga,0.838,108
2017-06-17,south-b,0.51,89
2017-06-17,south-c,0.685,82
2017-06-17,ngong-road,0.515,95
2017-06-17,thika-road,0.54,82
2017-06-18,westlands,0.79,90
2017-06-18,kilimani,0.627,85
2017-06-18,karen,0.615,90
2017-06-18,lavington,0.98,85
2017-06-18,langata,0.867,74
2017-06-18,gigiri,0.495,90
2017-06-18,parklands,0.518,79
2017-06-18,upperhill,0.454,79
2017-06-18,kileleshwa,0.584,85
2017-06-18,runda,0.558,90
2017-06-18,muthaiga,0.758,90
2017-06-18,south-b,0.485,74
2017-06-18,south-c,0.628,68
2017-06-18,ngong-road,0.484,79
2017-06-18,thika-road,0.513,68
2017-06-19,westlands,0.807,111
2017-06-19,kilimani,0.61,104
2017-06-19,karen,0.583,111
2017-06-19,lavington,0.98,104
2017-06-19,langata,0.9,91
2017-06-19,gigiri,0.441,111
2017-06-19,parklands,0.467,98
2017-06-19,upperhill,0.391,98
2017-06-19,kileleshwa,0.542,104
2017-06-19,runda,0.522,111
2017-06-19,muthaiga,0.761,111
2017-06-19,south-b,0.425,91
2017-06-19,south-c,0.605,84
2017-06-19,ngong-road,0.43,98
2017-06-19,thika-road,0.454,84
2017-06-20,westlands,0.776,105
2017-06-20,kilimani,0.589,99
2017-06-20,karen,0.566,105
2017-06-20,lavington,0.98,99
2017-06-20,langata,0.865,86
2017-06-20,gigiri,0.43,105
2017-06-20,parklands,0.456,92
2017-06-20,upperhill,0.384,92
2017-06-20,kileleshwa,0.528,99
2017-06-20,runda,0.507,105
2017-06-20,muthaiga,0.735,105
2017-06-20,south-b,0.416,86
2017-06-20,south-c,0.586,80
2017-06-20,ngong-road,0.42,92
2017-06-20,thika-road,0.445,80
2017-06-21,westlands,0.655,81
2017-06-21,kilimani,0.506,76
2017-06-21,karen,0.501,81
2017-06-21,lavington,0.98,76
2017-06-21,langata,0.725,66
2017-06-21,gigiri,0.39,81
2017-06-21,parklands,0.412,71
2017-06-21,upperhill,0.353,71
2017-06-21,kileleshwa,0.474,76
2017-06-21,runda,0.444,81
2017-06-21,muthaiga,0.627,81
2017-06-21,south-b,0.383,66
2017-06-21,south-c,0.509,62
2017-06-21,ngong-road,0.379,71
2017-06-21,thika-road,0.41,62
2017-06-22,westlands,0.792,108
2017-06-22,kilimani,0.599,102
2017-06-22,karen,0.575,108
2017-06-22,lavington,0.98,102
2017-06-22,langata,0.883,89
2017-06-22,gigiri,0.435,108
2017-06-22,parklands,0.461,95
2017-06-22,upperhill,0.387,95
2017-06-22,kileleshwa,0.535,102
2017-06-22,runda,0.514,108
2017-06-22,muthaiga,0.748,108
2017-06-22,south-b,0.42,89
2017-06-22,south-c,0.595,82
2017-06-22,ngong-road,0.425,95
2017-06-22,thika-road,0.45,82
2017-06-23,westlands,0.856,103
2017-06-23,kilimani,0.672,97
2017-06-23,karen,0.651,103
2017-06-23,lavington,0.98,97
2017-06-23,langata,0.943,84
2017-06-23,gigiri,0.517,103
2017-06-23,parklands,0.542,91
2017-06-23,upperhill,0.471,91
2017-06-23,kileleshwa,0.613,97
2017-06-23,runda,0.591,103
2017-06-23,muthaiga,0.816,103
2017-06-23,south-b,0.504,84
2017-06-23,south-c,0.669,78
2017-06-23,ngong-road,0.506,91
2017-06-23,thika-road,0.532,78
2017-06-24,westlands,0.8,92
2017-06-24,kilimani,0.634,86
2017-06-24,karen,0.621,92
2017-06-24,lavington,0.98,86
2017-06-24,langata,0.879,75
2017-06-24,gigiri,0.498,92
2017-06-24,parklands,0.522,81
2017-06-24,upperhill,0.457,81
2017-06-24,kileleshwa,0.589,86
2017-06-24,runda,0.563,92
2017-06-24,muthaiga,0.767,92
2017-06-24,south-b,0.488,75
2017-06-24,south-c,0.634,70
2017-06-24,ngong-road,0.488,81
2017-06-24,thika-road,0.516,70
2017-06-25,westlands,0.98,131
2017-06-25,kilimani,0.769,123
2017-06-25,karen,0.727,131
2017-06-25,lavington,0.98,123
2017-06-25,langata,0.98,107
2017-06-25,gigiri,0.564,131
2017-06-25,parklands,0.593,115
2017-06-25,upperhill,0.507,115
2017-06-25,kileleshwa,0.677,123
2017-06-25,runda,0.664,131
2017-06-25,muthaiga,0.941,131
2017-06-25,south-b,0.543,107
2017-06-25,south-c,0.759,100
2017-06-25,ngong-road,0.554,115
2017-06-25,thika-road,0.573,100
2017-06-26,westlands,0.756,101
2017-06-26,kilimani,0.575,95
2017-06-26,karen,0.555,101
2017-06-26,lavington,0.98,95
2017-06-26,langata,0.842,83
2017-06-26,gigiri,0.424,101
2017-06-26,parklands,0.448,89
2017-06-26,upperhill,0.378,89
2017-06-26,kileleshwa,0.519,95
2017-06-26,runda,0.496,101
2017-06-26,muthaiga,0.717,101
2017-06-26,south-b,0.411,83
2017-06-26,south-c,0.573,77
2017-06-26,ngong-road,0.413,89
2017-06-26,thika-road,0.439,77
2017-06-27,westlands,0.802,110
2017-06-27,kilimani,0.606,103
2017-06-27,karen,0.58,110
2017-06-27,lavington,0.98,103
2017-06-27,langata,0.894,90
2017-06-27,gigiri,0.439,110
2017-06-27,parklands,0.465,97
2017-06-27,upperhill,0.39,97
2017-06-27,kileleshwa,0.539,103
2017-06-27,runda,0.52,110
2017-06-27,muthaiga,0.757,110
2017-06-27,south-b,0.423,90
2017-06-27,south-c,0.602,84
2017-06-27,ngong-road,0.428,97
2017-06-27,thika-road,0.452,84
2017-06-28,westlands,0.827,115
2017-06-28,kilimani,0.623,108
2017-06-28,karen,0.594,115
2017-06-28,lavington,0.98,108
2017-06-28,langata,0.924,94
2017-06-28,gigiri,0.447,115
2017-06-28,parklands,0.474,101
2017-06-28,upperhill,0.396,101
2017-06-28,kileleshwa,0.551,108
2017-06-28,runda,0.533,115
2017-06-28,muthaiga,0.779,115
2017-06-28,south-b,0.43,94
2017-06-28,south-c,0.618,87
2017-06-28,ngong-road,0.437,101
2017-06-28,thika-road,0.46,87
2017-06-29,westlands,0.71,92
2017-06-29,kilimani,0.544,86
2017-06-29,karen,0.531,92
2017-06-29,lavington,0.98,86
2017-06-29,langata,0.789,75
2017-06-29,gigiri,0.408,92
2017-06-29,parklands,0.432,81
2017-06-29,upperhill,0.367,81
2017-06-29,kileleshwa,0.499,86
2017-06-29,runda,0.473,92
2017-06-29,muthaiga,0.677,92
2017-06-29,south-b,0.398,75
2017-06-29,south-c,0.544,70
2017-06-29,ngong-road,0.398,81
2017-06-29,thika-road,0.426,70
2017-06-30,westlands,0.927,117
2017-06-30,kilimani,0.72,110
2017-06-30,karen,0.689,117
2017-06-30,lavington,0.98,110
2017-06-30,langata,0.98,96
2017-06-30,gigiri,0.541,117
2017-06-30,parklands,0.568,103
2017-06-30,upperhill,0.489,103
2017-06-30,kileleshwa,0.645,110
2017-06-30,runda,0.628,117
2017-06-30,muthaiga,0.878,117
2017-06-30,south-b,0.523,96
2017-06-30,south-c,0.714,89
2017-06-30,ngong-road,0.53,103
2017-06-30,thika-road,0.553,89
2017-07-01,westlands,0.912,114
2017-07-01,kilimani,0.71,107
2017-07-01,karen,0.681,114
2017-07-01,lavington,0.98,107
2017-07-01,langata,0.98,93
2017-07-01,gigiri,0.536,114
2017-07-01,parklands,0.562,100
2017-07-01,upperhill,0.485,100
2017-07-01,kileleshwa,0.638,107
2017-07-01,runda,0.62,114
2017-07-01,muthaiga,0.865,114
2017-07-01,south-b,0.519,93
2017-07-01,south-c,0.705,87
2017-07-01,ngong-road,0.525,100
2017-07-01,thika-road,0.548,87
2017-07-02,westlands,0.8,92
2017-07-02,kilimani,0.634,86
2017-07-02,karen,0.621,92
2017-07-02,lavington,0.98,86
2017-07-02,langata,0.879,75
2017-07-02,gigiri,0.498,92
2017-07-02,parklands,0.522,81
2017-07-02,upperhill,0.457,81
2017-07-02,kileleshwa,0.589,86
2017-07-02,runda,0.563,92
2017-07-02,muthaiga,0.767,92
2017-07-02,south-b,0.488,75
2017-07-02,south-c,0.634,70
2017-07-02,ngong-road,0.488,81
2017-07-02,thika-road,0.516,70
2017-07-03,westlands,0.802,110
2017-07-03,kilimani,0.606,103
2017-07-03,karen,0.58,110
2017-07-03,lavington,0.98,103
2017-07-03,langata,0.894,90
2017-07-03,gigiri,0.439,110
2017-07-03,parklands,0.465,97
2017-07-03,upperhill,0.39,97
2017-07-03,kileleshwa,0.539,103
2017-07-03,runda,0.52,110
2017-07-03,muthaiga,0.757,110
2017-07-03,south-b,0.423,90
2017-07-03,south-c,0.602,84
2017-07-03,ngong-road,0.428,97
2017-07-03,thika-road,0.452,84
2017-07-04,westlands,0.979,145
2017-07-04,kilimani,0.727,136
2017-07-04,karen,0.675,145
2017-07-04,lavington,0.98,136
2017-07-04,langata,0.98,119
2017-07-04,gigiri,0.498,145
2017-07-04,parklands,0.529,128
2017-07-04,upperhill,0.435,128
2017-07-04,kileleshwa,0.619,136
2017-07-04,runda,0.61,145
2017-07-04,muthaiga,0.913,145
2017-07-04,south-b,0.472,119
2017-07-04,south-c,0.715,110
2017-07-04,ngong-road,0.488,128
2017-07-04,thika-road,0.504,110
2017-07-05,westlands,0.599,70
2017-07-05,kilimani,0.468,66
2017-07-05,karen,0.471,70
2017-07-05,lavington,0.91,66
2017-07-05,langata,0.66,57
2017-07-05,gigiri,0.371,70
2017-07-05,parklands,0.392,62
2017-07-05,upperhill,0.339,62
2017-07-05,kileleshwa,0.449,66
2017-07-05,runda,0.416,70
2017-07-05,muthaiga,0.578,70
2017-07-05,south-b,0.368,57
2017-07-05,south-c,0.473,53
2017-07-05,ngong-road,0.36,62
2017-07-05,thika-road,0.394,53
2017-07-06,westlands,0.934,136
2017-07-06,kilimani,0.696,128
2017-07-06,karen,0.651,136
2017-07-06,lavington,0.98,128
2017-07-06,langata,0.98,112
2017-07-06,gigiri,0.483,136
2017-07-06,parklands,0.512,120
2017-07-06,upperhill,0.423,120
2017-07-06,kileleshwa,0.598,128
2017-07-06,runda,0.587,136
2017-07-06,muthaiga,0.873,136
2017-07-06,south-b,0.459,112
2017-07-06,south-c,0.686,103
2017-07-06,ngong-road,0.472,120
2017-07-06,thika-road,0.491,103
2017-07-07,westlands,0.851,102
2017-07-07,kilimani,0.668,96
2017-07-07,karen,0.648,102
2017-07-07,lavington,0.98,96
2017-07-07,langata,0.938,84
2017-07-07,gigiri,0.515,102
2017-07-07,parklands,0.54,90
2017-07-07,upperhill,0.47,90
2017-07-07,kileleshwa,0.611,96
2017-07-07,runda,0.589,102
2017-07-07,muthaiga,0.811,102
2017-07-07,south-b,0.502,84
2017-07-07,south-c,0.666,78
2017-07-07,ngong-road,0.505,90
2017-07-07,thika-road,0.531,78
2017-07-08,westlands,0.816,95
2017-07-08,kilimani,0.644,89
2017-07-08,karen,0.629,95
2017-07-08,lavington,0.98,89
2017-07-08,langata,0.897,78
2017-07-08,gigiri,0.503,95
2017-07-08,parklands,0.528,84
2017-07-08,upperhill,0.461,84
2017-07-08,kileleshwa,0.595,89
2017-07-08,runda,0.571,95
2017-07-08,muthaiga,0.78,95
2017-07-08,south-b,0.492,78
2017-07-08,south-c,0.644,72
2017-07-08,ngong-road,0.493,84
2017-07-08,thika-road,0.52,72
2017-07-09,westlands,0.98,130
2017-07-09,kilimani,0.765,122
2017-07-09,karen,0.725,130
2017-07-09,lavington,0.98,122
2017-07-09,langata,0.98,107
2017-07-09,gigiri,0.563,130
2017-07-09,parklands,0.591,114
2017-07-09,upperhill,0.505,114
2017-07-09,kileleshwa,0.675,122
2017-07-09,runda,0.662,130
2017-07-09,muthaiga,0.936,130
2017-07-09,south-b,0.541,107
2017-07-09,south-c,0.756,99
2017-07-09,ngong-road,0.552,114
2017-07-09,thika-road,0.572,99
2017-07-10,westlands,0.847,119
2017-07-10,kilimani,0.637,112
2017-07-10,karen,0.605,119
2017-07-10,lavington,0.98,112
2017-07-10,langata,0.947,98
2017-07-10,gigiri,0.454,119
2017-07-10,parklands,0.481,105
2017-07-10,upperhill,0.401,105
2017-07-10,kileleshwa,0.56,112
2017-07-10,runda,0.543,119
2017-07-10,muthaiga,0.797,119
2017-07-10,south-b,0.436,98
2017-07-10,south-c,0.631,90
2017-07-10,ngong-road,0.443,105
2017-07-10,thika-road,0.466,90
2017-07-11,westlands,0.812,112
2017-07-11,kilimani,0.613,105
2017-07-11,karen,0.585,112
2017-07-11,lavington,0.98,105
2017-07-11,langata,0.906,92
2017-07-11,gigiri,0.442,112
2017-07-11,parklands,0.469,99
2017-07-11,upperhill,0.392,99
2017-07-11,kileleshwa,0.544,105
2017-07-11,runda,0.525,112
2017-07-11,muthaiga,0.766,112
2017-07-11,south-b,0.426,92
2017-07-11,south-c,0.608,85
2017-07-11,ngong-road,0.432,99
2017-07-11,thika-road,0.455,85
2017-07-12,westlands,0.817,113
2017-07-12,kilimani,0.616,106
2017-07-12,karen,0.588,113
2017-07-12,lavington,0.98,106
2017-07-12,langata,0.912,93
2017-07-12,gigiri,0.444,113
2017-07-12,parklands,0.47,99
2017-07-12,upperhill,0.394,99
2017-07-12,kileleshwa,0.546,106
2017-07-12,runda,0.527,113
2017-07-12,muthaiga,0.77,113
2017-07-12,south-b,0.427,93
2017-07-12,south-c,0.612,86
2017-07-12,ngong-road,0.433,99
2017-07-12,thika-road,0.457,86
2017-07-13,westlands,0.98,147
2017-07-13,kilimani,0.734,138
2017-07-13,karen,0.681,147
2017-07-13,lavington,0.98,138
2017-07-13,langata,0.98,121
2017-07-13,gigiri,0.502,147
2017-07-13,parklands,0.532,129
2017-07-13,upperhill,0.437,129
2017-07-13,kileleshwa,0.623,138
2017-07-13,runda,0.616,147
2017-07-13,muthaiga,0.922,147
2017-07-13,south-b,0.475,121
2017-07-13,south-c,0.721,112
2017-07-13,ngong-road,0.491,129
2017-07-13,thika-road,0.507,112
2017-07-14,westlands,0.745,81
2017-07-14,kilimani,0.596,76
2017-07-14,karen,0.591,81
2017-07-14,lavington,0.98,76
2017-07-14,langata,0.815,66
2017-07-14,gigiri,0.48,81
2017-07-14,parklands,0.502,71
2017-07-14,upperhill,0.443,71
2017-07-14,kileleshwa,0.564,76
2017-07-14,runda,0.534,81
2017-07-14,muthaiga,0.717,81
2017-07-14,south-b,0.473,66
2017-07-14,south-c,0.599,62
2017-07-14,ngong-road,0.469,71
2017-07-14,thika-road,0.5,62
2017-07-15,westlands,0.98,162
2017-07-15,kilimani,0.876,152
2017-07-15,karen,0.812,162
2017-07-15,lavington,0.98,152
2017-07-15,langata,0.98,133
2017-07-15,gigiri,0.617,162
2017-07-15,parklands,0.65,143
2017-07-15,upperhill,0.546,143
2017-07-15,kileleshwa,0.747,152
2017-07-15,runda,0.745,162
2017-07-15,muthaiga,0.98,162
2017-07-15,south-b,0.586,133
2017-07-15,south-c,0.859,123
2017-07-15,ngong-road,0.607,143
2017-07-15,thika-road,0.619,123
2017-07-16,westlands,0.856,103
2017-07-16,kilimani,0.672,97
2017-07-16,karen,0.651,103
2017-07-16,lavington,0.98,97
2017-07-16,langata,0.943,84
2017-07-16,gigiri,0.517,103
2017-07-16,parklands,0.542,91
2017-07-16,upperhill,0.471,91
2017-07-16,kileleshwa,0.613,97
2017-07-16,runda,0.591,103
2017-07-16,muthaiga,0.816,103
2017-07-16,south-b,0.504,84
2017-07-16,south-c,0.669,78
2017-07-16,ngong-road,0.506,91
2017-07-16,thika-road,0.532,78
2017-07-17,westlands,0.822,114
2017-07-17,kilimani,0.62,107
2017-07-17,karen,0.591,114
2017-07-17,lavington,0.98,107
2017-07-17,langata,0.918,93
2017-07-17,gigiri,0.446,114
2017-07-17,parklands,0.472,100
2017-07-17,upperhill,0.395,100
2017-07-17,kileleshwa,0.548,107
2017-07-17,runda,0.53,114
2017-07-17,muthaiga,0.775,114
2017-07-17,south-b,0.429,93
2017-07-17,south-c,0.615,87
2017-07-17,ngong-road,0.435,100
2017-07-17,thika-road,0.458,87
2017-07-18,westlands,0.751,100
2017-07-18,kilimani,0.571,94
2017-07-18,karen,0.553,100
2017-07-18,lavington,0.98,94
2017-07-18,langata,0.836,82
2017-07-18,gigiri,0.422,100
2017-07-18,parklands,0.447,88
2017-07-18,upperhill,0.377,88
2017-07-18,kileleshwa,0.517,94
2017-07-18,runda,0.494,100
2017-07-18,muthaiga,0.712,100
2017-07-18,south-b,0.409,82
2017-07-18,south-c,0.57,76
2017-07-18,ngong-road,0.411,88
2017-07-18,thika-road,0.438,76
2017-07-19,westlands,0.614,73
2017-07-19,kilimani,0.478,69
2017-07-19,karen,0.479,73
2017-07-19,lavington,0.938,69
2017-07-19,langata,0.678,60
2017-07-19,gigiri,0.376,73
2017-07-19,parklands,0.397,64
2017-07-19,upperhill,0.343,64
2017-07-19,kileleshwa,0.455,69
2017-07-19,runda,0.424,73
2017-07-19,muthaiga,0.592,73
2017-07-19,south-b,0.372,60
2017-07-19,south-c,0.483,55
2017-07-19,ngong-road,0.365,64
2017-07-19,thika-road,0.398,55
2017-07-20,westlands,0.69,88
2017-07-20,kilimani,0.53,83
2017-07-20,karen,0.52,88
2017-07-20,lavington,0.98,83
2017-07-20,langata,0.766,72
2017-07-20,gigiri,0.401,88
2017-07-20,parklands,0.425,77
2017-07-20,upperhill,0.362,77
2017-07-20,kileleshwa,0.489,83
2017-07-20,runda,0.463,88
2017-07-20,muthaiga,0.659,88
2017-07-20,south-b,0.393,72
2017-07-20,south-c,0.531,67
2017-07-20,ngong-road,0.391,77
2017-07-20,thika-road,0.42,67
2017-07-21,westlands,0.816,95
2017-07-21,kilimani,0.644,89
2017-07-21,karen,0.629,95
2017-07-21,lavington,0.98,89
2017-07-21,langata,0.897,78
2017-07-21,gigiri,0.503,95
2017-07-21,parklands,0.528,84
2017-07-21,upperhill,0.461,84
2017-07-21,kileleshwa,0.595,89
2017-07-21,runda,0.571,95
2017-07-21,muthaiga,0.78,95
2017-07-21,south-b,0.492,78
2017-07-21,south-c,0.644,72
2017-07-21,ngong-road,0.493,84
2017-07-21,thika-road,0.52,72
2017-07-22,westlands,0.963,124
2017-07-22,kilimani,0.745,117
2017-07-22,karen,0.708,124
2017-07-22,lavington,0.98,117
2017-07-22,langata,0.98,102
2017-07-22,gigiri,0.553,124
2017-07-22,parklands,0.58,109
2017-07-22,upperhill,0.498,109
2017-07-22,kileleshwa,0.661,117
2017-07-22,runda,0.646,124
2017-07-22,muthaiga,0.91,124
2017-07-22,south-b,0.533,102
2017-07-22,south-c,0.737,94
2017-07-22,ngong-road,0.542,109
2017-07-22,thika-road,0.563,94
2017-07-23,westlands,0.811,94
2017-07-23,kilimani,0.641,88
2017-07-23,karen,0.626,94
2017-07-23,lavington,0.98,88
2017-07-23,langata,0.891,77
2017-07-23,gigiri,0.502,94
2017-07-23,parklands,0.526,83
2017-07-23,upperhill,0.459,83
2017-07-23,kileleshwa,0.593,88
2017-07-23,runda,0.568,94
2017-07-23,muthaiga,0.775,94
2017-07-23,south-b,0.491,77
2017-07-23,south-c,0.64,71
2017-07-23,ngong-road,0.491,83
2017-07-23,thika-road,0.519,71
2017-07-24,westlands,0.959,141
2017-07-24,kilimani,0.713,133
2017-07-24,karen,0.665,141
2017-07-24,lavington,0.98,133
2017-07-24,langata,0.98,116
2017-07-24,gigiri,0.491,141
2017-07-24,parklands,0.521,124
2017-07-24,upperhill,0.43,124
2017-07-24,kileleshwa,0.61,133
2017-07-24,runda,0.6,141
2017-07-24,muthaiga,0.896,141
2017-07-24,south-b,0.466,116
2017-07-24,south-c,0.702,107
2017-07-24,ngong-road,0.481,124
2017-07-24,thika-road,0.498,107
2017-07-25,westlands,0.71,92
2017-07-25,kilimani,0.544,86
2017-07-25,karen,0.531,92
2017-07-25,lavington,0.98,86
2017-07-25,langata,0.789,75
2017-07-25,gigiri,0.408,92
2017-07-25,parklands,0.432,81
2017-07-25,upperhill,0.367,81
2017-07-25,kileleshwa,0.499,86
2017-07-25,runda,0.473,92
2017-07-25,muthaiga,0.677,92
2017-07-25,south-b,0.398,75
2017-07-25,south-c,0.544,70
2017-07-25,ngong-road,0.398,81
2017-07-25,thika-road,0.426,70
2017-07-26,westlands,0.655,81
2017-07-26,kilimani,0.506,76
2017-07-26,karen,0.501,81
2017-07-26,lavington,0.98,76
2017-07-26,langata,0.725,66
2017-07-26,gigiri,0.39,81
2017-07-26,parklands,0.412,71
2017-07-26,upperhill,0.353,71
2017-07-26,kileleshwa,0.474,76
2017-07-26,runda,0.444,81
2017-07-26,muthaiga,0.627,81
2017-07-26,south-b,0.383,66
2017-07-26,south-c,0.509,62
2017-07-26,ngong-road,0.379,71
2017-07-26,thika-road,0.41,62
2017-07-27,westlands,0.751,100
2017-07-27,kilimani,0.571,94
2017-07-27,karen,0.553,100
2017-07-27,lavington,0.98,94
2017-07-27,langata,0.836,82
2017-07-27,gigiri,0.422,100
2017-07-27,parklands,0.447,88
2017-07-27,upperhill,0.377,88
2017-07-27,kileleshwa,0.517,94
2017-07-27,runda,0.494,100
2017-07-27,muthaiga,0.712,100
2017-07-27,south-b,0.409,82
2017-07-27,south-c,0.57,76
2017-07-27,ngong-road,0.411,88
2017-07-27,thika-road,0.438,76
2017-07-28,westlands,0.765,85
2017-07-28,kilimani,0.61,80
2017-07-28,karen,0.602,85
2017-07-28,lavington,0.98,80
2017-07-28,langata,0.838,70
2017-07-28,gigiri,0.486,85
2017-07-28,parklands,0.509,75
2017-07-28,upperhill,0.448,75
2017-07-28,kileleshwa,0.573,80
2017-07-28,runda,0.545,85
2017-07-28,muthaiga,0.735,85
2017-07-28,south-b,0.478,70
2017-07-28,south-c,0.611,65
2017-07-28,ngong-road,0.476,75
2017-07-28,thika-road,0.506,65
2017-07-29,westlands,0.892,110
2017-07-29,kilimani,0.696,103
2017-07-29,karen,0.67,110
2017-07-29,lavington,0.98,103
2017-07-29,langata,0.98,90
2017-07-29,gigiri,0.529,110
2017-07-29,parklands,0.555,97
2017-07-29,upperhill,0.48,97
2017-07-29,kileleshwa,0.629,103
2017-07-29,runda,0.61,110
2017-07-29,muthaiga,0.847,110
2017-07-29,south-b,0.513,90
2017-07-29,south-c,0.692,84
2017-07-29,ngong-road,0.518,97
2017-07-29,thika-road,0.542,84
2017-07-30,westlands,0.79,90
2017-07-30,kilimani,0.627,85
2017-07-30,karen,0.615,90
2017-07-30,lavington,0.98,85
2017-07-30,langata,0.867,74
2017-07-30,gigiri,0.495,90
2017-07-30,parklands,0.518,79
2017-07-30,upperhill,0.454,79
2017-07-30,kileleshwa,0.584,85
2017-07-30,runda,0.558,90
2017-07-30,muthaiga,0.758,90
2017-07-30,south-b,0.485,74
2017-07-30,south-c,0.628,68
2017-07-30,ngong-road,0.484,79
2017-07-30,thika-road,0.513,68
2017-07-31,westlands,0.807,111
2017-07-31,kilimani,0.61,104
2017-07-31,karen,0.583,111
2017-07-31,lavington,0.98,104
2017-07-31,langata,0.9,91
2017-07-31,gigiri,0.441,111
2017-07-31,parklands,0.467,98
2017-07-31,upperhill,0.391,98
2017-07-31,kileleshwa,0.542,104
2017-07-31,runda,0.522,111
2017-07-31,muthaiga,0.761,111
2017-07-31,south-b,0.425,91
2017-07-31,south-c,0.605,84
2017-07-31,ngong-road,0.43,98
2017-07-31,thika-road,0.454,84
2017-08-01,westlands,0.756,101
2017-08-01,kilimani,0.575,95
2017-08-01,karen,0.555,101
2017-08-01,lavington,0.98,95
2017-08-01,langata,0.842,83
2017-08-01,gigiri,0.424,101
2017-08-01,parklands,0.448,89
2017-08-01,upperhill,0.378,89
2017-08-01,kileleshwa,0.519,95
2017-08-01,runda,0.496,101
2017-08-01,muthaiga,0.717,101
2017-08-01,south-b,0.411,83
2017-08-01,south-c,0.573,77
2017-08-01,ngong-road,0.413,89
2017-08-01,thika-road,0.439,77
2017-08-02,westlands,0.761,102
2017-08-02,kilimani,0.578,96
2017-08-02,karen,0.558,102
2017-08-02,lavington,0.98,96
2017-08-02,langata,0.848,84
2017-08-02,gigiri,0.425,102
2017-08-02,parklands,0.45,90
2017-08-02,upperhill,0.38,90
2017-08-02,kileleshwa,0.521,96
2017-08-02,runda,0.499,102
2017-08-02,muthaiga,0.721,102
2017-08-02,south-b,0.412,84
2017-08-02,south-c,0.576,78
2017-08-02,ngong-road,0.415,90
2017-08-02,thika-road,0.441,78
2017-08-03,westlands,0.787,107
2017-08-03,kilimani,0.596,101
2017-08-03,karen,0.572,107
2017-08-03,lavington,0.98,101
2017-08-03,langata,0.877,88
2017-08-03,gigiri,0.434,107
2017-08-03,parklands,0.459,94
2017-08-03,upperhill,0.386,94
2017-08-03,kileleshwa,0.533,101
2017-08-03,runda,0.512,107
2017-08-03,muthaiga,0.744,107
2017-08-03,south-b,0.419,88
2017-08-03,south-c,0.592,81
2017-08-03,ngong-road,0.423,94
2017-08-03,thika-road,0.448,81
2017-08-04,westlands,0.871,106
2017-08-04,kilimani,0.682,100
2017-08-04,karen,0.659,106
2017-08-04,lavington,0.98,100
2017-08-04,langata,0.961,87
2017-08-04,gigiri,0.522,106
2017-08-04,parklands,0.548,93
2017-08-04,upperhill,0.475,93
2017-08-04,kileleshwa,0.62,100
2017-08-04,runda,0.599,106
2017-08-04,muthaiga,0.829,106
2017-08-04,south-b,0.508,87
2017-08-04,south-c,0.679,81
2017-08-04,ngong-road,0.511,93
2017-08-04,thika-road,0.537,81
2017-08-05,westlands,0.785,89
2017-08-05,kilimani,0.623,84
2017-08-05,karen,0.613,89
2017-08-05,lavington,0.98,84
2017-08-05,langata,0.861,73
2017-08-05,gigiri,0.493,89
2017-08-05,parklands,0.517,78
2017-08-05,upperhill,0.453,78
2017-08-05,kileleshwa,0.582,84
2017-08-05,runda,0.555,89
2017-08-05,muthaiga,0.753,89
2017-08-05,south-b,0.484,73
2017-08-05,south-c,0.624,68
2017-08-05,ngong-road,0.482,78
2017-08-05,thika-road,0.512,68
2017-08-06,westlands,0.795,91
2017-08-06,kilimani,0.63,86
2017-08-06,karen,0.618,91
2017-08-06,lavington,0.98,86
2017-08-06,langata,0.873,75
2017-08-06,gigiri,0.497,91
2017-08-06,parklands,0.52,80
2017-08-06,upperhill,0.456,80
2017-08-06,kileleshwa,0.586,86
2017-08-06,runda,0.56,91
2017-08-06,muthaiga,0.762,91
2017-08-06,south-b,0.487,75
2017-08-06,south-c,0.631,69
2017-08-06,ngong-road,0.486,80
2017-08-06,thika-road,0.515,69
2017-08-07,westlands,0.898,129
2017-08-07,kilimani,0.672,121
2017-08-07,karen,0.632,129
2017-08-07,lavington,0.98,121
2017-08-07,langata,0.98,106
2017-08-07,gigiri,0.471,129
2017-08-07,parklands,0.5,114
2017-08-07,upperhill,0.414,114
2017-08-07,kileleshwa,0.582,121
2017-08-07,runda,0.569,129
2017-08-07,muthaiga,0.842,129
2017-08-07,south-b,0.45,106
2017-08-07,south-c,0.663,98
2017-08-07,ngong-road,0.46,114
2017-08-07,thika-road,0.48,98
2017-08-08,westlands,0.675,85
2017-08-08,kilimani,0.52,80
2017-08-08,karen,0.512,85
2017-08-08,lavington,0.98,80
2017-08-08,langata,0.748,70
2017-08-08,gigiri,0.396,85
2017-08-08,parklands,0.419,75
2017-08-08,upperhill,0.358,75
2017-08-08,kileleshwa,0.483,80
2017-08-08,runda,0.455,85
2017-08-08,muthaiga,0.645,85
2017-08-08,south-b,0.388,70
2017-08-08,south-c,0.521,65
2017-08-08,ngong-road,0.386,75
2017-08-08,thika-road,0.416,65
2017-08-09,westlands,0.726,95
2017-08-09,kilimani,0.554,89
2017-08-09,karen,0.539,95
2017-08-09,lavington,0.98,89
2017-08-09,langata,0.807,78
2017-08-09,gigiri,0.413,95
2017-08-09,parklands,0.438,84
2017-08-09,upperhill,0.371,84
2017-08-09,kileleshwa,0.505,89
2017-08-09,runda,0.481,95
2017-08-09,muthaiga,0.69,95
2017-08-09,south-b,0.402,78
2017-08-09,south-c,0.554,72
2017-08-09,ngong-road,0.403,84
2017-08-09,thika-road,0.43,72
2017-08-10,westlands,0.695,89
2017-08-10,kilimani,0.533,84
2017-08-10,karen,0.523,89
2017-08-10,lavington,0.98,84
2017-08-10,langata,0.771,73
2017-08-10,gigiri,0.403,89
2017-08-10,parklands,0.427,78
2017-08-10,upperhill,0.363,78
2017-08-10,kileleshwa,0.492,84
2017-08-10,runda,0.465,89
2017-08-10,muthaiga,0.663,89
2017-08-10,south-b,0.394,73
2017-08-10,south-c,0.534,68
2017-08-10,ngong-road,0.392,78
2017-08-10,thika-road,0.422,68
2017-08-11,westlands,0.709,74
2017-08-11,kilimani,0.571,70
2017-08-11,karen,0.572,74
2017-08-11,lavington,0.98,70
2017-08-11,langata,0.774,61
2017-08-11,gigiri,0.468,74
2017-08-11,parklands,0.489,65
2017-08-11,upperhill,0.434,65
2017-08-11,kileleshwa,0.548,70
2017-08-11,runda,0.516,74
2017-08-11,muthaiga,0.686,74
2017-08-11,south-b,0.463,61
2017-08-11,south-c,0.576,56
2017-08-11,ngong-road,0.457,65
2017-08-11,thika-road,0.49,56
2017-08-12,westlands,0.953,122
2017-08-12,kilimani,0.738,115
2017-08-12,karen,0.703,122
2017-08-12,lavington,0.98,115
2017-08-12,langata,0.98,100
2017-08-12,gigiri,0.549,122
2017-08-12,parklands,0.577,107
2017-08-12,upperhill,0.495,107
2017-08-12,kileleshwa,0.657,115
2017-08-12,runda,0.641,122
2017-08-12,muthaiga,0.901,122
2017-08-12,south-b,0.53,100
2017-08-12,south-c,0.731,93
2017-08-12,ngong-road,0.539,107
2017-08-12,thika-road,0.56,93
2017-08-13,westlands,0.8,92
2017-08-13,kilimani,0.634,86
2017-08-13,karen,0.621,92
2017-08-13,lavington,0.98,86
2017-08-13,langata,0.879,75
2017-08-13,gigiri,0.498,92
2017-08-13,parklands,0.522,81
2017-08-13,upperhill,0.457,81
2017-08-13,kileleshwa,0.589,86
2017-08-13,runda,0.563,92
2017-08-13,muthaiga,0.767,92
2017-08-13,south-b,0.488,75
2017-08-13,south-c,0.634,70
2017-08-13,ngong-road,0.488,81
2017-08-13,thika-road,0.516,70
2017-08-14,westlands,0.756,101
2017-08-14,kilimani,0.575,95
2017-08-14,karen,0.555,101
2017-08-14,lavington,0.98,95
2017-08-14,langata,0.842,83
2017-08-14,gigiri,0.424,101
2017-08-14,parklands,0.448,89
2017-08-14,upperhill,0.378,89
2017-08-14,kileleshwa,0.519,95
2017-08-14,runda,0.496,101
2017-08-14,muthaiga,0.717,101
2017-08-14,south-b,0.411,83
2017-08-14,south-c,0.573,77
2017-08-14,ngong-road,0.413,89
2017-08-14,thika-road,0.439,77
2017-08-15,westlands,0.741,98
2017-08-15,kilimani,0.565,92
2017-08-15,karen,0.547,98
2017-08-15,lavington,0.98,92
2017-08-15,langata,0.824,80
2017-08-15,gigiri,0.418,98
2017-08-15,parklands,0.443,86
2017-08-15,upperhill,0.375,86
2017-08-15,kileleshwa,0.512,92
2017-08-15,runda,0.488,98
2017-08-15,muthaiga,0.703,98
2017-08-15,south-b,0.407,80
2017-08-15,south-c,0.563,74
2017-08-15,ngong-road,0.408,86
2017-08-15,thika-road,0.435,74
2017-08-16,westlands,0.751,100
2017-08-16,kilimani,0.571,94
2017-08-16,karen,0.553,100
2017-08-16,lavington,0.98,94
2017-08-16,langata,0.836,82
2017-08-16,gigiri,0.422,100
2017-08-16,parklands,0.447,88
2017-08-16,upperhill,0.377,88
2017-08-16,kileleshwa,0.517,94
2017-08-16,runda,0.494,100
2017-08-16,muthaiga,0.712,100
2017-08-16,south-b,0.409,82
2017-08-16,south-c,0.57,76
2017-08-16,ngong-road,0.411,88
2017-08-16,thika-road,0.438,76
2017-08-17,westlands,0.792,108
2017-08-17,kilimani,0.599,102
2017-08-17,karen,0.575,108
2017-08-17,lavington,0.98,102
2017-08-17,langata,0.883,89
2017-08-17,gigiri,0.435,108
2017-08-17,parklands,0.461,95
2017-08-17,upperhill,0.387,95
2017-08-17,kileleshwa,0.535,102
2017-08-17,runda,0.514,108
2017-08-17,muthaiga,0.748,108
2017-08-17,south-b,0.42,89
2017-08-17,south-c,0.595,82
2017-08-17,ngong-road,0.425,95
2017-08-17,thika-road,0.45,82
2017-08-18,westlands,0.841,100
2017-08-18,kilimani,0.661,94
2017-08-18,karen,0.643,100
2017-08-18,lavington,0.98,94
2017-08-18,langata,0.926,82
2017-08-18,gigiri,0.512,100
2017-08-18,parklands,0.537,88
2017-08-18,upperhill,0.467,88
2017-08-18,kileleshwa,0.607,94
2017-08-18,runda,0.584,100
2017-08-18,muthaiga,0.802,100
2017-08-18,south-b,0.499,82
2017-08-18,south-c,0.66,76
2017-08-18,ngong-road,0.501,88
2017-08-18,thika-road,0.528,76
2017-08-19,westlands,0.866,105
2017-08-19,kilimani,0.679,99
2017-08-19,karen,0.656,105
2017-08-19,lavington,0.98,99
2017-08-19,langata,0.955,86
2017-08-19,gigiri,0.52,105
2017-08-19,parklands,0.546,92
2017-08-19,upperhill,0.474,92
2017-08-19,kileleshwa,0.618,99
2017-08-19,runda,0.597,105
2017-08-19,muthaiga,0.825,105
2017-08-19,south-b,0.506,86
2017-08-19,south-c,0.676,80
2017-08-19,ngong-road,0.51,92
2017-08-19,thika-road,0.535,80
2017-08-20,westlands,0.912,114
2017-08-20,kilimani,0.71,107
2017-08-20,karen,0.681,114
2017-08-20,lavington,0.98,107
2017-08-20,langata,0.98,93
2017-08-20,gigiri,0.536,114
2017-08-20,parklands,0.562,100
2017-08-20,upperhill,0.485,100
2017-08-20,kileleshwa,0.638,107
2017-08-20,runda,0.62,114
2017-08-20,muthaiga,0.865,114
2017-08-20,south-b,0.519,93
2017-08-20,south-c,0.705,87
2017-08-20,ngong-road,0.525,100
2017-08-20,thika-road,0.548,87
2017-08-21,westlands,0.761,102
2017-08-21,kilimani,0.578,96
2017-08-21,karen,0.558,102
2017-08-21,lavington,0.98,96
2017-08-21,langata,0.848,84
2017-08-21,gigiri,0.425,102
2017-08-21,parklands,0.45,90
2017-08-21,upperhill,0.38,90
2017-08-21,kileleshwa,0.521,96
2017-08-21,runda,0.499,102
2017-08-21,muthaiga,0.721,102
2017-08-21,south-b,0.412,84
2017-08-21,south-c,0.576,78
2017-08-21,ngong-road,0.415,90
2017-08-21,thika-road,0.441,78
2017-08-22,westlands,0.609,72
2017-08-22,kilimani,0.475,68
2017-08-22,karen,0.476,72
2017-08-22,lavington,0.929,68
2017-08-22,langata,0.672,59
2017-08-22,gigiri,0.374,72
2017-08-22,parklands,0.396,63
2017-08-22,upperhill,0.341,63
2017-08-22,kileleshwa,0.453,68
2017-08-22,runda,0.421,72
2017-08-22,muthaiga,0.587,72
2017-08-22,south-b,0.37,59
2017-08-22,south-c,0.48,55
2017-08-22,ngong-road,0.364,63
2017-08-22,thika-road,0.397,55
2017-08-23,westlands,0.69,88
2017-08-23,kilimani,0.53,83
2017-08-23,karen,0.52,88
2017-08-23,lavington,0.98,83
2017-08-23,langata,0.766,72
2017-08-23,gigiri,0.401,88
2017-08-23,parklands,0.425,77
2017-08-23,upperhill,0.362,77
2017-08-23,kileleshwa,0.489,83
2017-08-23,runda,0.463,88
2017-08-23,muthaiga,0.659,88
2017-08-23,south-b,0.393,72
2017-08-23,south-c,0.531,67
2017-08-23,ngong-road,0.391,77
2017-08-23,thika-road,0.42,67
2017-08-24,westlands,0.741,98
2017-08-24,kilimani,0.565,92
2017-08-24,karen,0.547,98
2017-08-24,lavington,0.98,92
2017-08-24,langata,0.824,80
2017-08-24,gigiri,0.418,98
2017-08-24,parklands,0.443,86
2017-08-24,upperhill,0.375,86
2017-08-24,kileleshwa,0.512,92
2017-08-24,runda,0.488,98
2017-08-24,muthaiga,0.703,98
2017-08-24,south-b,0.407,80
2017-08-24,south-c,0.563,74
2017-08-24,ngong-road,0.408,86
2017-08-24,thika-road,0.435,74
2017-08-25,westlands,0.98,140
2017-08-25,kilimani,0.8,132
2017-08-25,karen,0.752,140
2017-08-25,lavington,0.98,132
2017-08-25,langata,0.98,115
2017-08-25,gigiri,0.58,140
2017-08-25,parklands,0.61,123
2017-08-25,upperhill,0.518,123
2017-08-25,kileleshwa,0.697,132
2017-08-25,runda,0.687,140
2017-08-25,muthaiga,0.98,140
2017-08-25,south-b,0.555,115
2017-08-25,south-c,0.788,106
2017-08-25,ngong-road,0.569,123
2017-08-25,thika-road,0.586,106
2017-08-26,westlands,0.826,97
2017-08-26,kilimani,0.651,91
2017-08-26,karen,0.635,97
2017-08-26,lavington,0.98,91
2017-08-26,langata,0.908,80
2017-08-26,gigiri,0.507,97
2017-08-26,parklands,0.531,85
2017-08-26,upperhill,0.463,85
2017-08-26,kileleshwa,0.6,91
2017-08-26,runda,0.576,97
2017-08-26,muthaiga,0.789,97
2017-08-26,south-b,0.495,80
2017-08-26,south-c,0.65,74
2017-08-26,ngong-road,0.496,85
2017-08-26,thika-road,0.523,74
2017-08-27,westlands,0.968,125
2017-08-27,kilimani,0.748,118
2017-08-27,karen,0.711,125
2017-08-27,lavington,0.98,118
2017-08-27,langata,0.98,103
2017-08-27,gigiri,0.554,125
2017-08-27,parklands,0.582,110
2017-08-27,upperhill,0.499,110
2017-08-27,kileleshwa,0.663,118
2017-08-27,runda,0.649,125
2017-08-27,muthaiga,0.914,125
2017-08-27,south-b,0.534,103
2017-08-27,south-c,0.74,95
2017-08-27,ngong-road,0.544,110
2017-08-27,thika-road,0.564,95
2017-08-28,westlands,0.98,147
2017-08-28,kilimani,0.734,138
2017-08-28,karen,0.681,147
2017-08-28,lavington,0.98,138
2017-08-28,langata,0.98,121
2017-08-28,gigiri,0.502,147
2017-08-28,parklands,0.532,129
2017-08-28,upperhill,0.437,129
2017-08-28,kileleshwa,0.623,138
2017-08-28,runda,0.616,147
2017-08-28,muthaiga,0.922,147
2017-08-28,south-b,0.475,121
2017-08-28,south-c,0.721,112
2017-08-28,ngong-road,0.491,129
2017-08-28,thika-road,0.507,112
2017-08-29,westlands,0.655,81
2017-08-29,kilimani,0.506,76
2017-08-29,karen,0.501,81
2017-08-29,lavington,0.98,76
2017-08-29,langata,0.725,66
2017-08-29,gigiri,0.39,81
2017-08-29,parklands,0.412,71
2017-08-29,upperhill,0.353,71
2017-08-29,kileleshwa,0.474,76
2017-08-29,runda,0.444,81
2017-08-29,muthaiga,0.627,81
2017-08-29,south-b,0.383,66
2017-08-29,south-c,0.509,62
2017-08-29,ngong-road,0.379,71
2017-08-29,thika-road,0.41,62
2017-08-30,westlands,0.558,62
2017-08-30,kilimani,0.44,58
2017-08-30,karen,0.449,62
2017-08-30,lavington,0.835,58
2017-08-30,langata,0.613,51
2017-08-30,gigiri,0.357,62
2017-08-30,parklands,0.377,55
2017-08-30,upperhill,0.329,55
2017-08-30,kileleshwa,0.43,58
2017-08-30,runda,0.395,62
2017-08-30,muthaiga,0.542,62
2017-08-30,south-b,0.356,51
2017-08-30,south-c,0.447,47
2017-08-30,ngong-road,0.347,55
2017-08-30,thika-road,0.382,47
2017-08-31,westlands,0.695,89
2017-08-31,kilimani,0.533,84
2017-08-31,karen,0.523,89
2017-08-31,lavington,0.98,84
2017-08-31,langata,0.771,73
2017-08-31,gigiri,0.403,89
2017-08-31,parklands,0.427,78
2017-08-31,upperhill,0.363,78
2017-08-31,kileleshwa,0.492,84
2017-08-31,runda,0.465,89
2017-08-31,muthaiga,0.663,89
2017-08-31,south-b,0.394,73
2017-08-31,south-c,0.534,68
2017-08-31,ngong-road,0.392,78
2017-08-31,thika-road,0.422,68
